dataset,budget,sample_id,content_hash,vulnerable_probability,baseline_benign,captured
asterisk,0.01,asterisk:adv:0:2e9ea0e0b3b23c7a,2e9ea0e0b3b23c7aab04927352545b82d8f98e72ee3cabc8bd7a492c948acb8f,0.8744032179963378,0,0
asterisk,0.01,asterisk:adv:1:4a865f9adf06b400,4a865f9adf06b400608090c219bf7f13ef3117b5d0b8d4e8d3347d294fe2be48,0.812368005538718,0,0
asterisk,0.01,asterisk:adv:2:452c65ebe38babfb,452c65ebe38babfbcd8542da240a259a1135beca7b1cf6d8a2ecffa4b33ac574,0.0411749669621241,1,0
asterisk,0.01,asterisk:adv:3:d7319c29b6b90671,d7319c29b6b906718aa201a34e8d470c2f40f1128805e8b1c7587baef8417304,0.8452205898139126,0,0
asterisk,0.01,asterisk:adv:4:eda817c906a5fbb3,eda817c906a5fbb36a93e2144ce879a658fbd2eedf59eebb7c0a485f880f6f4e,0.9151995257263701,0,0
asterisk,0.01,asterisk:adv:5:86ef0259743d6c8c,86ef0259743d6c8c91967fa29088e83486d70b0675eb07d3ce32651060b0c00f,0.21951152079014863,1,0
asterisk,0.01,asterisk:adv:6:a2eec436b642c47d,a2eec436b642c47dba19f2891968706b9cf42eea975320bdb552952250434695,0.9037757328432998,0,0
asterisk,0.01,asterisk:adv:7:8abf9209b2aecbde,8abf9209b2aecbdeda4648c513eb5cfa827203ef696f6311459b4ff34587da83,0.2648156642582967,1,0
asterisk,0.01,asterisk:adv:8:a26edb90dda2aa50,a26edb90dda2aa50ed5f0e030347e5bfd86d75f80cdcf88dd1f8506104f26634,0.1578407874132116,1,0
asterisk,0.01,asterisk:adv:9:67f7f3f1fa0287a2,67f7f3f1fa0287a2021eb731a6a6f5522347cc611c0037eb6c4f3a7ed03a2ac5,0.8070026928788624,0,0
asterisk,0.01,asterisk:adv:10:6fe36d69de2f0c9a,6fe36d69de2f0c9ac6f652deb1e072349170a042743263dd1550aa98ea287241,0.1846024897300628,1,0
asterisk,0.01,asterisk:adv:11:40bb19d6e15b31f3,40bb19d6e15b31f340605516e0d28de587fb940aa197ae155c3542a08188ae6c,0.21338546011452095,1,0
asterisk,0.01,asterisk:adv:12:3fbcb2ffd2e909f2,3fbcb2ffd2e909f2c5507b5046c2abd902fc94015df7b6200dc004e14f93b0cd,0.8704738108537071,0,0
asterisk,0.01,asterisk:adv:13:d82d4512e4376180,d82d4512e43761808ac4721ffd23d539c9fbdd20416ec6981f86afa5433e5abe,0.8823131289877794,0,0
asterisk,0.01,asterisk:adv:14:a3e2eb240e1f73c1,a3e2eb240e1f73c14669125c5f1d6af8c7df3f2914acf96719db1206de96bd6c,0.5915405427485126,0,0
asterisk,0.01,asterisk:adv:15:30d334fbc1a331c5,30d334fbc1a331c5b7d5cf02e28f1808673209d663ff6a2d6bc0d11c8f52a1ff,0.020205823437455105,1,0
asterisk,0.01,asterisk:adv:16:e198b67f2370337a,e198b67f2370337a5028758f9cb9f1ae803504d9504ae4d4c0eb58fb3439e4ee,0.10373200939468186,1,0
asterisk,0.01,asterisk:adv:17:8283389bfbaa23e3,8283389bfbaa23e30581758ad5fa21cf86f248d3a6a2e68c6a7629951ff24f16,0.4202977813521772,1,1
asterisk,0.01,asterisk:adv:18:ef8c6d66c979e968,ef8c6d66c979e968787f08740475cac97ddc5ff89f323ab936fd61af35449059,0.015149362471656852,1,0
asterisk,0.01,asterisk:adv:19:976de423d429404c,976de423d429404c24d92a1b9ac41b8c04ea7f879944ca796e0dce6a21cf94d3,0.014994895786572307,1,0
asterisk,0.01,asterisk:adv:20:39d6e19abda7dac4,39d6e19abda7dac4df43661dce3f6644fd628e75148caf971fe3564c025e662f,0.10005542170743006,1,0
asterisk,0.01,asterisk:adv:21:f69c57745147a363,f69c57745147a3636da77804acb685e0a023b7500ff343b40fc5cf41dea5075b,0.10561092216884647,1,0
asterisk,0.01,asterisk:adv:22:cc0c238b94b0bf5a,cc0c238b94b0bf5a9a43e1841fce624e457b50f755ad0bccb81e5336836f5a27,0.9387751571808105,0,0
asterisk,0.01,asterisk:adv:23:0e666df50ef568fa,0e666df50ef568fa0571e6904af22f26ee51d2cd08678bcef3828e7deed27be5,0.06903919498177007,1,0
asterisk,0.01,asterisk:adv:24:0a6b9e516942982a,0a6b9e516942982a97524fd286a5d95d7eaffef0823e6e965d26e077995863a7,0.04417381955713477,1,0
asterisk,0.01,asterisk:adv:25:c0289c06b8112779,c0289c06b811277980542a4d6df4449848265a58e83c8a1d01f591fa4aa25fe5,0.0429132429482393,1,0
asterisk,0.01,asterisk:adv:26:c26dd3cf60ba0162,c26dd3cf60ba016251bea439a51ef8d98a93d811d013bcbd0ee35add65fe3f56,0.3457318831808952,1,0
asterisk,0.01,asterisk:adv:27:4f6126d9ec6ba9c9,4f6126d9ec6ba9c9380342c95b99ac4eb5809c600ef46723f3394a7e22128556,0.14698738746511214,1,0
asterisk,0.01,asterisk:adv:28:bbfae5d70a877ce1,bbfae5d70a877ce1e3636e1665701a6d29a2db4b71f08a3eae8963f968b2cdcf,0.5105458240879255,0,0
asterisk,0.01,asterisk:adv:29:fdd1f94de3f12af4,fdd1f94de3f12af43df26d11eed4edaf1b3f3da9cb8a00c5a0eeda677f49136b,0.3192499762269623,1,0
asterisk,0.01,asterisk:adv:30:e27777c0be567247,e27777c0be567247b6ef66bcdfeb5e22c8b75de2a9d84891c9a452160d21c69c,0.06523268133697281,1,0
asterisk,0.01,asterisk:adv:31:383cbdad3881c586,383cbdad3881c58648917a7c0946ceaae4c55b6ac900e5424c2a77550b04d20f,0.015149362471656852,1,0
asterisk,0.01,asterisk:adv:32:d5557ea90f824790,d5557ea90f82479074e4f34196e761eabf9262326cb47f6a979a97d35ad80db9,0.78309623505314,0,0
asterisk,0.01,asterisk:adv:33:552d59ab70d2f8f6,552d59ab70d2f8f61479187240928b55780bfa133c189b174873e2ee8fd7605f,0.9418354881807692,0,0
asterisk,0.01,asterisk:adv:34:94a69341672919ef,94a69341672919ef355b17052a538162ca5d7a1ec115d2dad2a67e017e81dd33,0.8258613881485259,0,0
asterisk,0.01,asterisk:adv:35:04d9c02468182669,04d9c024681826690dc268e80bd01cc8dba08f0aeeb047346d8c28cb8a7066fa,0.06496414071509686,1,0
asterisk,0.01,asterisk:adv:36:7f588bc682aaab6b,7f588bc682aaab6b3bbb265894d91d9ff6ba90ae792775110a8a1828bc9388d9,0.25164054464946617,1,0
asterisk,0.01,asterisk:adv:37:68f2d2758d50e596,68f2d2758d50e596a9ab9076e47e012df6afd7c4686b214624074bc7cab7cc6b,0.1257943989171332,1,0
asterisk,0.01,asterisk:adv:38:879f5ca75387c41e,879f5ca75387c41ee9521c8826c732e1567099d65e43e29c74fc981f17336448,0.04289364844547742,1,0
asterisk,0.01,asterisk:adv:39:ec5436cbadc9d63b,ec5436cbadc9d63be36278518adce4def6347b3516b50c3c57a86d818b5af7fb,0.9127870479934782,0,0
asterisk,0.01,asterisk:adv:40:f6db36ba5906d3b2,f6db36ba5906d3b295980c8064443c4fe8e4fd7c2ab51de0735a0df41191f579,0.019915355879648704,1,0
asterisk,0.01,asterisk:adv:41:de7ac0d197379039,de7ac0d1973790398937fff3b01dffbc028f406489510ca8a5c3f59e2032354a,0.2022524409710004,1,0
asterisk,0.01,asterisk:adv:42:9216e82b9eabdee6,9216e82b9eabdee6470ae1226afec0caf573e00aadafacbb31bc5ae7da5c8bc7,0.38538944818159104,1,0
asterisk,0.01,asterisk:adv:43:d8ef7b15c71437eb,d8ef7b15c71437eb3ef55ddf7ec80bc19e5a2c53ffe22be2027132cec45a961d,0.24371666749167598,1,0
asterisk,0.01,asterisk:adv:44:2348437a6bf3dd1d,2348437a6bf3dd1d3d3c12705936b9df365bd67b394480e5382f16f748a9e8b5,0.03228526553247749,1,0
asterisk,0.01,asterisk:adv:45:2d2364748c9d6b6d,2d2364748c9d6b6d5016a57083c798ef31def5c68d7dbfc05e04914d2b90b2b5,0.05365642110701263,1,0
asterisk,0.01,asterisk:adv:46:6ee530c5e250cbc1,6ee530c5e250cbc167071d74c462ebc284bd1cb64008643a12c81eb3207c5d7e,0.7947261411985345,0,0
asterisk,0.01,asterisk:adv:47:c7edfa8177162f55,c7edfa8177162f55d04d80041fd6a6bd0a54858b49571c9afbf0a98460246944,0.8521118464895466,0,0
asterisk,0.01,asterisk:adv:48:42311ece59cd7edf,42311ece59cd7edf907db3a36a395e98620f8b7fcae47b426c10dafb16f56813,0.03190816494872972,1,0
asterisk,0.01,asterisk:adv:49:49b5386f1e3f299e,49b5386f1e3f299e2f6230ad4772887e6193b5b16f1f2901f2bb802639913f5f,0.9047027101852466,0,0
asterisk,0.03,asterisk:adv:0:2e9ea0e0b3b23c7a,2e9ea0e0b3b23c7aab04927352545b82d8f98e72ee3cabc8bd7a492c948acb8f,0.8744032179963378,0,0
asterisk,0.03,asterisk:adv:1:4a865f9adf06b400,4a865f9adf06b400608090c219bf7f13ef3117b5d0b8d4e8d3347d294fe2be48,0.812368005538718,0,0
asterisk,0.03,asterisk:adv:2:452c65ebe38babfb,452c65ebe38babfbcd8542da240a259a1135beca7b1cf6d8a2ecffa4b33ac574,0.0411749669621241,1,0
asterisk,0.03,asterisk:adv:3:d7319c29b6b90671,d7319c29b6b906718aa201a34e8d470c2f40f1128805e8b1c7587baef8417304,0.8452205898139126,0,0
asterisk,0.03,asterisk:adv:4:eda817c906a5fbb3,eda817c906a5fbb36a93e2144ce879a658fbd2eedf59eebb7c0a485f880f6f4e,0.9151995257263701,0,0
asterisk,0.03,asterisk:adv:5:86ef0259743d6c8c,86ef0259743d6c8c91967fa29088e83486d70b0675eb07d3ce32651060b0c00f,0.21951152079014863,1,0
asterisk,0.03,asterisk:adv:6:a2eec436b642c47d,a2eec436b642c47dba19f2891968706b9cf42eea975320bdb552952250434695,0.9037757328432998,0,0
asterisk,0.03,asterisk:adv:7:8abf9209b2aecbde,8abf9209b2aecbdeda4648c513eb5cfa827203ef696f6311459b4ff34587da83,0.2648156642582967,1,0
asterisk,0.03,asterisk:adv:8:a26edb90dda2aa50,a26edb90dda2aa50ed5f0e030347e5bfd86d75f80cdcf88dd1f8506104f26634,0.1578407874132116,1,0
asterisk,0.03,asterisk:adv:9:67f7f3f1fa0287a2,67f7f3f1fa0287a2021eb731a6a6f5522347cc611c0037eb6c4f3a7ed03a2ac5,0.8070026928788624,0,0
asterisk,0.03,asterisk:adv:10:6fe36d69de2f0c9a,6fe36d69de2f0c9ac6f652deb1e072349170a042743263dd1550aa98ea287241,0.1846024897300628,1,0
asterisk,0.03,asterisk:adv:11:40bb19d6e15b31f3,40bb19d6e15b31f340605516e0d28de587fb940aa197ae155c3542a08188ae6c,0.21338546011452095,1,0
asterisk,0.03,asterisk:adv:12:3fbcb2ffd2e909f2,3fbcb2ffd2e909f2c5507b5046c2abd902fc94015df7b6200dc004e14f93b0cd,0.8704738108537071,0,0
asterisk,0.03,asterisk:adv:13:d82d4512e4376180,d82d4512e43761808ac4721ffd23d539c9fbdd20416ec6981f86afa5433e5abe,0.8823131289877794,0,0
asterisk,0.03,asterisk:adv:14:a3e2eb240e1f73c1,a3e2eb240e1f73c14669125c5f1d6af8c7df3f2914acf96719db1206de96bd6c,0.5915405427485126,0,0
asterisk,0.03,asterisk:adv:15:30d334fbc1a331c5,30d334fbc1a331c5b7d5cf02e28f1808673209d663ff6a2d6bc0d11c8f52a1ff,0.020205823437455105,1,0
asterisk,0.03,asterisk:adv:16:e198b67f2370337a,e198b67f2370337a5028758f9cb9f1ae803504d9504ae4d4c0eb58fb3439e4ee,0.10373200939468186,1,0
asterisk,0.03,asterisk:adv:17:8283389bfbaa23e3,8283389bfbaa23e30581758ad5fa21cf86f248d3a6a2e68c6a7629951ff24f16,0.4202977813521772,1,1
asterisk,0.03,asterisk:adv:18:ef8c6d66c979e968,ef8c6d66c979e968787f08740475cac97ddc5ff89f323ab936fd61af35449059,0.015149362471656852,1,0
asterisk,0.03,asterisk:adv:19:976de423d429404c,976de423d429404c24d92a1b9ac41b8c04ea7f879944ca796e0dce6a21cf94d3,0.014994895786572307,1,0
asterisk,0.03,asterisk:adv:20:39d6e19abda7dac4,39d6e19abda7dac4df43661dce3f6644fd628e75148caf971fe3564c025e662f,0.10005542170743006,1,0
asterisk,0.03,asterisk:adv:21:f69c57745147a363,f69c57745147a3636da77804acb685e0a023b7500ff343b40fc5cf41dea5075b,0.10561092216884647,1,0
asterisk,0.03,asterisk:adv:22:cc0c238b94b0bf5a,cc0c238b94b0bf5a9a43e1841fce624e457b50f755ad0bccb81e5336836f5a27,0.9387751571808105,0,0
asterisk,0.03,asterisk:adv:23:0e666df50ef568fa,0e666df50ef568fa0571e6904af22f26ee51d2cd08678bcef3828e7deed27be5,0.06903919498177007,1,0
asterisk,0.03,asterisk:adv:24:0a6b9e516942982a,0a6b9e516942982a97524fd286a5d95d7eaffef0823e6e965d26e077995863a7,0.04417381955713477,1,0
asterisk,0.03,asterisk:adv:25:c0289c06b8112779,c0289c06b811277980542a4d6df4449848265a58e83c8a1d01f591fa4aa25fe5,0.0429132429482393,1,0
asterisk,0.03,asterisk:adv:26:c26dd3cf60ba0162,c26dd3cf60ba016251bea439a51ef8d98a93d811d013bcbd0ee35add65fe3f56,0.3457318831808952,1,0
asterisk,0.03,asterisk:adv:27:4f6126d9ec6ba9c9,4f6126d9ec6ba9c9380342c95b99ac4eb5809c600ef46723f3394a7e22128556,0.14698738746511214,1,0
asterisk,0.03,asterisk:adv:28:bbfae5d70a877ce1,bbfae5d70a877ce1e3636e1665701a6d29a2db4b71f08a3eae8963f968b2cdcf,0.5105458240879255,0,0
asterisk,0.03,asterisk:adv:29:fdd1f94de3f12af4,fdd1f94de3f12af43df26d11eed4edaf1b3f3da9cb8a00c5a0eeda677f49136b,0.3192499762269623,1,0
asterisk,0.03,asterisk:adv:30:e27777c0be567247,e27777c0be567247b6ef66bcdfeb5e22c8b75de2a9d84891c9a452160d21c69c,0.06523268133697281,1,0
asterisk,0.03,asterisk:adv:31:383cbdad3881c586,383cbdad3881c58648917a7c0946ceaae4c55b6ac900e5424c2a77550b04d20f,0.015149362471656852,1,0
asterisk,0.03,asterisk:adv:32:d5557ea90f824790,d5557ea90f82479074e4f34196e761eabf9262326cb47f6a979a97d35ad80db9,0.78309623505314,0,0
asterisk,0.03,asterisk:adv:33:552d59ab70d2f8f6,552d59ab70d2f8f61479187240928b55780bfa133c189b174873e2ee8fd7605f,0.9418354881807692,0,0
asterisk,0.03,asterisk:adv:34:94a69341672919ef,94a69341672919ef355b17052a538162ca5d7a1ec115d2dad2a67e017e81dd33,0.8258613881485259,0,0
asterisk,0.03,asterisk:adv:35:04d9c02468182669,04d9c024681826690dc268e80bd01cc8dba08f0aeeb047346d8c28cb8a7066fa,0.06496414071509686,1,0
asterisk,0.03,asterisk:adv:36:7f588bc682aaab6b,7f588bc682aaab6b3bbb265894d91d9ff6ba90ae792775110a8a1828bc9388d9,0.25164054464946617,1,0
asterisk,0.03,asterisk:adv:37:68f2d2758d50e596,68f2d2758d50e596a9ab9076e47e012df6afd7c4686b214624074bc7cab7cc6b,0.1257943989171332,1,0
asterisk,0.03,asterisk:adv:38:879f5ca75387c41e,879f5ca75387c41ee9521c8826c732e1567099d65e43e29c74fc981f17336448,0.04289364844547742,1,0
asterisk,0.03,asterisk:adv:39:ec5436cbadc9d63b,ec5436cbadc9d63be36278518adce4def6347b3516b50c3c57a86d818b5af7fb,0.9127870479934782,0,0
asterisk,0.03,asterisk:adv:40:f6db36ba5906d3b2,f6db36ba5906d3b295980c8064443c4fe8e4fd7c2ab51de0735a0df41191f579,0.019915355879648704,1,0
asterisk,0.03,asterisk:adv:41:de7ac0d197379039,de7ac0d1973790398937fff3b01dffbc028f406489510ca8a5c3f59e2032354a,0.2022524409710004,1,0
asterisk,0.03,asterisk:adv:42:9216e82b9eabdee6,9216e82b9eabdee6470ae1226afec0caf573e00aadafacbb31bc5ae7da5c8bc7,0.38538944818159104,1,0
asterisk,0.03,asterisk:adv:43:d8ef7b15c71437eb,d8ef7b15c71437eb3ef55ddf7ec80bc19e5a2c53ffe22be2027132cec45a961d,0.24371666749167598,1,0
asterisk,0.03,asterisk:adv:44:2348437a6bf3dd1d,2348437a6bf3dd1d3d3c12705936b9df365bd67b394480e5382f16f748a9e8b5,0.03228526553247749,1,0
asterisk,0.03,asterisk:adv:45:2d2364748c9d6b6d,2d2364748c9d6b6d5016a57083c798ef31def5c68d7dbfc05e04914d2b90b2b5,0.05365642110701263,1,0
asterisk,0.03,asterisk:adv:46:6ee530c5e250cbc1,6ee530c5e250cbc167071d74c462ebc284bd1cb64008643a12c81eb3207c5d7e,0.7947261411985345,0,0
asterisk,0.03,asterisk:adv:47:c7edfa8177162f55,c7edfa8177162f55d04d80041fd6a6bd0a54858b49571c9afbf0a98460246944,0.8521118464895466,0,0
asterisk,0.03,asterisk:adv:48:42311ece59cd7edf,42311ece59cd7edf907db3a36a395e98620f8b7fcae47b426c10dafb16f56813,0.03190816494872972,1,0
asterisk,0.03,asterisk:adv:49:49b5386f1e3f299e,49b5386f1e3f299e2f6230ad4772887e6193b5b16f1f2901f2bb802639913f5f,0.9047027101852466,0,0
asterisk,0.05,asterisk:adv:0:2e9ea0e0b3b23c7a,2e9ea0e0b3b23c7aab04927352545b82d8f98e72ee3cabc8bd7a492c948acb8f,0.8744032179963378,0,0
asterisk,0.05,asterisk:adv:1:4a865f9adf06b400,4a865f9adf06b400608090c219bf7f13ef3117b5d0b8d4e8d3347d294fe2be48,0.812368005538718,0,0
asterisk,0.05,asterisk:adv:2:452c65ebe38babfb,452c65ebe38babfbcd8542da240a259a1135beca7b1cf6d8a2ecffa4b33ac574,0.0411749669621241,1,0
asterisk,0.05,asterisk:adv:3:d7319c29b6b90671,d7319c29b6b906718aa201a34e8d470c2f40f1128805e8b1c7587baef8417304,0.8452205898139126,0,0
asterisk,0.05,asterisk:adv:4:eda817c906a5fbb3,eda817c906a5fbb36a93e2144ce879a658fbd2eedf59eebb7c0a485f880f6f4e,0.9151995257263701,0,0
asterisk,0.05,asterisk:adv:5:86ef0259743d6c8c,86ef0259743d6c8c91967fa29088e83486d70b0675eb07d3ce32651060b0c00f,0.21951152079014863,1,0
asterisk,0.05,asterisk:adv:6:a2eec436b642c47d,a2eec436b642c47dba19f2891968706b9cf42eea975320bdb552952250434695,0.9037757328432998,0,0
asterisk,0.05,asterisk:adv:7:8abf9209b2aecbde,8abf9209b2aecbdeda4648c513eb5cfa827203ef696f6311459b4ff34587da83,0.2648156642582967,1,0
asterisk,0.05,asterisk:adv:8:a26edb90dda2aa50,a26edb90dda2aa50ed5f0e030347e5bfd86d75f80cdcf88dd1f8506104f26634,0.1578407874132116,1,0
asterisk,0.05,asterisk:adv:9:67f7f3f1fa0287a2,67f7f3f1fa0287a2021eb731a6a6f5522347cc611c0037eb6c4f3a7ed03a2ac5,0.8070026928788624,0,0
asterisk,0.05,asterisk:adv:10:6fe36d69de2f0c9a,6fe36d69de2f0c9ac6f652deb1e072349170a042743263dd1550aa98ea287241,0.1846024897300628,1,0
asterisk,0.05,asterisk:adv:11:40bb19d6e15b31f3,40bb19d6e15b31f340605516e0d28de587fb940aa197ae155c3542a08188ae6c,0.21338546011452095,1,0
asterisk,0.05,asterisk:adv:12:3fbcb2ffd2e909f2,3fbcb2ffd2e909f2c5507b5046c2abd902fc94015df7b6200dc004e14f93b0cd,0.8704738108537071,0,0
asterisk,0.05,asterisk:adv:13:d82d4512e4376180,d82d4512e43761808ac4721ffd23d539c9fbdd20416ec6981f86afa5433e5abe,0.8823131289877794,0,0
asterisk,0.05,asterisk:adv:14:a3e2eb240e1f73c1,a3e2eb240e1f73c14669125c5f1d6af8c7df3f2914acf96719db1206de96bd6c,0.5915405427485126,0,0
asterisk,0.05,asterisk:adv:15:30d334fbc1a331c5,30d334fbc1a331c5b7d5cf02e28f1808673209d663ff6a2d6bc0d11c8f52a1ff,0.020205823437455105,1,0
asterisk,0.05,asterisk:adv:16:e198b67f2370337a,e198b67f2370337a5028758f9cb9f1ae803504d9504ae4d4c0eb58fb3439e4ee,0.10373200939468186,1,0
asterisk,0.05,asterisk:adv:17:8283389bfbaa23e3,8283389bfbaa23e30581758ad5fa21cf86f248d3a6a2e68c6a7629951ff24f16,0.4202977813521772,1,1
asterisk,0.05,asterisk:adv:18:ef8c6d66c979e968,ef8c6d66c979e968787f08740475cac97ddc5ff89f323ab936fd61af35449059,0.015149362471656852,1,0
asterisk,0.05,asterisk:adv:19:976de423d429404c,976de423d429404c24d92a1b9ac41b8c04ea7f879944ca796e0dce6a21cf94d3,0.014994895786572307,1,0
asterisk,0.05,asterisk:adv:20:39d6e19abda7dac4,39d6e19abda7dac4df43661dce3f6644fd628e75148caf971fe3564c025e662f,0.10005542170743006,1,0
asterisk,0.05,asterisk:adv:21:f69c57745147a363,f69c57745147a3636da77804acb685e0a023b7500ff343b40fc5cf41dea5075b,0.10561092216884647,1,0
asterisk,0.05,asterisk:adv:22:cc0c238b94b0bf5a,cc0c238b94b0bf5a9a43e1841fce624e457b50f755ad0bccb81e5336836f5a27,0.9387751571808105,0,0
asterisk,0.05,asterisk:adv:23:0e666df50ef568fa,0e666df50ef568fa0571e6904af22f26ee51d2cd08678bcef3828e7deed27be5,0.06903919498177007,1,0
asterisk,0.05,asterisk:adv:24:0a6b9e516942982a,0a6b9e516942982a97524fd286a5d95d7eaffef0823e6e965d26e077995863a7,0.04417381955713477,1,0
asterisk,0.05,asterisk:adv:25:c0289c06b8112779,c0289c06b811277980542a4d6df4449848265a58e83c8a1d01f591fa4aa25fe5,0.0429132429482393,1,0
asterisk,0.05,asterisk:adv:26:c26dd3cf60ba0162,c26dd3cf60ba016251bea439a51ef8d98a93d811d013bcbd0ee35add65fe3f56,0.3457318831808952,1,0
asterisk,0.05,asterisk:adv:27:4f6126d9ec6ba9c9,4f6126d9ec6ba9c9380342c95b99ac4eb5809c600ef46723f3394a7e22128556,0.14698738746511214,1,0
asterisk,0.05,asterisk:adv:28:bbfae5d70a877ce1,bbfae5d70a877ce1e3636e1665701a6d29a2db4b71f08a3eae8963f968b2cdcf,0.5105458240879255,0,0
asterisk,0.05,asterisk:adv:29:fdd1f94de3f12af4,fdd1f94de3f12af43df26d11eed4edaf1b3f3da9cb8a00c5a0eeda677f49136b,0.3192499762269623,1,0
asterisk,0.05,asterisk:adv:30:e27777c0be567247,e27777c0be567247b6ef66bcdfeb5e22c8b75de2a9d84891c9a452160d21c69c,0.06523268133697281,1,0
asterisk,0.05,asterisk:adv:31:383cbdad3881c586,383cbdad3881c58648917a7c0946ceaae4c55b6ac900e5424c2a77550b04d20f,0.015149362471656852,1,0
asterisk,0.05,asterisk:adv:32:d5557ea90f824790,d5557ea90f82479074e4f34196e761eabf9262326cb47f6a979a97d35ad80db9,0.78309623505314,0,0
asterisk,0.05,asterisk:adv:33:552d59ab70d2f8f6,552d59ab70d2f8f61479187240928b55780bfa133c189b174873e2ee8fd7605f,0.9418354881807692,0,0
asterisk,0.05,asterisk:adv:34:94a69341672919ef,94a69341672919ef355b17052a538162ca5d7a1ec115d2dad2a67e017e81dd33,0.8258613881485259,0,0
asterisk,0.05,asterisk:adv:35:04d9c02468182669,04d9c024681826690dc268e80bd01cc8dba08f0aeeb047346d8c28cb8a7066fa,0.06496414071509686,1,0
asterisk,0.05,asterisk:adv:36:7f588bc682aaab6b,7f588bc682aaab6b3bbb265894d91d9ff6ba90ae792775110a8a1828bc9388d9,0.25164054464946617,1,0
asterisk,0.05,asterisk:adv:37:68f2d2758d50e596,68f2d2758d50e596a9ab9076e47e012df6afd7c4686b214624074bc7cab7cc6b,0.1257943989171332,1,0
asterisk,0.05,asterisk:adv:38:879f5ca75387c41e,879f5ca75387c41ee9521c8826c732e1567099d65e43e29c74fc981f17336448,0.04289364844547742,1,0
asterisk,0.05,asterisk:adv:39:ec5436cbadc9d63b,ec5436cbadc9d63be36278518adce4def6347b3516b50c3c57a86d818b5af7fb,0.9127870479934782,0,0
asterisk,0.05,asterisk:adv:40:f6db36ba5906d3b2,f6db36ba5906d3b295980c8064443c4fe8e4fd7c2ab51de0735a0df41191f579,0.019915355879648704,1,0
asterisk,0.05,asterisk:adv:41:de7ac0d197379039,de7ac0d1973790398937fff3b01dffbc028f406489510ca8a5c3f59e2032354a,0.2022524409710004,1,0
asterisk,0.05,asterisk:adv:42:9216e82b9eabdee6,9216e82b9eabdee6470ae1226afec0caf573e00aadafacbb31bc5ae7da5c8bc7,0.38538944818159104,1,1
asterisk,0.05,asterisk:adv:43:d8ef7b15c71437eb,d8ef7b15c71437eb3ef55ddf7ec80bc19e5a2c53ffe22be2027132cec45a961d,0.24371666749167598,1,0
asterisk,0.05,asterisk:adv:44:2348437a6bf3dd1d,2348437a6bf3dd1d3d3c12705936b9df365bd67b394480e5382f16f748a9e8b5,0.03228526553247749,1,0
asterisk,0.05,asterisk:adv:45:2d2364748c9d6b6d,2d2364748c9d6b6d5016a57083c798ef31def5c68d7dbfc05e04914d2b90b2b5,0.05365642110701263,1,0
asterisk,0.05,asterisk:adv:46:6ee530c5e250cbc1,6ee530c5e250cbc167071d74c462ebc284bd1cb64008643a12c81eb3207c5d7e,0.7947261411985345,0,0
asterisk,0.05,asterisk:adv:47:c7edfa8177162f55,c7edfa8177162f55d04d80041fd6a6bd0a54858b49571c9afbf0a98460246944,0.8521118464895466,0,0
asterisk,0.05,asterisk:adv:48:42311ece59cd7edf,42311ece59cd7edf907db3a36a395e98620f8b7fcae47b426c10dafb16f56813,0.03190816494872972,1,0
asterisk,0.05,asterisk:adv:49:49b5386f1e3f299e,49b5386f1e3f299e2f6230ad4772887e6193b5b16f1f2901f2bb802639913f5f,0.9047027101852466,0,0
asterisk,0.1,asterisk:adv:0:2e9ea0e0b3b23c7a,2e9ea0e0b3b23c7aab04927352545b82d8f98e72ee3cabc8bd7a492c948acb8f,0.8744032179963378,0,0
asterisk,0.1,asterisk:adv:1:4a865f9adf06b400,4a865f9adf06b400608090c219bf7f13ef3117b5d0b8d4e8d3347d294fe2be48,0.812368005538718,0,0
asterisk,0.1,asterisk:adv:2:452c65ebe38babfb,452c65ebe38babfbcd8542da240a259a1135beca7b1cf6d8a2ecffa4b33ac574,0.0411749669621241,1,0
asterisk,0.1,asterisk:adv:3:d7319c29b6b90671,d7319c29b6b906718aa201a34e8d470c2f40f1128805e8b1c7587baef8417304,0.8452205898139126,0,0
asterisk,0.1,asterisk:adv:4:eda817c906a5fbb3,eda817c906a5fbb36a93e2144ce879a658fbd2eedf59eebb7c0a485f880f6f4e,0.9151995257263701,0,0
asterisk,0.1,asterisk:adv:5:86ef0259743d6c8c,86ef0259743d6c8c91967fa29088e83486d70b0675eb07d3ce32651060b0c00f,0.21951152079014863,1,0
asterisk,0.1,asterisk:adv:6:a2eec436b642c47d,a2eec436b642c47dba19f2891968706b9cf42eea975320bdb552952250434695,0.9037757328432998,0,0
asterisk,0.1,asterisk:adv:7:8abf9209b2aecbde,8abf9209b2aecbdeda4648c513eb5cfa827203ef696f6311459b4ff34587da83,0.2648156642582967,1,0
asterisk,0.1,asterisk:adv:8:a26edb90dda2aa50,a26edb90dda2aa50ed5f0e030347e5bfd86d75f80cdcf88dd1f8506104f26634,0.1578407874132116,1,0
asterisk,0.1,asterisk:adv:9:67f7f3f1fa0287a2,67f7f3f1fa0287a2021eb731a6a6f5522347cc611c0037eb6c4f3a7ed03a2ac5,0.8070026928788624,0,0
asterisk,0.1,asterisk:adv:10:6fe36d69de2f0c9a,6fe36d69de2f0c9ac6f652deb1e072349170a042743263dd1550aa98ea287241,0.1846024897300628,1,0
asterisk,0.1,asterisk:adv:11:40bb19d6e15b31f3,40bb19d6e15b31f340605516e0d28de587fb940aa197ae155c3542a08188ae6c,0.21338546011452095,1,0
asterisk,0.1,asterisk:adv:12:3fbcb2ffd2e909f2,3fbcb2ffd2e909f2c5507b5046c2abd902fc94015df7b6200dc004e14f93b0cd,0.8704738108537071,0,0
asterisk,0.1,asterisk:adv:13:d82d4512e4376180,d82d4512e43761808ac4721ffd23d539c9fbdd20416ec6981f86afa5433e5abe,0.8823131289877794,0,0
asterisk,0.1,asterisk:adv:14:a3e2eb240e1f73c1,a3e2eb240e1f73c14669125c5f1d6af8c7df3f2914acf96719db1206de96bd6c,0.5915405427485126,0,0
asterisk,0.1,asterisk:adv:15:30d334fbc1a331c5,30d334fbc1a331c5b7d5cf02e28f1808673209d663ff6a2d6bc0d11c8f52a1ff,0.020205823437455105,1,0
asterisk,0.1,asterisk:adv:16:e198b67f2370337a,e198b67f2370337a5028758f9cb9f1ae803504d9504ae4d4c0eb58fb3439e4ee,0.10373200939468186,1,0
asterisk,0.1,asterisk:adv:17:8283389bfbaa23e3,8283389bfbaa23e30581758ad5fa21cf86f248d3a6a2e68c6a7629951ff24f16,0.4202977813521772,1,1
asterisk,0.1,asterisk:adv:18:ef8c6d66c979e968,ef8c6d66c979e968787f08740475cac97ddc5ff89f323ab936fd61af35449059,0.015149362471656852,1,0
asterisk,0.1,asterisk:adv:19:976de423d429404c,976de423d429404c24d92a1b9ac41b8c04ea7f879944ca796e0dce6a21cf94d3,0.014994895786572307,1,0
asterisk,0.1,asterisk:adv:20:39d6e19abda7dac4,39d6e19abda7dac4df43661dce3f6644fd628e75148caf971fe3564c025e662f,0.10005542170743006,1,0
asterisk,0.1,asterisk:adv:21:f69c57745147a363,f69c57745147a3636da77804acb685e0a023b7500ff343b40fc5cf41dea5075b,0.10561092216884647,1,0
asterisk,0.1,asterisk:adv:22:cc0c238b94b0bf5a,cc0c238b94b0bf5a9a43e1841fce624e457b50f755ad0bccb81e5336836f5a27,0.9387751571808105,0,0
asterisk,0.1,asterisk:adv:23:0e666df50ef568fa,0e666df50ef568fa0571e6904af22f26ee51d2cd08678bcef3828e7deed27be5,0.06903919498177007,1,0
asterisk,0.1,asterisk:adv:24:0a6b9e516942982a,0a6b9e516942982a97524fd286a5d95d7eaffef0823e6e965d26e077995863a7,0.04417381955713477,1,0
asterisk,0.1,asterisk:adv:25:c0289c06b8112779,c0289c06b811277980542a4d6df4449848265a58e83c8a1d01f591fa4aa25fe5,0.0429132429482393,1,0
asterisk,0.1,asterisk:adv:26:c26dd3cf60ba0162,c26dd3cf60ba016251bea439a51ef8d98a93d811d013bcbd0ee35add65fe3f56,0.3457318831808952,1,1
asterisk,0.1,asterisk:adv:27:4f6126d9ec6ba9c9,4f6126d9ec6ba9c9380342c95b99ac4eb5809c600ef46723f3394a7e22128556,0.14698738746511214,1,0
asterisk,0.1,asterisk:adv:28:bbfae5d70a877ce1,bbfae5d70a877ce1e3636e1665701a6d29a2db4b71f08a3eae8963f968b2cdcf,0.5105458240879255,0,0
asterisk,0.1,asterisk:adv:29:fdd1f94de3f12af4,fdd1f94de3f12af43df26d11eed4edaf1b3f3da9cb8a00c5a0eeda677f49136b,0.3192499762269623,1,1
asterisk,0.1,asterisk:adv:30:e27777c0be567247,e27777c0be567247b6ef66bcdfeb5e22c8b75de2a9d84891c9a452160d21c69c,0.06523268133697281,1,0
asterisk,0.1,asterisk:adv:31:383cbdad3881c586,383cbdad3881c58648917a7c0946ceaae4c55b6ac900e5424c2a77550b04d20f,0.015149362471656852,1,0
asterisk,0.1,asterisk:adv:32:d5557ea90f824790,d5557ea90f82479074e4f34196e761eabf9262326cb47f6a979a97d35ad80db9,0.78309623505314,0,0
asterisk,0.1,asterisk:adv:33:552d59ab70d2f8f6,552d59ab70d2f8f61479187240928b55780bfa133c189b174873e2ee8fd7605f,0.9418354881807692,0,0
asterisk,0.1,asterisk:adv:34:94a69341672919ef,94a69341672919ef355b17052a538162ca5d7a1ec115d2dad2a67e017e81dd33,0.8258613881485259,0,0
asterisk,0.1,asterisk:adv:35:04d9c02468182669,04d9c024681826690dc268e80bd01cc8dba08f0aeeb047346d8c28cb8a7066fa,0.06496414071509686,1,0
asterisk,0.1,asterisk:adv:36:7f588bc682aaab6b,7f588bc682aaab6b3bbb265894d91d9ff6ba90ae792775110a8a1828bc9388d9,0.25164054464946617,1,0
asterisk,0.1,asterisk:adv:37:68f2d2758d50e596,68f2d2758d50e596a9ab9076e47e012df6afd7c4686b214624074bc7cab7cc6b,0.1257943989171332,1,0
asterisk,0.1,asterisk:adv:38:879f5ca75387c41e,879f5ca75387c41ee9521c8826c732e1567099d65e43e29c74fc981f17336448,0.04289364844547742,1,0
asterisk,0.1,asterisk:adv:39:ec5436cbadc9d63b,ec5436cbadc9d63be36278518adce4def6347b3516b50c3c57a86d818b5af7fb,0.9127870479934782,0,0
asterisk,0.1,asterisk:adv:40:f6db36ba5906d3b2,f6db36ba5906d3b295980c8064443c4fe8e4fd7c2ab51de0735a0df41191f579,0.019915355879648704,1,0
asterisk,0.1,asterisk:adv:41:de7ac0d197379039,de7ac0d1973790398937fff3b01dffbc028f406489510ca8a5c3f59e2032354a,0.2022524409710004,1,0
asterisk,0.1,asterisk:adv:42:9216e82b9eabdee6,9216e82b9eabdee6470ae1226afec0caf573e00aadafacbb31bc5ae7da5c8bc7,0.38538944818159104,1,1
asterisk,0.1,asterisk:adv:43:d8ef7b15c71437eb,d8ef7b15c71437eb3ef55ddf7ec80bc19e5a2c53ffe22be2027132cec45a961d,0.24371666749167598,1,0
asterisk,0.1,asterisk:adv:44:2348437a6bf3dd1d,2348437a6bf3dd1d3d3c12705936b9df365bd67b394480e5382f16f748a9e8b5,0.03228526553247749,1,0
asterisk,0.1,asterisk:adv:45:2d2364748c9d6b6d,2d2364748c9d6b6d5016a57083c798ef31def5c68d7dbfc05e04914d2b90b2b5,0.05365642110701263,1,0
asterisk,0.1,asterisk:adv:46:6ee530c5e250cbc1,6ee530c5e250cbc167071d74c462ebc284bd1cb64008643a12c81eb3207c5d7e,0.7947261411985345,0,0
asterisk,0.1,asterisk:adv:47:c7edfa8177162f55,c7edfa8177162f55d04d80041fd6a6bd0a54858b49571c9afbf0a98460246944,0.8521118464895466,0,0
asterisk,0.1,asterisk:adv:48:42311ece59cd7edf,42311ece59cd7edf907db3a36a395e98620f8b7fcae47b426c10dafb16f56813,0.03190816494872972,1,0
asterisk,0.1,asterisk:adv:49:49b5386f1e3f299e,49b5386f1e3f299e2f6230ad4772887e6193b5b16f1f2901f2bb802639913f5f,0.9047027101852466,0,0
asterisk,0.15,asterisk:adv:0:2e9ea0e0b3b23c7a,2e9ea0e0b3b23c7aab04927352545b82d8f98e72ee3cabc8bd7a492c948acb8f,0.8744032179963378,0,0
asterisk,0.15,asterisk:adv:1:4a865f9adf06b400,4a865f9adf06b400608090c219bf7f13ef3117b5d0b8d4e8d3347d294fe2be48,0.812368005538718,0,0
asterisk,0.15,asterisk:adv:2:452c65ebe38babfb,452c65ebe38babfbcd8542da240a259a1135beca7b1cf6d8a2ecffa4b33ac574,0.0411749669621241,1,0
asterisk,0.15,asterisk:adv:3:d7319c29b6b90671,d7319c29b6b906718aa201a34e8d470c2f40f1128805e8b1c7587baef8417304,0.8452205898139126,0,0
asterisk,0.15,asterisk:adv:4:eda817c906a5fbb3,eda817c906a5fbb36a93e2144ce879a658fbd2eedf59eebb7c0a485f880f6f4e,0.9151995257263701,0,0
asterisk,0.15,asterisk:adv:5:86ef0259743d6c8c,86ef0259743d6c8c91967fa29088e83486d70b0675eb07d3ce32651060b0c00f,0.21951152079014863,1,0
asterisk,0.15,asterisk:adv:6:a2eec436b642c47d,a2eec436b642c47dba19f2891968706b9cf42eea975320bdb552952250434695,0.9037757328432998,0,0
asterisk,0.15,asterisk:adv:7:8abf9209b2aecbde,8abf9209b2aecbdeda4648c513eb5cfa827203ef696f6311459b4ff34587da83,0.2648156642582967,1,1
asterisk,0.15,asterisk:adv:8:a26edb90dda2aa50,a26edb90dda2aa50ed5f0e030347e5bfd86d75f80cdcf88dd1f8506104f26634,0.1578407874132116,1,0
asterisk,0.15,asterisk:adv:9:67f7f3f1fa0287a2,67f7f3f1fa0287a2021eb731a6a6f5522347cc611c0037eb6c4f3a7ed03a2ac5,0.8070026928788624,0,0
asterisk,0.15,asterisk:adv:10:6fe36d69de2f0c9a,6fe36d69de2f0c9ac6f652deb1e072349170a042743263dd1550aa98ea287241,0.1846024897300628,1,0
asterisk,0.15,asterisk:adv:11:40bb19d6e15b31f3,40bb19d6e15b31f340605516e0d28de587fb940aa197ae155c3542a08188ae6c,0.21338546011452095,1,0
asterisk,0.15,asterisk:adv:12:3fbcb2ffd2e909f2,3fbcb2ffd2e909f2c5507b5046c2abd902fc94015df7b6200dc004e14f93b0cd,0.8704738108537071,0,0
asterisk,0.15,asterisk:adv:13:d82d4512e4376180,d82d4512e43761808ac4721ffd23d539c9fbdd20416ec6981f86afa5433e5abe,0.8823131289877794,0,0
asterisk,0.15,asterisk:adv:14:a3e2eb240e1f73c1,a3e2eb240e1f73c14669125c5f1d6af8c7df3f2914acf96719db1206de96bd6c,0.5915405427485126,0,0
asterisk,0.15,asterisk:adv:15:30d334fbc1a331c5,30d334fbc1a331c5b7d5cf02e28f1808673209d663ff6a2d6bc0d11c8f52a1ff,0.020205823437455105,1,0
asterisk,0.15,asterisk:adv:16:e198b67f2370337a,e198b67f2370337a5028758f9cb9f1ae803504d9504ae4d4c0eb58fb3439e4ee,0.10373200939468186,1,0
asterisk,0.15,asterisk:adv:17:8283389bfbaa23e3,8283389bfbaa23e30581758ad5fa21cf86f248d3a6a2e68c6a7629951ff24f16,0.4202977813521772,1,1
asterisk,0.15,asterisk:adv:18:ef8c6d66c979e968,ef8c6d66c979e968787f08740475cac97ddc5ff89f323ab936fd61af35449059,0.015149362471656852,1,0
asterisk,0.15,asterisk:adv:19:976de423d429404c,976de423d429404c24d92a1b9ac41b8c04ea7f879944ca796e0dce6a21cf94d3,0.014994895786572307,1,0
asterisk,0.15,asterisk:adv:20:39d6e19abda7dac4,39d6e19abda7dac4df43661dce3f6644fd628e75148caf971fe3564c025e662f,0.10005542170743006,1,0
asterisk,0.15,asterisk:adv:21:f69c57745147a363,f69c57745147a3636da77804acb685e0a023b7500ff343b40fc5cf41dea5075b,0.10561092216884647,1,0
asterisk,0.15,asterisk:adv:22:cc0c238b94b0bf5a,cc0c238b94b0bf5a9a43e1841fce624e457b50f755ad0bccb81e5336836f5a27,0.9387751571808105,0,0
asterisk,0.15,asterisk:adv:23:0e666df50ef568fa,0e666df50ef568fa0571e6904af22f26ee51d2cd08678bcef3828e7deed27be5,0.06903919498177007,1,0
asterisk,0.15,asterisk:adv:24:0a6b9e516942982a,0a6b9e516942982a97524fd286a5d95d7eaffef0823e6e965d26e077995863a7,0.04417381955713477,1,0
asterisk,0.15,asterisk:adv:25:c0289c06b8112779,c0289c06b811277980542a4d6df4449848265a58e83c8a1d01f591fa4aa25fe5,0.0429132429482393,1,0
asterisk,0.15,asterisk:adv:26:c26dd3cf60ba0162,c26dd3cf60ba016251bea439a51ef8d98a93d811d013bcbd0ee35add65fe3f56,0.3457318831808952,1,1
asterisk,0.15,asterisk:adv:27:4f6126d9ec6ba9c9,4f6126d9ec6ba9c9380342c95b99ac4eb5809c600ef46723f3394a7e22128556,0.14698738746511214,1,0
asterisk,0.15,asterisk:adv:28:bbfae5d70a877ce1,bbfae5d70a877ce1e3636e1665701a6d29a2db4b71f08a3eae8963f968b2cdcf,0.5105458240879255,0,0
asterisk,0.15,asterisk:adv:29:fdd1f94de3f12af4,fdd1f94de3f12af43df26d11eed4edaf1b3f3da9cb8a00c5a0eeda677f49136b,0.3192499762269623,1,1
asterisk,0.15,asterisk:adv:30:e27777c0be567247,e27777c0be567247b6ef66bcdfeb5e22c8b75de2a9d84891c9a452160d21c69c,0.06523268133697281,1,0
asterisk,0.15,asterisk:adv:31:383cbdad3881c586,383cbdad3881c58648917a7c0946ceaae4c55b6ac900e5424c2a77550b04d20f,0.015149362471656852,1,0
asterisk,0.15,asterisk:adv:32:d5557ea90f824790,d5557ea90f82479074e4f34196e761eabf9262326cb47f6a979a97d35ad80db9,0.78309623505314,0,0
asterisk,0.15,asterisk:adv:33:552d59ab70d2f8f6,552d59ab70d2f8f61479187240928b55780bfa133c189b174873e2ee8fd7605f,0.9418354881807692,0,0
asterisk,0.15,asterisk:adv:34:94a69341672919ef,94a69341672919ef355b17052a538162ca5d7a1ec115d2dad2a67e017e81dd33,0.8258613881485259,0,0
asterisk,0.15,asterisk:adv:35:04d9c02468182669,04d9c024681826690dc268e80bd01cc8dba08f0aeeb047346d8c28cb8a7066fa,0.06496414071509686,1,0
asterisk,0.15,asterisk:adv:36:7f588bc682aaab6b,7f588bc682aaab6b3bbb265894d91d9ff6ba90ae792775110a8a1828bc9388d9,0.25164054464946617,1,1
asterisk,0.15,asterisk:adv:37:68f2d2758d50e596,68f2d2758d50e596a9ab9076e47e012df6afd7c4686b214624074bc7cab7cc6b,0.1257943989171332,1,0
asterisk,0.15,asterisk:adv:38:879f5ca75387c41e,879f5ca75387c41ee9521c8826c732e1567099d65e43e29c74fc981f17336448,0.04289364844547742,1,0
asterisk,0.15,asterisk:adv:39:ec5436cbadc9d63b,ec5436cbadc9d63be36278518adce4def6347b3516b50c3c57a86d818b5af7fb,0.9127870479934782,0,0
asterisk,0.15,asterisk:adv:40:f6db36ba5906d3b2,f6db36ba5906d3b295980c8064443c4fe8e4fd7c2ab51de0735a0df41191f579,0.019915355879648704,1,0
asterisk,0.15,asterisk:adv:41:de7ac0d197379039,de7ac0d1973790398937fff3b01dffbc028f406489510ca8a5c3f59e2032354a,0.2022524409710004,1,0
asterisk,0.15,asterisk:adv:42:9216e82b9eabdee6,9216e82b9eabdee6470ae1226afec0caf573e00aadafacbb31bc5ae7da5c8bc7,0.38538944818159104,1,1
asterisk,0.15,asterisk:adv:43:d8ef7b15c71437eb,d8ef7b15c71437eb3ef55ddf7ec80bc19e5a2c53ffe22be2027132cec45a961d,0.24371666749167598,1,1
asterisk,0.15,asterisk:adv:44:2348437a6bf3dd1d,2348437a6bf3dd1d3d3c12705936b9df365bd67b394480e5382f16f748a9e8b5,0.03228526553247749,1,0
asterisk,0.15,asterisk:adv:45:2d2364748c9d6b6d,2d2364748c9d6b6d5016a57083c798ef31def5c68d7dbfc05e04914d2b90b2b5,0.05365642110701263,1,0
asterisk,0.15,asterisk:adv:46:6ee530c5e250cbc1,6ee530c5e250cbc167071d74c462ebc284bd1cb64008643a12c81eb3207c5d7e,0.7947261411985345,0,0
asterisk,0.15,asterisk:adv:47:c7edfa8177162f55,c7edfa8177162f55d04d80041fd6a6bd0a54858b49571c9afbf0a98460246944,0.8521118464895466,0,0
asterisk,0.15,asterisk:adv:48:42311ece59cd7edf,42311ece59cd7edf907db3a36a395e98620f8b7fcae47b426c10dafb16f56813,0.03190816494872972,1,0
asterisk,0.15,asterisk:adv:49:49b5386f1e3f299e,49b5386f1e3f299e2f6230ad4772887e6193b5b16f1f2901f2bb802639913f5f,0.9047027101852466,0,0
openssl,0.01,openssl:adv:0:e27777c0be567247,e27777c0be567247b6ef66bcdfeb5e22c8b75de2a9d84891c9a452160d21c69c,0.32638449497099414,1,0
openssl,0.01,openssl:adv:1:40bb19d6e15b31f3,40bb19d6e15b31f340605516e0d28de587fb940aa197ae155c3542a08188ae6c,0.2562654218636763,1,0
openssl,0.01,openssl:adv:2:8283389bfbaa23e3,8283389bfbaa23e30581758ad5fa21cf86f248d3a6a2e68c6a7629951ff24f16,0.5348275631250605,0,0
openssl,0.01,openssl:adv:3:4a865f9adf06b400,4a865f9adf06b400608090c219bf7f13ef3117b5d0b8d4e8d3347d294fe2be48,0.263533289864332,1,0
openssl,0.01,openssl:adv:4:cc0c238b94b0bf5a,cc0c238b94b0bf5a9a43e1841fce624e457b50f755ad0bccb81e5336836f5a27,0.667775850716027,0,0
openssl,0.01,openssl:adv:5:a2eec436b642c47d,a2eec436b642c47dba19f2891968706b9cf42eea975320bdb552952250434695,0.6559169513983214,0,0
openssl,0.01,openssl:adv:6:a26edb90dda2aa50,a26edb90dda2aa50ed5f0e030347e5bfd86d75f80cdcf88dd1f8506104f26634,0.32574500336760176,1,0
openssl,0.01,openssl:adv:7:fb6e44d4dcef1470,fb6e44d4dcef1470c82e01feb109888cf13439a3ddb789fd68c6356d6ef0df91,0.2570796764197898,1,0
openssl,0.01,openssl:adv:8:f69c57745147a363,f69c57745147a3636da77804acb685e0a023b7500ff343b40fc5cf41dea5075b,0.2640804086744297,1,0
openssl,0.01,openssl:adv:9:452c65ebe38babfb,452c65ebe38babfbcd8542da240a259a1135beca7b1cf6d8a2ecffa4b33ac574,0.2490190018356456,1,0
openssl,0.01,openssl:adv:10:67f7f3f1fa0287a2,67f7f3f1fa0287a2021eb731a6a6f5522347cc611c0037eb6c4f3a7ed03a2ac5,0.5741062891600611,0,0
openssl,0.01,openssl:adv:11:2d2364748c9d6b6d,2d2364748c9d6b6d5016a57083c798ef31def5c68d7dbfc05e04914d2b90b2b5,0.25838157002045237,1,0
openssl,0.01,openssl:adv:12:552d59ab70d2f8f6,552d59ab70d2f8f61479187240928b55780bfa133c189b174873e2ee8fd7605f,0.43198633379283086,1,0
openssl,0.01,openssl:adv:13:d7319c29b6b90671,d7319c29b6b906718aa201a34e8d470c2f40f1128805e8b1c7587baef8417304,0.5091425972057068,0,0
openssl,0.01,openssl:adv:14:0e666df50ef568fa,0e666df50ef568fa0571e6904af22f26ee51d2cd08678bcef3828e7deed27be5,0.2820431998915648,1,0
openssl,0.01,openssl:adv:15:94a69341672919ef,94a69341672919ef355b17052a538162ca5d7a1ec115d2dad2a67e017e81dd33,0.5169796337912113,0,0
openssl,0.01,openssl:adv:16:42311ece59cd7edf,42311ece59cd7edf907db3a36a395e98620f8b7fcae47b426c10dafb16f56813,0.24110934222188754,1,0
openssl,0.01,openssl:adv:17:7f588bc682aaab6b,7f588bc682aaab6b3bbb265894d91d9ff6ba90ae792775110a8a1828bc9388d9,0.44407192271002077,1,0
openssl,0.01,openssl:adv:18:4f6126d9ec6ba9c9,4f6126d9ec6ba9c9380342c95b99ac4eb5809c600ef46723f3394a7e22128556,0.3192384427670468,1,0
openssl,0.01,openssl:adv:19:fdd1f94de3f12af4,fdd1f94de3f12af43df26d11eed4edaf1b3f3da9cb8a00c5a0eeda677f49136b,0.12869025450252294,1,0
openssl,0.01,openssl:adv:20:af602c6e81eff721,af602c6e81eff72106b36445a9c75ebf412cf31627b90078a2488e19b28fc4d8,0.24930792884554806,1,0
openssl,0.01,openssl:adv:21:383cbdad3881c586,383cbdad3881c58648917a7c0946ceaae4c55b6ac900e5424c2a77550b04d20f,0.23662167869105355,1,0
openssl,0.01,openssl:adv:22:c2a88ecc1e9aae92,c2a88ecc1e9aae92a9c72bcccfd21b85b589ee9fa6c658922c13f6aa33df2966,0.3634624375290847,1,0
openssl,0.01,openssl:adv:23:49b5386f1e3f299e,49b5386f1e3f299e2f6230ad4772887e6193b5b16f1f2901f2bb802639913f5f,0.5691757091212402,0,0
openssl,0.01,openssl:adv:24:6ee530c5e250cbc1,6ee530c5e250cbc167071d74c462ebc284bd1cb64008643a12c81eb3207c5d7e,0.2865632669120097,1,0
openssl,0.01,openssl:adv:25:6fe36d69de2f0c9a,6fe36d69de2f0c9ac6f652deb1e072349170a042743263dd1550aa98ea287241,0.08924386911816454,1,0
openssl,0.01,openssl:adv:26:d82d4512e4376180,d82d4512e43761808ac4721ffd23d539c9fbdd20416ec6981f86afa5433e5abe,0.3267596061911036,1,0
openssl,0.01,openssl:adv:27:e198b67f2370337a,e198b67f2370337a5028758f9cb9f1ae803504d9504ae4d4c0eb58fb3439e4ee,0.07943645894312322,1,0
openssl,0.01,openssl:adv:28:8abf9209b2aecbde,8abf9209b2aecbdeda4648c513eb5cfa827203ef696f6311459b4ff34587da83,0.39769053721501235,1,0
openssl,0.01,openssl:adv:29:30d334fbc1a331c5,30d334fbc1a331c5b7d5cf02e28f1808673209d663ff6a2d6bc0d11c8f52a1ff,0.22618256488299407,1,0
openssl,0.01,openssl:adv:30:c26dd3cf60ba0162,c26dd3cf60ba016251bea439a51ef8d98a93d811d013bcbd0ee35add65fe3f56,0.4248950896884154,1,0
openssl,0.01,openssl:adv:31:de7ac0d197379039,de7ac0d1973790398937fff3b01dffbc028f406489510ca8a5c3f59e2032354a,0.09442573894202666,1,0
openssl,0.01,openssl:adv:32:04d9c02468182669,04d9c024681826690dc268e80bd01cc8dba08f0aeeb047346d8c28cb8a7066fa,0.29403691271401067,1,0
openssl,0.01,openssl:adv:33:879f5ca75387c41e,879f5ca75387c41ee9521c8826c732e1567099d65e43e29c74fc981f17336448,0.19474330164811213,1,0
openssl,0.01,openssl:adv:34:bbfae5d70a877ce1,bbfae5d70a877ce1e3636e1665701a6d29a2db4b71f08a3eae8963f968b2cdcf,0.5267662386341366,0,0
openssl,0.01,openssl:adv:35:2348437a6bf3dd1d,2348437a6bf3dd1d3d3c12705936b9df365bd67b394480e5382f16f748a9e8b5,0.22446891771079627,1,0
openssl,0.01,openssl:adv:36:2e9ea0e0b3b23c7a,2e9ea0e0b3b23c7aab04927352545b82d8f98e72ee3cabc8bd7a492c948acb8f,0.6213300384807426,0,0
openssl,0.01,openssl:adv:37:ef8c6d66c979e968,ef8c6d66c979e968787f08740475cac97ddc5ff89f323ab936fd61af35449059,0.23662167869105355,1,0
openssl,0.01,openssl:adv:38:eda817c906a5fbb3,eda817c906a5fbb36a93e2144ce879a658fbd2eedf59eebb7c0a485f880f6f4e,0.6217891322292766,0,0
openssl,0.01,openssl:adv:39:86ef0259743d6c8c,86ef0259743d6c8c91967fa29088e83486d70b0675eb07d3ce32651060b0c00f,0.11206264891336841,1,0
openssl,0.01,openssl:adv:40:d5557ea90f824790,d5557ea90f82479074e4f34196e761eabf9262326cb47f6a979a97d35ad80db9,0.19498016055882136,1,0
openssl,0.01,openssl:adv:41:3fbcb2ffd2e909f2,3fbcb2ffd2e909f2c5507b5046c2abd902fc94015df7b6200dc004e14f93b0cd,0.5861241826582716,0,0
openssl,0.01,openssl:adv:42:68f2d2758d50e596,68f2d2758d50e596a9ab9076e47e012df6afd7c4686b214624074bc7cab7cc6b,0.29806798315583255,1,0
openssl,0.01,openssl:adv:43:c0289c06b8112779,c0289c06b811277980542a4d6df4449848265a58e83c8a1d01f591fa4aa25fe5,0.26658181099132594,1,0
openssl,0.01,openssl:adv:44:976de423d429404c,976de423d429404c24d92a1b9ac41b8c04ea7f879944ca796e0dce6a21cf94d3,0.23769270380381233,1,0
openssl,0.01,openssl:adv:45:0a6b9e516942982a,0a6b9e516942982a97524fd286a5d95d7eaffef0823e6e965d26e077995863a7,0.2457295581310939,1,0
openssl,0.01,openssl:adv:46:9216e82b9eabdee6,9216e82b9eabdee6470ae1226afec0caf573e00aadafacbb31bc5ae7da5c8bc7,0.5647812253175237,0,0
openssl,0.01,openssl:adv:47:d8ef7b15c71437eb,d8ef7b15c71437eb3ef55ddf7ec80bc19e5a2c53ffe22be2027132cec45a961d,0.37122459524508594,1,0
openssl,0.01,openssl:adv:48:39d6e19abda7dac4,39d6e19abda7dac4df43661dce3f6644fd628e75148caf971fe3564c025e662f,0.10149281204218695,1,0
openssl,0.01,openssl:adv:49:f6db36ba5906d3b2,f6db36ba5906d3b295980c8064443c4fe8e4fd7c2ab51de0735a0df41191f579,0.2154451837891711,1,0
openssl,0.03,openssl:adv:0:e27777c0be567247,e27777c0be567247b6ef66bcdfeb5e22c8b75de2a9d84891c9a452160d21c69c,0.32638449497099414,1,0
openssl,0.03,openssl:adv:1:40bb19d6e15b31f3,40bb19d6e15b31f340605516e0d28de587fb940aa197ae155c3542a08188ae6c,0.2562654218636763,1,0
openssl,0.03,openssl:adv:2:8283389bfbaa23e3,8283389bfbaa23e30581758ad5fa21cf86f248d3a6a2e68c6a7629951ff24f16,0.5348275631250605,0,0
openssl,0.03,openssl:adv:3:4a865f9adf06b400,4a865f9adf06b400608090c219bf7f13ef3117b5d0b8d4e8d3347d294fe2be48,0.263533289864332,1,0
openssl,0.03,openssl:adv:4:cc0c238b94b0bf5a,cc0c238b94b0bf5a9a43e1841fce624e457b50f755ad0bccb81e5336836f5a27,0.667775850716027,0,0
openssl,0.03,openssl:adv:5:a2eec436b642c47d,a2eec436b642c47dba19f2891968706b9cf42eea975320bdb552952250434695,0.6559169513983214,0,0
openssl,0.03,openssl:adv:6:a26edb90dda2aa50,a26edb90dda2aa50ed5f0e030347e5bfd86d75f80cdcf88dd1f8506104f26634,0.32574500336760176,1,0
openssl,0.03,openssl:adv:7:fb6e44d4dcef1470,fb6e44d4dcef1470c82e01feb109888cf13439a3ddb789fd68c6356d6ef0df91,0.2570796764197898,1,0
openssl,0.03,openssl:adv:8:f69c57745147a363,f69c57745147a3636da77804acb685e0a023b7500ff343b40fc5cf41dea5075b,0.2640804086744297,1,0
openssl,0.03,openssl:adv:9:452c65ebe38babfb,452c65ebe38babfbcd8542da240a259a1135beca7b1cf6d8a2ecffa4b33ac574,0.2490190018356456,1,0
openssl,0.03,openssl:adv:10:67f7f3f1fa0287a2,67f7f3f1fa0287a2021eb731a6a6f5522347cc611c0037eb6c4f3a7ed03a2ac5,0.5741062891600611,0,0
openssl,0.03,openssl:adv:11:2d2364748c9d6b6d,2d2364748c9d6b6d5016a57083c798ef31def5c68d7dbfc05e04914d2b90b2b5,0.25838157002045237,1,0
openssl,0.03,openssl:adv:12:552d59ab70d2f8f6,552d59ab70d2f8f61479187240928b55780bfa133c189b174873e2ee8fd7605f,0.43198633379283086,1,0
openssl,0.03,openssl:adv:13:d7319c29b6b90671,d7319c29b6b906718aa201a34e8d470c2f40f1128805e8b1c7587baef8417304,0.5091425972057068,0,0
openssl,0.03,openssl:adv:14:0e666df50ef568fa,0e666df50ef568fa0571e6904af22f26ee51d2cd08678bcef3828e7deed27be5,0.2820431998915648,1,0
openssl,0.03,openssl:adv:15:94a69341672919ef,94a69341672919ef355b17052a538162ca5d7a1ec115d2dad2a67e017e81dd33,0.5169796337912113,0,0
openssl,0.03,openssl:adv:16:42311ece59cd7edf,42311ece59cd7edf907db3a36a395e98620f8b7fcae47b426c10dafb16f56813,0.24110934222188754,1,0
openssl,0.03,openssl:adv:17:7f588bc682aaab6b,7f588bc682aaab6b3bbb265894d91d9ff6ba90ae792775110a8a1828bc9388d9,0.44407192271002077,1,0
openssl,0.03,openssl:adv:18:4f6126d9ec6ba9c9,4f6126d9ec6ba9c9380342c95b99ac4eb5809c600ef46723f3394a7e22128556,0.3192384427670468,1,0
openssl,0.03,openssl:adv:19:fdd1f94de3f12af4,fdd1f94de3f12af43df26d11eed4edaf1b3f3da9cb8a00c5a0eeda677f49136b,0.12869025450252294,1,0
openssl,0.03,openssl:adv:20:af602c6e81eff721,af602c6e81eff72106b36445a9c75ebf412cf31627b90078a2488e19b28fc4d8,0.24930792884554806,1,0
openssl,0.03,openssl:adv:21:383cbdad3881c586,383cbdad3881c58648917a7c0946ceaae4c55b6ac900e5424c2a77550b04d20f,0.23662167869105355,1,0
openssl,0.03,openssl:adv:22:c2a88ecc1e9aae92,c2a88ecc1e9aae92a9c72bcccfd21b85b589ee9fa6c658922c13f6aa33df2966,0.3634624375290847,1,0
openssl,0.03,openssl:adv:23:49b5386f1e3f299e,49b5386f1e3f299e2f6230ad4772887e6193b5b16f1f2901f2bb802639913f5f,0.5691757091212402,0,0
openssl,0.03,openssl:adv:24:6ee530c5e250cbc1,6ee530c5e250cbc167071d74c462ebc284bd1cb64008643a12c81eb3207c5d7e,0.2865632669120097,1,0
openssl,0.03,openssl:adv:25:6fe36d69de2f0c9a,6fe36d69de2f0c9ac6f652deb1e072349170a042743263dd1550aa98ea287241,0.08924386911816454,1,0
openssl,0.03,openssl:adv:26:d82d4512e4376180,d82d4512e43761808ac4721ffd23d539c9fbdd20416ec6981f86afa5433e5abe,0.3267596061911036,1,0
openssl,0.03,openssl:adv:27:e198b67f2370337a,e198b67f2370337a5028758f9cb9f1ae803504d9504ae4d4c0eb58fb3439e4ee,0.07943645894312322,1,0
openssl,0.03,openssl:adv:28:8abf9209b2aecbde,8abf9209b2aecbdeda4648c513eb5cfa827203ef696f6311459b4ff34587da83,0.39769053721501235,1,0
openssl,0.03,openssl:adv:29:30d334fbc1a331c5,30d334fbc1a331c5b7d5cf02e28f1808673209d663ff6a2d6bc0d11c8f52a1ff,0.22618256488299407,1,0
openssl,0.03,openssl:adv:30:c26dd3cf60ba0162,c26dd3cf60ba016251bea439a51ef8d98a93d811d013bcbd0ee35add65fe3f56,0.4248950896884154,1,0
openssl,0.03,openssl:adv:31:de7ac0d197379039,de7ac0d1973790398937fff3b01dffbc028f406489510ca8a5c3f59e2032354a,0.09442573894202666,1,0
openssl,0.03,openssl:adv:32:04d9c02468182669,04d9c024681826690dc268e80bd01cc8dba08f0aeeb047346d8c28cb8a7066fa,0.29403691271401067,1,0
openssl,0.03,openssl:adv:33:879f5ca75387c41e,879f5ca75387c41ee9521c8826c732e1567099d65e43e29c74fc981f17336448,0.19474330164811213,1,0
openssl,0.03,openssl:adv:34:bbfae5d70a877ce1,bbfae5d70a877ce1e3636e1665701a6d29a2db4b71f08a3eae8963f968b2cdcf,0.5267662386341366,0,0
openssl,0.03,openssl:adv:35:2348437a6bf3dd1d,2348437a6bf3dd1d3d3c12705936b9df365bd67b394480e5382f16f748a9e8b5,0.22446891771079627,1,0
openssl,0.03,openssl:adv:36:2e9ea0e0b3b23c7a,2e9ea0e0b3b23c7aab04927352545b82d8f98e72ee3cabc8bd7a492c948acb8f,0.6213300384807426,0,0
openssl,0.03,openssl:adv:37:ef8c6d66c979e968,ef8c6d66c979e968787f08740475cac97ddc5ff89f323ab936fd61af35449059,0.23662167869105355,1,0
openssl,0.03,openssl:adv:38:eda817c906a5fbb3,eda817c906a5fbb36a93e2144ce879a658fbd2eedf59eebb7c0a485f880f6f4e,0.6217891322292766,0,0
openssl,0.03,openssl:adv:39:86ef0259743d6c8c,86ef0259743d6c8c91967fa29088e83486d70b0675eb07d3ce32651060b0c00f,0.11206264891336841,1,0
openssl,0.03,openssl:adv:40:d5557ea90f824790,d5557ea90f82479074e4f34196e761eabf9262326cb47f6a979a97d35ad80db9,0.19498016055882136,1,0
openssl,0.03,openssl:adv:41:3fbcb2ffd2e909f2,3fbcb2ffd2e909f2c5507b5046c2abd902fc94015df7b6200dc004e14f93b0cd,0.5861241826582716,0,0
openssl,0.03,openssl:adv:42:68f2d2758d50e596,68f2d2758d50e596a9ab9076e47e012df6afd7c4686b214624074bc7cab7cc6b,0.29806798315583255,1,0
openssl,0.03,openssl:adv:43:c0289c06b8112779,c0289c06b811277980542a4d6df4449848265a58e83c8a1d01f591fa4aa25fe5,0.26658181099132594,1,0
openssl,0.03,openssl:adv:44:976de423d429404c,976de423d429404c24d92a1b9ac41b8c04ea7f879944ca796e0dce6a21cf94d3,0.23769270380381233,1,0
openssl,0.03,openssl:adv:45:0a6b9e516942982a,0a6b9e516942982a97524fd286a5d95d7eaffef0823e6e965d26e077995863a7,0.2457295581310939,1,0
openssl,0.03,openssl:adv:46:9216e82b9eabdee6,9216e82b9eabdee6470ae1226afec0caf573e00aadafacbb31bc5ae7da5c8bc7,0.5647812253175237,0,0
openssl,0.03,openssl:adv:47:d8ef7b15c71437eb,d8ef7b15c71437eb3ef55ddf7ec80bc19e5a2c53ffe22be2027132cec45a961d,0.37122459524508594,1,0
openssl,0.03,openssl:adv:48:39d6e19abda7dac4,39d6e19abda7dac4df43661dce3f6644fd628e75148caf971fe3564c025e662f,0.10149281204218695,1,0
openssl,0.03,openssl:adv:49:f6db36ba5906d3b2,f6db36ba5906d3b295980c8064443c4fe8e4fd7c2ab51de0735a0df41191f579,0.2154451837891711,1,0
openssl,0.05,openssl:adv:0:e27777c0be567247,e27777c0be567247b6ef66bcdfeb5e22c8b75de2a9d84891c9a452160d21c69c,0.32638449497099414,1,0
openssl,0.05,openssl:adv:1:40bb19d6e15b31f3,40bb19d6e15b31f340605516e0d28de587fb940aa197ae155c3542a08188ae6c,0.2562654218636763,1,0
openssl,0.05,openssl:adv:2:8283389bfbaa23e3,8283389bfbaa23e30581758ad5fa21cf86f248d3a6a2e68c6a7629951ff24f16,0.5348275631250605,0,0
openssl,0.05,openssl:adv:3:4a865f9adf06b400,4a865f9adf06b400608090c219bf7f13ef3117b5d0b8d4e8d3347d294fe2be48,0.263533289864332,1,0
openssl,0.05,openssl:adv:4:cc0c238b94b0bf5a,cc0c238b94b0bf5a9a43e1841fce624e457b50f755ad0bccb81e5336836f5a27,0.667775850716027,0,0
openssl,0.05,openssl:adv:5:a2eec436b642c47d,a2eec436b642c47dba19f2891968706b9cf42eea975320bdb552952250434695,0.6559169513983214,0,0
openssl,0.05,openssl:adv:6:a26edb90dda2aa50,a26edb90dda2aa50ed5f0e030347e5bfd86d75f80cdcf88dd1f8506104f26634,0.32574500336760176,1,0
openssl,0.05,openssl:adv:7:fb6e44d4dcef1470,fb6e44d4dcef1470c82e01feb109888cf13439a3ddb789fd68c6356d6ef0df91,0.2570796764197898,1,0
openssl,0.05,openssl:adv:8:f69c57745147a363,f69c57745147a3636da77804acb685e0a023b7500ff343b40fc5cf41dea5075b,0.2640804086744297,1,0
openssl,0.05,openssl:adv:9:452c65ebe38babfb,452c65ebe38babfbcd8542da240a259a1135beca7b1cf6d8a2ecffa4b33ac574,0.2490190018356456,1,0
openssl,0.05,openssl:adv:10:67f7f3f1fa0287a2,67f7f3f1fa0287a2021eb731a6a6f5522347cc611c0037eb6c4f3a7ed03a2ac5,0.5741062891600611,0,0
openssl,0.05,openssl:adv:11:2d2364748c9d6b6d,2d2364748c9d6b6d5016a57083c798ef31def5c68d7dbfc05e04914d2b90b2b5,0.25838157002045237,1,0
openssl,0.05,openssl:adv:12:552d59ab70d2f8f6,552d59ab70d2f8f61479187240928b55780bfa133c189b174873e2ee8fd7605f,0.43198633379283086,1,1
openssl,0.05,openssl:adv:13:d7319c29b6b90671,d7319c29b6b906718aa201a34e8d470c2f40f1128805e8b1c7587baef8417304,0.5091425972057068,0,0
openssl,0.05,openssl:adv:14:0e666df50ef568fa,0e666df50ef568fa0571e6904af22f26ee51d2cd08678bcef3828e7deed27be5,0.2820431998915648,1,0
openssl,0.05,openssl:adv:15:94a69341672919ef,94a69341672919ef355b17052a538162ca5d7a1ec115d2dad2a67e017e81dd33,0.5169796337912113,0,0
openssl,0.05,openssl:adv:16:42311ece59cd7edf,42311ece59cd7edf907db3a36a395e98620f8b7fcae47b426c10dafb16f56813,0.24110934222188754,1,0
openssl,0.05,openssl:adv:17:7f588bc682aaab6b,7f588bc682aaab6b3bbb265894d91d9ff6ba90ae792775110a8a1828bc9388d9,0.44407192271002077,1,1
openssl,0.05,openssl:adv:18:4f6126d9ec6ba9c9,4f6126d9ec6ba9c9380342c95b99ac4eb5809c600ef46723f3394a7e22128556,0.3192384427670468,1,0
openssl,0.05,openssl:adv:19:fdd1f94de3f12af4,fdd1f94de3f12af43df26d11eed4edaf1b3f3da9cb8a00c5a0eeda677f49136b,0.12869025450252294,1,0
openssl,0.05,openssl:adv:20:af602c6e81eff721,af602c6e81eff72106b36445a9c75ebf412cf31627b90078a2488e19b28fc4d8,0.24930792884554806,1,0
openssl,0.05,openssl:adv:21:383cbdad3881c586,383cbdad3881c58648917a7c0946ceaae4c55b6ac900e5424c2a77550b04d20f,0.23662167869105355,1,0
openssl,0.05,openssl:adv:22:c2a88ecc1e9aae92,c2a88ecc1e9aae92a9c72bcccfd21b85b589ee9fa6c658922c13f6aa33df2966,0.3634624375290847,1,0
openssl,0.05,openssl:adv:23:49b5386f1e3f299e,49b5386f1e3f299e2f6230ad4772887e6193b5b16f1f2901f2bb802639913f5f,0.5691757091212402,0,0
openssl,0.05,openssl:adv:24:6ee530c5e250cbc1,6ee530c5e250cbc167071d74c462ebc284bd1cb64008643a12c81eb3207c5d7e,0.2865632669120097,1,0
openssl,0.05,openssl:adv:25:6fe36d69de2f0c9a,6fe36d69de2f0c9ac6f652deb1e072349170a042743263dd1550aa98ea287241,0.08924386911816454,1,0
openssl,0.05,openssl:adv:26:d82d4512e4376180,d82d4512e43761808ac4721ffd23d539c9fbdd20416ec6981f86afa5433e5abe,0.3267596061911036,1,0
openssl,0.05,openssl:adv:27:e198b67f2370337a,e198b67f2370337a5028758f9cb9f1ae803504d9504ae4d4c0eb58fb3439e4ee,0.07943645894312322,1,0
openssl,0.05,openssl:adv:28:8abf9209b2aecbde,8abf9209b2aecbdeda4648c513eb5cfa827203ef696f6311459b4ff34587da83,0.39769053721501235,1,0
openssl,0.05,openssl:adv:29:30d334fbc1a331c5,30d334fbc1a331c5b7d5cf02e28f1808673209d663ff6a2d6bc0d11c8f52a1ff,0.22618256488299407,1,0
openssl,0.05,openssl:adv:30:c26dd3cf60ba0162,c26dd3cf60ba016251bea439a51ef8d98a93d811d013bcbd0ee35add65fe3f56,0.4248950896884154,1,1
openssl,0.05,openssl:adv:31:de7ac0d197379039,de7ac0d1973790398937fff3b01dffbc028f406489510ca8a5c3f59e2032354a,0.09442573894202666,1,0
openssl,0.05,openssl:adv:32:04d9c02468182669,04d9c024681826690dc268e80bd01cc8dba08f0aeeb047346d8c28cb8a7066fa,0.29403691271401067,1,0
openssl,0.05,openssl:adv:33:879f5ca75387c41e,879f5ca75387c41ee9521c8826c732e1567099d65e43e29c74fc981f17336448,0.19474330164811213,1,0
openssl,0.05,openssl:adv:34:bbfae5d70a877ce1,bbfae5d70a877ce1e3636e1665701a6d29a2db4b71f08a3eae8963f968b2cdcf,0.5267662386341366,0,0
openssl,0.05,openssl:adv:35:2348437a6bf3dd1d,2348437a6bf3dd1d3d3c12705936b9df365bd67b394480e5382f16f748a9e8b5,0.22446891771079627,1,0
openssl,0.05,openssl:adv:36:2e9ea0e0b3b23c7a,2e9ea0e0b3b23c7aab04927352545b82d8f98e72ee3cabc8bd7a492c948acb8f,0.6213300384807426,0,0
openssl,0.05,openssl:adv:37:ef8c6d66c979e968,ef8c6d66c979e968787f08740475cac97ddc5ff89f323ab936fd61af35449059,0.23662167869105355,1,0
openssl,0.05,openssl:adv:38:eda817c906a5fbb3,eda817c906a5fbb36a93e2144ce879a658fbd2eedf59eebb7c0a485f880f6f4e,0.6217891322292766,0,0
openssl,0.05,openssl:adv:39:86ef0259743d6c8c,86ef0259743d6c8c91967fa29088e83486d70b0675eb07d3ce32651060b0c00f,0.11206264891336841,1,0
openssl,0.05,openssl:adv:40:d5557ea90f824790,d5557ea90f82479074e4f34196e761eabf9262326cb47f6a979a97d35ad80db9,0.19498016055882136,1,0
openssl,0.05,openssl:adv:41:3fbcb2ffd2e909f2,3fbcb2ffd2e909f2c5507b5046c2abd902fc94015df7b6200dc004e14f93b0cd,0.5861241826582716,0,0
openssl,0.05,openssl:adv:42:68f2d2758d50e596,68f2d2758d50e596a9ab9076e47e012df6afd7c4686b214624074bc7cab7cc6b,0.29806798315583255,1,0
openssl,0.05,openssl:adv:43:c0289c06b8112779,c0289c06b811277980542a4d6df4449848265a58e83c8a1d01f591fa4aa25fe5,0.26658181099132594,1,0
openssl,0.05,openssl:adv:44:976de423d429404c,976de423d429404c24d92a1b9ac41b8c04ea7f879944ca796e0dce6a21cf94d3,0.23769270380381233,1,0
openssl,0.05,openssl:adv:45:0a6b9e516942982a,0a6b9e516942982a97524fd286a5d95d7eaffef0823e6e965d26e077995863a7,0.2457295581310939,1,0
openssl,0.05,openssl:adv:46:9216e82b9eabdee6,9216e82b9eabdee6470ae1226afec0caf573e00aadafacbb31bc5ae7da5c8bc7,0.5647812253175237,0,0
openssl,0.05,openssl:adv:47:d8ef7b15c71437eb,d8ef7b15c71437eb3ef55ddf7ec80bc19e5a2c53ffe22be2027132cec45a961d,0.37122459524508594,1,0
openssl,0.05,openssl:adv:48:39d6e19abda7dac4,39d6e19abda7dac4df43661dce3f6644fd628e75148caf971fe3564c025e662f,0.10149281204218695,1,0
openssl,0.05,openssl:adv:49:f6db36ba5906d3b2,f6db36ba5906d3b295980c8064443c4fe8e4fd7c2ab51de0735a0df41191f579,0.2154451837891711,1,0
openssl,0.1,openssl:adv:0:e27777c0be567247,e27777c0be567247b6ef66bcdfeb5e22c8b75de2a9d84891c9a452160d21c69c,0.32638449497099414,1,0
openssl,0.1,openssl:adv:1:40bb19d6e15b31f3,40bb19d6e15b31f340605516e0d28de587fb940aa197ae155c3542a08188ae6c,0.2562654218636763,1,0
openssl,0.1,openssl:adv:2:8283389bfbaa23e3,8283389bfbaa23e30581758ad5fa21cf86f248d3a6a2e68c6a7629951ff24f16,0.5348275631250605,0,0
openssl,0.1,openssl:adv:3:4a865f9adf06b400,4a865f9adf06b400608090c219bf7f13ef3117b5d0b8d4e8d3347d294fe2be48,0.263533289864332,1,0
openssl,0.1,openssl:adv:4:cc0c238b94b0bf5a,cc0c238b94b0bf5a9a43e1841fce624e457b50f755ad0bccb81e5336836f5a27,0.667775850716027,0,0
openssl,0.1,openssl:adv:5:a2eec436b642c47d,a2eec436b642c47dba19f2891968706b9cf42eea975320bdb552952250434695,0.6559169513983214,0,0
openssl,0.1,openssl:adv:6:a26edb90dda2aa50,a26edb90dda2aa50ed5f0e030347e5bfd86d75f80cdcf88dd1f8506104f26634,0.32574500336760176,1,0
openssl,0.1,openssl:adv:7:fb6e44d4dcef1470,fb6e44d4dcef1470c82e01feb109888cf13439a3ddb789fd68c6356d6ef0df91,0.2570796764197898,1,0
openssl,0.1,openssl:adv:8:f69c57745147a363,f69c57745147a3636da77804acb685e0a023b7500ff343b40fc5cf41dea5075b,0.2640804086744297,1,0
openssl,0.1,openssl:adv:9:452c65ebe38babfb,452c65ebe38babfbcd8542da240a259a1135beca7b1cf6d8a2ecffa4b33ac574,0.2490190018356456,1,0
openssl,0.1,openssl:adv:10:67f7f3f1fa0287a2,67f7f3f1fa0287a2021eb731a6a6f5522347cc611c0037eb6c4f3a7ed03a2ac5,0.5741062891600611,0,0
openssl,0.1,openssl:adv:11:2d2364748c9d6b6d,2d2364748c9d6b6d5016a57083c798ef31def5c68d7dbfc05e04914d2b90b2b5,0.25838157002045237,1,0
openssl,0.1,openssl:adv:12:552d59ab70d2f8f6,552d59ab70d2f8f61479187240928b55780bfa133c189b174873e2ee8fd7605f,0.43198633379283086,1,1
openssl,0.1,openssl:adv:13:d7319c29b6b90671,d7319c29b6b906718aa201a34e8d470c2f40f1128805e8b1c7587baef8417304,0.5091425972057068,0,0
openssl,0.1,openssl:adv:14:0e666df50ef568fa,0e666df50ef568fa0571e6904af22f26ee51d2cd08678bcef3828e7deed27be5,0.2820431998915648,1,0
openssl,0.1,openssl:adv:15:94a69341672919ef,94a69341672919ef355b17052a538162ca5d7a1ec115d2dad2a67e017e81dd33,0.5169796337912113,0,0
openssl,0.1,openssl:adv:16:42311ece59cd7edf,42311ece59cd7edf907db3a36a395e98620f8b7fcae47b426c10dafb16f56813,0.24110934222188754,1,0
openssl,0.1,openssl:adv:17:7f588bc682aaab6b,7f588bc682aaab6b3bbb265894d91d9ff6ba90ae792775110a8a1828bc9388d9,0.44407192271002077,1,1
openssl,0.1,openssl:adv:18:4f6126d9ec6ba9c9,4f6126d9ec6ba9c9380342c95b99ac4eb5809c600ef46723f3394a7e22128556,0.3192384427670468,1,0
openssl,0.1,openssl:adv:19:fdd1f94de3f12af4,fdd1f94de3f12af43df26d11eed4edaf1b3f3da9cb8a00c5a0eeda677f49136b,0.12869025450252294,1,0
openssl,0.1,openssl:adv:20:af602c6e81eff721,af602c6e81eff72106b36445a9c75ebf412cf31627b90078a2488e19b28fc4d8,0.24930792884554806,1,0
openssl,0.1,openssl:adv:21:383cbdad3881c586,383cbdad3881c58648917a7c0946ceaae4c55b6ac900e5424c2a77550b04d20f,0.23662167869105355,1,0
openssl,0.1,openssl:adv:22:c2a88ecc1e9aae92,c2a88ecc1e9aae92a9c72bcccfd21b85b589ee9fa6c658922c13f6aa33df2966,0.3634624375290847,1,1
openssl,0.1,openssl:adv:23:49b5386f1e3f299e,49b5386f1e3f299e2f6230ad4772887e6193b5b16f1f2901f2bb802639913f5f,0.5691757091212402,0,0
openssl,0.1,openssl:adv:24:6ee530c5e250cbc1,6ee530c5e250cbc167071d74c462ebc284bd1cb64008643a12c81eb3207c5d7e,0.2865632669120097,1,0
openssl,0.1,openssl:adv:25:6fe36d69de2f0c9a,6fe36d69de2f0c9ac6f652deb1e072349170a042743263dd1550aa98ea287241,0.08924386911816454,1,0
openssl,0.1,openssl:adv:26:d82d4512e4376180,d82d4512e43761808ac4721ffd23d539c9fbdd20416ec6981f86afa5433e5abe,0.3267596061911036,1,0
openssl,0.1,openssl:adv:27:e198b67f2370337a,e198b67f2370337a5028758f9cb9f1ae803504d9504ae4d4c0eb58fb3439e4ee,0.07943645894312322,1,0
openssl,0.1,openssl:adv:28:8abf9209b2aecbde,8abf9209b2aecbdeda4648c513eb5cfa827203ef696f6311459b4ff34587da83,0.39769053721501235,1,1
openssl,0.1,openssl:adv:29:30d334fbc1a331c5,30d334fbc1a331c5b7d5cf02e28f1808673209d663ff6a2d6bc0d11c8f52a1ff,0.22618256488299407,1,0
openssl,0.1,openssl:adv:30:c26dd3cf60ba0162,c26dd3cf60ba016251bea439a51ef8d98a93d811d013bcbd0ee35add65fe3f56,0.4248950896884154,1,1
openssl,0.1,openssl:adv:31:de7ac0d197379039,de7ac0d1973790398937fff3b01dffbc028f406489510ca8a5c3f59e2032354a,0.09442573894202666,1,0
openssl,0.1,openssl:adv:32:04d9c02468182669,04d9c024681826690dc268e80bd01cc8dba08f0aeeb047346d8c28cb8a7066fa,0.29403691271401067,1,0
openssl,0.1,openssl:adv:33:879f5ca75387c41e,879f5ca75387c41ee9521c8826c732e1567099d65e43e29c74fc981f17336448,0.19474330164811213,1,0
openssl,0.1,openssl:adv:34:bbfae5d70a877ce1,bbfae5d70a877ce1e3636e1665701a6d29a2db4b71f08a3eae8963f968b2cdcf,0.5267662386341366,0,0
openssl,0.1,openssl:adv:35:2348437a6bf3dd1d,2348437a6bf3dd1d3d3c12705936b9df365bd67b394480e5382f16f748a9e8b5,0.22446891771079627,1,0
openssl,0.1,openssl:adv:36:2e9ea0e0b3b23c7a,2e9ea0e0b3b23c7aab04927352545b82d8f98e72ee3cabc8bd7a492c948acb8f,0.6213300384807426,0,0
openssl,0.1,openssl:adv:37:ef8c6d66c979e968,ef8c6d66c979e968787f08740475cac97ddc5ff89f323ab936fd61af35449059,0.23662167869105355,1,0
openssl,0.1,openssl:adv:38:eda817c906a5fbb3,eda817c906a5fbb36a93e2144ce879a658fbd2eedf59eebb7c0a485f880f6f4e,0.6217891322292766,0,0
openssl,0.1,openssl:adv:39:86ef0259743d6c8c,86ef0259743d6c8c91967fa29088e83486d70b0675eb07d3ce32651060b0c00f,0.11206264891336841,1,0
openssl,0.1,openssl:adv:40:d5557ea90f824790,d5557ea90f82479074e4f34196e761eabf9262326cb47f6a979a97d35ad80db9,0.19498016055882136,1,0
openssl,0.1,openssl:adv:41:3fbcb2ffd2e909f2,3fbcb2ffd2e909f2c5507b5046c2abd902fc94015df7b6200dc004e14f93b0cd,0.5861241826582716,0,0
openssl,0.1,openssl:adv:42:68f2d2758d50e596,68f2d2758d50e596a9ab9076e47e012df6afd7c4686b214624074bc7cab7cc6b,0.29806798315583255,1,0
openssl,0.1,openssl:adv:43:c0289c06b8112779,c0289c06b811277980542a4d6df4449848265a58e83c8a1d01f591fa4aa25fe5,0.26658181099132594,1,0
openssl,0.1,openssl:adv:44:976de423d429404c,976de423d429404c24d92a1b9ac41b8c04ea7f879944ca796e0dce6a21cf94d3,0.23769270380381233,1,0
openssl,0.1,openssl:adv:45:0a6b9e516942982a,0a6b9e516942982a97524fd286a5d95d7eaffef0823e6e965d26e077995863a7,0.2457295581310939,1,0
openssl,0.1,openssl:adv:46:9216e82b9eabdee6,9216e82b9eabdee6470ae1226afec0caf573e00aadafacbb31bc5ae7da5c8bc7,0.5647812253175237,0,0
openssl,0.1,openssl:adv:47:d8ef7b15c71437eb,d8ef7b15c71437eb3ef55ddf7ec80bc19e5a2c53ffe22be2027132cec45a961d,0.37122459524508594,1,1
openssl,0.1,openssl:adv:48:39d6e19abda7dac4,39d6e19abda7dac4df43661dce3f6644fd628e75148caf971fe3564c025e662f,0.10149281204218695,1,0
openssl,0.1,openssl:adv:49:f6db36ba5906d3b2,f6db36ba5906d3b295980c8064443c4fe8e4fd7c2ab51de0735a0df41191f579,0.2154451837891711,1,0
openssl,0.15,openssl:adv:0:e27777c0be567247,e27777c0be567247b6ef66bcdfeb5e22c8b75de2a9d84891c9a452160d21c69c,0.32638449497099414,1,1
openssl,0.15,openssl:adv:1:40bb19d6e15b31f3,40bb19d6e15b31f340605516e0d28de587fb940aa197ae155c3542a08188ae6c,0.2562654218636763,1,0
openssl,0.15,openssl:adv:2:8283389bfbaa23e3,8283389bfbaa23e30581758ad5fa21cf86f248d3a6a2e68c6a7629951ff24f16,0.5348275631250605,0,0
openssl,0.15,openssl:adv:3:4a865f9adf06b400,4a865f9adf06b400608090c219bf7f13ef3117b5d0b8d4e8d3347d294fe2be48,0.263533289864332,1,0
openssl,0.15,openssl:adv:4:cc0c238b94b0bf5a,cc0c238b94b0bf5a9a43e1841fce624e457b50f755ad0bccb81e5336836f5a27,0.667775850716027,0,0
openssl,0.15,openssl:adv:5:a2eec436b642c47d,a2eec436b642c47dba19f2891968706b9cf42eea975320bdb552952250434695,0.6559169513983214,0,0
openssl,0.15,openssl:adv:6:a26edb90dda2aa50,a26edb90dda2aa50ed5f0e030347e5bfd86d75f80cdcf88dd1f8506104f26634,0.32574500336760176,1,1
openssl,0.15,openssl:adv:7:fb6e44d4dcef1470,fb6e44d4dcef1470c82e01feb109888cf13439a3ddb789fd68c6356d6ef0df91,0.2570796764197898,1,0
openssl,0.15,openssl:adv:8:f69c57745147a363,f69c57745147a3636da77804acb685e0a023b7500ff343b40fc5cf41dea5075b,0.2640804086744297,1,0
openssl,0.15,openssl:adv:9:452c65ebe38babfb,452c65ebe38babfbcd8542da240a259a1135beca7b1cf6d8a2ecffa4b33ac574,0.2490190018356456,1,0
openssl,0.15,openssl:adv:10:67f7f3f1fa0287a2,67f7f3f1fa0287a2021eb731a6a6f5522347cc611c0037eb6c4f3a7ed03a2ac5,0.5741062891600611,0,0
openssl,0.15,openssl:adv:11:2d2364748c9d6b6d,2d2364748c9d6b6d5016a57083c798ef31def5c68d7dbfc05e04914d2b90b2b5,0.25838157002045237,1,0
openssl,0.15,openssl:adv:12:552d59ab70d2f8f6,552d59ab70d2f8f61479187240928b55780bfa133c189b174873e2ee8fd7605f,0.43198633379283086,1,1
openssl,0.15,openssl:adv:13:d7319c29b6b90671,d7319c29b6b906718aa201a34e8d470c2f40f1128805e8b1c7587baef8417304,0.5091425972057068,0,0
openssl,0.15,openssl:adv:14:0e666df50ef568fa,0e666df50ef568fa0571e6904af22f26ee51d2cd08678bcef3828e7deed27be5,0.2820431998915648,1,0
openssl,0.15,openssl:adv:15:94a69341672919ef,94a69341672919ef355b17052a538162ca5d7a1ec115d2dad2a67e017e81dd33,0.5169796337912113,0,0
openssl,0.15,openssl:adv:16:42311ece59cd7edf,42311ece59cd7edf907db3a36a395e98620f8b7fcae47b426c10dafb16f56813,0.24110934222188754,1,0
openssl,0.15,openssl:adv:17:7f588bc682aaab6b,7f588bc682aaab6b3bbb265894d91d9ff6ba90ae792775110a8a1828bc9388d9,0.44407192271002077,1,1
openssl,0.15,openssl:adv:18:4f6126d9ec6ba9c9,4f6126d9ec6ba9c9380342c95b99ac4eb5809c600ef46723f3394a7e22128556,0.3192384427670468,1,0
openssl,0.15,openssl:adv:19:fdd1f94de3f12af4,fdd1f94de3f12af43df26d11eed4edaf1b3f3da9cb8a00c5a0eeda677f49136b,0.12869025450252294,1,0
openssl,0.15,openssl:adv:20:af602c6e81eff721,af602c6e81eff72106b36445a9c75ebf412cf31627b90078a2488e19b28fc4d8,0.24930792884554806,1,0
openssl,0.15,openssl:adv:21:383cbdad3881c586,383cbdad3881c58648917a7c0946ceaae4c55b6ac900e5424c2a77550b04d20f,0.23662167869105355,1,0
openssl,0.15,openssl:adv:22:c2a88ecc1e9aae92,c2a88ecc1e9aae92a9c72bcccfd21b85b589ee9fa6c658922c13f6aa33df2966,0.3634624375290847,1,1
openssl,0.15,openssl:adv:23:49b5386f1e3f299e,49b5386f1e3f299e2f6230ad4772887e6193b5b16f1f2901f2bb802639913f5f,0.5691757091212402,0,0
openssl,0.15,openssl:adv:24:6ee530c5e250cbc1,6ee530c5e250cbc167071d74c462ebc284bd1cb64008643a12c81eb3207c5d7e,0.2865632669120097,1,0
openssl,0.15,openssl:adv:25:6fe36d69de2f0c9a,6fe36d69de2f0c9ac6f652deb1e072349170a042743263dd1550aa98ea287241,0.08924386911816454,1,0
openssl,0.15,openssl:adv:26:d82d4512e4376180,d82d4512e43761808ac4721ffd23d539c9fbdd20416ec6981f86afa5433e5abe,0.3267596061911036,1,1
openssl,0.15,openssl:adv:27:e198b67f2370337a,e198b67f2370337a5028758f9cb9f1ae803504d9504ae4d4c0eb58fb3439e4ee,0.07943645894312322,1,0
openssl,0.15,openssl:adv:28:8abf9209b2aecbde,8abf9209b2aecbdeda4648c513eb5cfa827203ef696f6311459b4ff34587da83,0.39769053721501235,1,1
openssl,0.15,openssl:adv:29:30d334fbc1a331c5,30d334fbc1a331c5b7d5cf02e28f1808673209d663ff6a2d6bc0d11c8f52a1ff,0.22618256488299407,1,0
openssl,0.15,openssl:adv:30:c26dd3cf60ba0162,c26dd3cf60ba016251bea439a51ef8d98a93d811d013bcbd0ee35add65fe3f56,0.4248950896884154,1,1
openssl,0.15,openssl:adv:31:de7ac0d197379039,de7ac0d1973790398937fff3b01dffbc028f406489510ca8a5c3f59e2032354a,0.09442573894202666,1,0
openssl,0.15,openssl:adv:32:04d9c02468182669,04d9c024681826690dc268e80bd01cc8dba08f0aeeb047346d8c28cb8a7066fa,0.29403691271401067,1,0
openssl,0.15,openssl:adv:33:879f5ca75387c41e,879f5ca75387c41ee9521c8826c732e1567099d65e43e29c74fc981f17336448,0.19474330164811213,1,0
openssl,0.15,openssl:adv:34:bbfae5d70a877ce1,bbfae5d70a877ce1e3636e1665701a6d29a2db4b71f08a3eae8963f968b2cdcf,0.5267662386341366,0,0
openssl,0.15,openssl:adv:35:2348437a6bf3dd1d,2348437a6bf3dd1d3d3c12705936b9df365bd67b394480e5382f16f748a9e8b5,0.22446891771079627,1,0
openssl,0.15,openssl:adv:36:2e9ea0e0b3b23c7a,2e9ea0e0b3b23c7aab04927352545b82d8f98e72ee3cabc8bd7a492c948acb8f,0.6213300384807426,0,0
openssl,0.15,openssl:adv:37:ef8c6d66c979e968,ef8c6d66c979e968787f08740475cac97ddc5ff89f323ab936fd61af35449059,0.23662167869105355,1,0
openssl,0.15,openssl:adv:38:eda817c906a5fbb3,eda817c906a5fbb36a93e2144ce879a658fbd2eedf59eebb7c0a485f880f6f4e,0.6217891322292766,0,0
openssl,0.15,openssl:adv:39:86ef0259743d6c8c,86ef0259743d6c8c91967fa29088e83486d70b0675eb07d3ce32651060b0c00f,0.11206264891336841,1,0
openssl,0.15,openssl:adv:40:d5557ea90f824790,d5557ea90f82479074e4f34196e761eabf9262326cb47f6a979a97d35ad80db9,0.19498016055882136,1,0
openssl,0.15,openssl:adv:41:3fbcb2ffd2e909f2,3fbcb2ffd2e909f2c5507b5046c2abd902fc94015df7b6200dc004e14f93b0cd,0.5861241826582716,0,0
openssl,0.15,openssl:adv:42:68f2d2758d50e596,68f2d2758d50e596a9ab9076e47e012df6afd7c4686b214624074bc7cab7cc6b,0.29806798315583255,1,0
openssl,0.15,openssl:adv:43:c0289c06b8112779,c0289c06b811277980542a4d6df4449848265a58e83c8a1d01f591fa4aa25fe5,0.26658181099132594,1,0
openssl,0.15,openssl:adv:44:976de423d429404c,976de423d429404c24d92a1b9ac41b8c04ea7f879944ca796e0dce6a21cf94d3,0.23769270380381233,1,0
openssl,0.15,openssl:adv:45:0a6b9e516942982a,0a6b9e516942982a97524fd286a5d95d7eaffef0823e6e965d26e077995863a7,0.2457295581310939,1,0
openssl,0.15,openssl:adv:46:9216e82b9eabdee6,9216e82b9eabdee6470ae1226afec0caf573e00aadafacbb31bc5ae7da5c8bc7,0.5647812253175237,0,0
openssl,0.15,openssl:adv:47:d8ef7b15c71437eb,d8ef7b15c71437eb3ef55ddf7ec80bc19e5a2c53ffe22be2027132cec45a961d,0.37122459524508594,1,1
openssl,0.15,openssl:adv:48:39d6e19abda7dac4,39d6e19abda7dac4df43661dce3f6644fd628e75148caf971fe3564c025e662f,0.10149281204218695,1,0
openssl,0.15,openssl:adv:49:f6db36ba5906d3b2,f6db36ba5906d3b295980c8064443c4fe8e4fd7c2ab51de0735a0df41191f579,0.2154451837891711,1,0
cwe119,0.01,cwe119:adv:0:38d64969f2f498da,38d64969f2f498daaacf284f59791b2b8ee16de0f93173f6a6c05b1d0bc3cc67,0.048860755689129384,1,0
cwe119,0.01,cwe119:adv:1:f2c39591912573cd,f2c39591912573cd4a26b72dbf1edecaf8c139c1a159302c277b2e000f339dca,0.9834105733851318,0,0
cwe119,0.01,cwe119:adv:2:c15a1432488dd83e,c15a1432488dd83e8b78a14bae612a93d2c966740980f278b358a27e7904ca0b,0.16365737156004964,1,0
cwe119,0.01,cwe119:adv:3:7593c0806b814181,7593c0806b814181b39e7d90bc4a77a5b2218b6ca4d7599f96a9d685f972eb8f,0.016295349825393088,1,0
cwe119,0.01,cwe119:adv:4:04667ed555e3bfd3,04667ed555e3bfd33e9e3d2382e8065159847ec178abf114ab197e5928390c34,0.9772446220221817,0,0
cwe119,0.01,cwe119:adv:5:9411c6d93d66ff0f,9411c6d93d66ff0f2daf7a5602eb9dbb843f1f6beec3680d873a9fd3457cd530,0.0030077458780530856,1,0
cwe119,0.01,cwe119:adv:6:6527220f0f817493,6527220f0f8174934405436dd6bd8fee8b0f18506a36b15483233d4db121e69b,6.0789153840326536e-05,1,0
cwe119,0.01,cwe119:adv:7:3d2b8a0b354b04bd,3d2b8a0b354b04bdfc646aa66375de828070edf61c13640fd35428698addceb8,0.22547593916173214,1,0
cwe119,0.01,cwe119:adv:8:4b9ba336a44134b7,4b9ba336a44134b770ddfe84bd3009d0bd98a1606b2f0ce9fa3185e9983b8e22,5.9863146923164674e-05,1,0
cwe119,0.01,cwe119:adv:9:acae8667c7c7f3fe,acae8667c7c7f3fe7866c7157d05fb500feba860ac9a60c90c3454238db6b0b3,0.14954920614754608,1,0
cwe119,0.01,cwe119:adv:10:6f06db7a07156d95,6f06db7a07156d95d3c80d2eceb4892ef4675ffe39f7bf12595ec89ea4b8d88c,0.03313783837889613,1,0
cwe119,0.01,cwe119:adv:11:b299f5193839b3b4,b299f5193839b3b4f3a66c07a1decf28f4863c848a627e45f157d838120c0eb8,0.033495324549556164,1,0
cwe119,0.01,cwe119:adv:12:b8efeca8066f8a23,b8efeca8066f8a2356acc1af1d5d0e54cc53d41caad3131bafbf2f050678e2f4,0.060327539723698906,1,0
cwe119,0.01,cwe119:adv:13:baf65ad39b062707,baf65ad39b0627078dbdc06e82319d75171b6a653d3a48fa640c1ba1150ccee3,0.9787338578574454,0,0
cwe119,0.01,cwe119:adv:14:6ffe5a98044737e7,6ffe5a98044737e7e7ad56e455f4f4b84387516b7ef202da10b7d2c155845a3e,5.9863146923164674e-05,1,0
cwe119,0.01,cwe119:adv:15:2ebaea21e8e43450,2ebaea21e8e434503e2e2dc83a0bd70ec2a21f8b89b6079f4adf8e5c38fc2158,0.19007723931923504,1,0
cwe119,0.01,cwe119:adv:16:1194f4cb02d95e74,1194f4cb02d95e74e50eba983b1f2bd24fa1d45a6dbf2763d8f19d9baa4c2e47,0.11578925965907454,1,0
cwe119,0.01,cwe119:adv:17:be1f92c8522e5118,be1f92c8522e5118aef64bd0814c327f299ce824f963bf2a8732fb57b94a644d,0.926649096973424,0,0
cwe119,0.01,cwe119:adv:18:203b57362f40a9fa,203b57362f40a9fac9cdc161720ffef35b9e7007ff78150eecda45696da179b5,0.30201944676041625,1,0
cwe119,0.01,cwe119:adv:19:65bc737ae3312a61,65bc737ae3312a61e28a6a22fdf75cdeef961a0c818e19f44195213f9f98aedf,0.746016575365095,0,0
cwe119,0.01,cwe119:adv:20:651a90c01e4bc1ba,651a90c01e4bc1ba2a7521d7cae84d57ec9dc3a4eff283e53a8831904c5d3f21,0.18036846959835975,1,0
cwe119,0.01,cwe119:adv:21:56972f4643861735,56972f464386173511f9c6034b638eb53f27c0d90f5e4b092324ba6a47c3b7ee,0.11740203743929256,1,0
cwe119,0.01,cwe119:adv:22:ab3cea42c200dedc,ab3cea42c200dedc05f80d20ea2fa3632d2295797d33f97d309beca115962312,0.15275598599144097,1,0
cwe119,0.01,cwe119:adv:23:2d36e2d5ca394a5b,2d36e2d5ca394a5b31d0537d9a60644a556879971cc88b4a639572241681ed0f,0.23523486826014942,1,0
cwe119,0.01,cwe119:adv:24:60e4fcfbc50b294b,60e4fcfbc50b294ba2e085e53d0b5ce2c1bd837dd91f1beaf6909bf93b772ace,0.045326736173075644,1,0
cwe119,0.01,cwe119:adv:25:530ef966288bf855,530ef966288bf855f690e8e46a85be9bb364e2ecf73fc0d14ee98b1d591d76ae,0.059592918134493994,1,0
cwe119,0.01,cwe119:adv:26:15886edf45e1ddd8,15886edf45e1ddd8f5f874d1a1c9457016a71fbeaf69dc7d1601c55dbfbd93c3,0.620853451547075,0,0
cwe119,0.01,cwe119:adv:27:a12b676fd289f51d,a12b676fd289f51db9d8367186d1b396e5be8325beb2416b6ab461c354d5cd92,0.698850826220668,0,0
cwe119,0.01,cwe119:adv:28:55550e38749a4b9b,55550e38749a4b9beff0c7059692fa5c2e976989286f952d9fbbf9b341b17b3f,0.6072019856066618,0,0
cwe119,0.01,cwe119:adv:29:b6068b36d10b1fc5,b6068b36d10b1fc54765f404422d54ec568fdff4358129d331942553369b0d96,0.23653464996995788,1,0
cwe119,0.01,cwe119:adv:30:aa622459546c7362,aa622459546c73626457f0dc907ab03b792931d51f517c8f0a65c1dda737562c,7.667344083281268e-05,1,0
cwe119,0.01,cwe119:adv:31:d45b1e9114e0e951,d45b1e9114e0e9513f53d7288d1373e6d887b6e2423f9d23f5a798c76938add0,0.7774526949849109,0,0
cwe119,0.01,cwe119:adv:32:5eba51ba05d64cdc,5eba51ba05d64cdc9665193cd24a1d729f328feaf2a99bfefb6f5100c9d81002,0.0009912533468637438,1,0
cwe119,0.01,cwe119:adv:33:a517d834449eb5bf,a517d834449eb5bfcbed06b60560001ffa688755e3543a5a2e36e30a4cede110,0.9247887451606451,0,0
cwe119,0.01,cwe119:adv:34:1b11e07960319c7a,1b11e07960319c7a4cea814e1265f94ba70e979fbbe09a9acb714d7865267ecd,0.01997624034427852,1,0
cwe119,0.01,cwe119:adv:35:f6bc523661b4433f,f6bc523661b4433faba9f3705bea7e1c7d3bfd28b1d05df65ed2518faa269818,0.9403167229090316,0,0
cwe119,0.01,cwe119:adv:36:82f0855fee23fc8e,82f0855fee23fc8ec6fe0e8088afcae3396bd17a43954afc9a3289d357189a91,0.9595622866718146,0,0
cwe119,0.01,cwe119:adv:37:d11fd37b4ce2cc70,d11fd37b4ce2cc70e82c4fc233266d572be89e4a468f4f18f6a1f9f4e41b76e9,0.041486016122261146,1,0
cwe119,0.01,cwe119:adv:38:67ecec816128764e,67ecec816128764eb6bc456d70cf3ca8f3fd610592047feff8962b2cd1fbaa99,0.331098999319371,1,0
cwe119,0.01,cwe119:adv:39:af593d821a016151,af593d821a0161512d6c7b4fbc7abe5202b12d1f0312089a144547eff1db41d9,0.6366409719944087,0,0
cwe119,0.01,cwe119:adv:40:df7db41ca30614a5,df7db41ca30614a5df06f2b98b6de52784b85d52ce3fa94e7df2ad93becca2bb,0.9840012343188842,0,0
cwe119,0.01,cwe119:adv:41:40f767968a591dd9,40f767968a591dd96913336f0f1676504af1c249a9db027cefafd56d1b65e385,0.9321531229801264,0,0
cwe119,0.01,cwe119:adv:42:50023f57332bc98f,50023f57332bc98fc4b2513e603ae68b2da5fdc3f09340ae962ea6e95b306efe,0.7499487367136113,0,0
cwe119,0.01,cwe119:adv:43:26c0994c20d74988,26c0994c20d74988f697d8958f00edeff797ce6c4fdfb5cabc502f01b399b2d2,0.14755422009568325,1,0
cwe119,0.01,cwe119:adv:44:d0073029eff77d6a,d0073029eff77d6afea47b09279890b86eddfb6d321a0809d294124b8b8fc08a,0.2949937267751849,1,0
cwe119,0.01,cwe119:adv:45:2bc642a71fb8cd6e,2bc642a71fb8cd6efcedf1b3009033c2a4f59a17eeb7b50587e101f32790ae6e,0.6202763781746597,0,0
cwe119,0.01,cwe119:adv:46:4c260259d2e2880b,4c260259d2e2880bc873f44d8a1c10931363cee9f474f9fff78b2b3fda983346,0.1480053279859115,1,0
cwe119,0.01,cwe119:adv:47:ecb4ba281dd73123,ecb4ba281dd73123f3b1c18b586ed2351b22e15341a2a43d337cf1279047a730,0.038533512127343496,1,0
cwe119,0.01,cwe119:adv:48:790ca98be7dbc425,790ca98be7dbc425f2474f03c6b2ab5691d93fb99494bd9256a957442cce79d9,0.8312458939421044,0,0
cwe119,0.01,cwe119:adv:49:a60f662dd336ba70,a60f662dd336ba700851105dae52399515ae9b0e23d29391fad76bf5a30b4be8,7.667344083281268e-05,1,0
cwe119,0.01,cwe119:adv:50:fb80ec7a9b7d4fb1,fb80ec7a9b7d4fb18b51a7576bb3ebdef4ec571f606314c8f8873e224e3d207f,0.6680782510609553,0,0
cwe119,0.01,cwe119:adv:51:f4cdc884f6bd981e,f4cdc884f6bd981ed73699d72096547dbdb859d06180a654dbfeb292b6e36bab,0.16895199420526302,1,0
cwe119,0.01,cwe119:adv:52:2e7350d56c58ad7d,2e7350d56c58ad7d5e6932b703aeb30d8b6e4eeeef515b3c07ed12847a946489,0.13908396033559697,1,0
cwe119,0.01,cwe119:adv:53:de3fbb842761445d,de3fbb842761445d9bb1f8c084564060c37b5d4c2569107d791c57dfd4865393,0.013571117599034751,1,0
cwe119,0.01,cwe119:adv:54:1b3acd4e4511a46b,1b3acd4e4511a46b89a53a8e4bfb331eb70d180461cf5216641c879fa68a45e8,0.042451825035981494,1,0
cwe119,0.01,cwe119:adv:55:fe4700d8b5d9c4b5,fe4700d8b5d9c4b5be2a887d46d45c772de0d5a7ed7895e84b7581814595b510,0.5882346328700636,0,0
cwe119,0.01,cwe119:adv:56:bfb2ad568548419c,bfb2ad568548419cf253c41562ad6e15fc8e6e6aa27ea5a1ea96b7a39e5b467b,0.26527336097038595,1,0
cwe119,0.01,cwe119:adv:57:4c28e1952569ddc2,4c28e1952569ddc2e364c5c3080106821a35f873daacb4bb7e4ebd08fe060875,0.8913599155717067,0,0
cwe119,0.01,cwe119:adv:58:aa444e58838b1a76,aa444e58838b1a76864f6a9e6dfe80b22375ad1fb3bb5d73655b744af62c8e7f,0.028845669841388505,1,0
cwe119,0.01,cwe119:adv:59:1825e53516f6c258,1825e53516f6c258b9bf8d952e5ace0d77f6123e8b96ed330ea49bb56475acf3,0.08166793335766744,1,0
cwe119,0.01,cwe119:adv:60:11b7956e1e1ee1c5,11b7956e1e1ee1c5e5579d7e8b7cbe61f8cc49562d248af2eec5c36210642b0c,0.26000284857696193,1,0
cwe119,0.01,cwe119:adv:61:52b24c273da85b6e,52b24c273da85b6ed08f0576c287b4c044386f198b8c33b5998ae375762ae148,0.8586653472015928,0,0
cwe119,0.01,cwe119:adv:62:5c9df3b3e9d5e42a,5c9df3b3e9d5e42a96d5be7c3820f3a6dc0b863949b0cdf96320c0f0ebc6062d,0.011558543681740275,1,0
cwe119,0.01,cwe119:adv:63:101f0e6dbbbf7050,101f0e6dbbbf7050178ba0662a373ba0ab4fd8523687b98efd8d7a659f10ee60,0.0466414138453842,1,0
cwe119,0.01,cwe119:adv:64:a57a4dce31d9de90,a57a4dce31d9de9097aa3d8bb3b0f544afd58cdb92f955b591b22268987e023f,0.013564666259741004,1,0
cwe119,0.01,cwe119:adv:65:f39101bbeeffe5ca,f39101bbeeffe5ca206ecc3efb11fb4f121513d23455d92e6cb656d1e2c9f5a6,0.6768524776802874,0,0
cwe119,0.01,cwe119:adv:66:0fa87f560bb9bc79,0fa87f560bb9bc793fa9f1aca6fcea567c36a2fcdecbf6ebc5a05be66aadbb3c,0.04158941220221068,1,0
cwe119,0.01,cwe119:adv:67:3ca208d47c084f8c,3ca208d47c084f8c61dd80a97942be6fa01f67cb663d6b243a80e17f826757bb,0.030847268449114697,1,0
cwe119,0.01,cwe119:adv:68:579dbdbafbdb5edb,579dbdbafbdb5edb508fb87baf2c7434e501b4dc3c212a881848a68687bee80e,0.07606708753515531,1,0
cwe119,0.01,cwe119:adv:69:96899601a665de63,96899601a665de632f1baf89e676fd31b48341aa5c2a6df0c1967016eb49e6cc,0.05397200299381767,1,0
cwe119,0.01,cwe119:adv:70:75693460be1bb51a,75693460be1bb51a761752d63f9307f9fbec323eb9eec1dde1700da5db375129,0.29611837352888937,1,0
cwe119,0.01,cwe119:adv:71:7cf6f5b551f46a4b,7cf6f5b551f46a4b9bdf9075eeacf45d7c4e4a8789838f24225d50f778c67159,0.01713800356571582,1,0
cwe119,0.01,cwe119:adv:72:741a6d7e31b46615,741a6d7e31b46615946f9c1f64511a1af2bba4ddbf5f5d1e36ca0b7066b34f98,0.9676117813833642,0,0
cwe119,0.01,cwe119:adv:73:cfed39d0afaf04bf,cfed39d0afaf04bf768c6c4de554ff9501aef5386d7085b5cf4119c3006da2a0,0.17902433704189458,1,0
cwe119,0.01,cwe119:adv:74:f08aecb5d440d562,f08aecb5d440d56236f63c45ee9e588ec6e718e367c98c32416706c5161fa1b7,0.13973847685307658,1,0
cwe119,0.01,cwe119:adv:75:88e3066dc5cef7fe,88e3066dc5cef7fe00ac34097e1d4ad894b7b255524e2ca75e453c5a87104905,0.10064211025584163,1,0
cwe119,0.01,cwe119:adv:76:89cd9bf20e72e784,89cd9bf20e72e78476681ce5bde5d54e9d08fef3d46dec9a37234414e3616a30,0.358858984445747,1,0
cwe119,0.01,cwe119:adv:77:790b87942cd8c34a,790b87942cd8c34aba9d517d0a7cdc7ebbd28c389aeb7fde5568469206f3e486,0.044824177200151596,1,0
cwe119,0.01,cwe119:adv:78:6732d04c3cfc37fe,6732d04c3cfc37fe0152299272ceecb85c769e89e1751c6592ad37bf6822085b,0.9487006481145638,0,0
cwe119,0.01,cwe119:adv:79:596097db2e02d404,596097db2e02d4044055d02f8d2fd6caf035997035c6f9769c02815f8b486c99,7.667344083281268e-05,1,0
cwe119,0.01,cwe119:adv:80:e16ec74752bbc6b6,e16ec74752bbc6b6998acbd15315ba6eca991c8f023c00361872281063dfa792,0.13675099953565856,1,0
cwe119,0.01,cwe119:adv:81:659bb39670e694d6,659bb39670e694d6501bcca5a6931b6f02c3b3f5497b25f59eefb13e9049a546,0.11204987589552444,1,0
cwe119,0.01,cwe119:adv:82:bbb8d951035293a7,bbb8d951035293a7922b62cc02cfcd819a26e407566aa7110d7bf8228c0150c4,0.5901984898600476,0,0
cwe119,0.01,cwe119:adv:83:867c3a9691771718,867c3a969177171807575d1f29e17993452d39e53efa961b3e8f59cc282fea78,0.2639621832277795,1,0
cwe119,0.01,cwe119:adv:84:4a5f1a4f50d675c3,4a5f1a4f50d675c3c22fa36e7c20de69a50911c4ac777baed17be7f28893da1c,0.22740350929853384,1,0
cwe119,0.01,cwe119:adv:85:03758ffe07b84167,03758ffe07b84167f7977054b4f5258545cd70ca1d0ecc2c0ccbaf64bb8237ba,0.2613023520371338,1,0
cwe119,0.01,cwe119:adv:86:518e91e396b86a03,518e91e396b86a038d1bc01314f4578858a33a796e9d63a84fd8ad668413fc65,0.2949937267751849,1,0
cwe119,0.01,cwe119:adv:87:f003b719c56c1070,f003b719c56c1070233f52366b23048122fef69e31c3569807754f05a22d5364,0.15377619420904873,1,0
cwe119,0.01,cwe119:adv:88:c51130baaa65200e,c51130baaa65200e1bbee15dcfdfe364392c63255a2271c6b346dc92ac37e846,0.17902433704189458,1,0
cwe119,0.01,cwe119:adv:89:646a3c1e6ddef074,646a3c1e6ddef07476344ea38111af468cc124c0542a6df5e8fab67c770ffd51,0.15584561607474845,1,0
cwe119,0.01,cwe119:adv:90:ac1abd53107e1e8c,ac1abd53107e1e8c52928fa20acb706c13e7071020aa3b75d01ea1d99d69086e,0.9503560615757485,0,0
cwe119,0.01,cwe119:adv:91:9c6db1482c60045c,9c6db1482c60045cbf7c9f049f0e022e49a46e9bbe9bdd1fbd1e6678a016c292,0.05445460644043491,1,0
cwe119,0.01,cwe119:adv:92:8f8dea21330f23ec,8f8dea21330f23ecdcf351730e77f139c8a2cfa8b2198d49ea25356f5c40bd08,0.9462993019382347,0,0
cwe119,0.01,cwe119:adv:93:96347c37116d0119,96347c37116d0119b118fc821a10f80af1e9d254f3023d6fa6e5106a6a47ece4,0.9163421764981635,0,0
cwe119,0.01,cwe119:adv:94:60e21e346320b84d,60e21e346320b84ddfc1ab8a48099339f724accd15078f6b6644d069b37ed81d,0.9737912336200557,0,0
cwe119,0.01,cwe119:adv:95:3b0388a994565e05,3b0388a994565e05fc605ea7d2e423f97435558f3243315394b808e670ee068d,0.30201944676041625,1,0
cwe119,0.01,cwe119:adv:96:ed22fbbdb9824578,ed22fbbdb9824578f69940154d3f372d934e2f6963d5c5c9f88c861a43310721,0.16303576464303696,1,0
cwe119,0.01,cwe119:adv:97:6c15af523c548f2b,6c15af523c548f2bda8c1a3f7f7c1f71c6385104812fdf3446a9602f5c3f7bcb,0.2899620135519008,1,0
cwe119,0.01,cwe119:adv:98:348153fd19479918,348153fd1947991841f749ab6a70f64e0e60dd9b7018ed9f9089e0cfe59a502b,0.0132356740867232,1,0
cwe119,0.01,cwe119:adv:99:93b625eaebc587b7,93b625eaebc587b736c1bbafd5c90db43797ca000ba785d3d5db05b69458bf09,0.08373021429029068,1,0
cwe119,0.01,cwe119:adv:100:5b16f6de501199e6,5b16f6de501199e6bacc59fffe7a6db213233ae1709b8f658e425cd606f38e22,0.150148083795627,1,0
cwe119,0.01,cwe119:adv:101:42be6af39991b668,42be6af39991b66864848e73e8838d89d173c2b333829ee6240609e40f17da04,0.868295924501511,0,0
cwe119,0.01,cwe119:adv:102:3cfd05bf103ab605,3cfd05bf103ab6056465df9854320d49e0c36a023122f54d2fed789720f5fc55,0.09865786901027464,1,0
cwe119,0.01,cwe119:adv:103:f0472fc38f8d585a,f0472fc38f8d585a2778c7770a91156a54c2cbb9ad3276ffcf1908fcaa3e4251,0.16164172211565866,1,0
cwe119,0.01,cwe119:adv:104:41f0d3065d9f3fa6,41f0d3065d9f3fa6e51f82b6e9d1015a1142bb21e1bddf1bc616db0f8967701a,0.19959085922585712,1,0
cwe119,0.01,cwe119:adv:105:7bead6b969a5e789,7bead6b969a5e78903576d05f3027e3abc55940027afca935eb933e9b1a63a24,0.3927605311425238,1,0
cwe119,0.01,cwe119:adv:106:621c08baf3e7ab9b,621c08baf3e7ab9b1ececceca909bdeec79af06488d554c4fe48cdd582e777e2,0.16303576464303696,1,0
cwe119,0.01,cwe119:adv:107:14474dec9ff30212,14474dec9ff30212ddc6a900c0b59fc3f6f4a8c4a112af2f280ad856f43f7bde,0.3304516140966499,1,0
cwe119,0.01,cwe119:adv:108:6a85e439a41ade8a,6a85e439a41ade8a7e271e67388cfec51ae85f7b209c2a82f8d0dd9c9f73f411,0.051451722397150595,1,0
cwe119,0.01,cwe119:adv:109:695f9f6916e42591,695f9f6916e425917a6054dc741e861b84c702adcebc584060e72d6e4c2842a5,7.667344083281268e-05,1,0
cwe119,0.01,cwe119:adv:110:d739177f772b9754,d739177f772b9754441e202ab4d09a2078392f2d55390ab85594bfe0bb35e472,0.9776047276086167,0,0
cwe119,0.01,cwe119:adv:111:e9bc27341d0ec654,e9bc27341d0ec65469f50676c7c548dfbd21d61d31ea1b33491280bb042d3b59,0.15275598599144097,1,0
cwe119,0.01,cwe119:adv:112:00189055be61b0ac,00189055be61b0ac9de83c9d302b77ca4c42dbf8decb3c9124b7ff7773d2fe43,0.19553475311366422,1,0
cwe119,0.01,cwe119:adv:113:b0040a97e6c802e8,b0040a97e6c802e8e6a12857bb74b5f9b1861bd0a4b757497acb74f83d9259f6,0.16967249876185914,1,0
cwe119,0.01,cwe119:adv:114:1d9f30403ab687a6,1d9f30403ab687a6c491d21d51babcd73d1e4c122b8f82d0d03e6556ed34ab7a,0.0970444654702633,1,0
cwe119,0.01,cwe119:adv:115:a91614914cbd350a,a91614914cbd350ad08e25eaaa06bc8eed401c084289f610e7ff2baa700bdd9b,0.8773064359415093,0,0
cwe119,0.01,cwe119:adv:116:020ace6374b268d7,020ace6374b268d769ac227dd99ff868b96d7065f27fca2e5603a94484c5e1dd,0.9427810833922673,0,0
cwe119,0.01,cwe119:adv:117:62648282098f60f7,62648282098f60f74f655edd1c08359bfa5800683d2c0f6a3f7d91e366fefafa,0.2568738890570573,1,0
cwe119,0.01,cwe119:adv:118:ef52ecb2e4977a44,ef52ecb2e4977a447be2d10f3a839b6af3d142173844e7faac97dcd554a11b48,0.2565879985360214,1,0
cwe119,0.01,cwe119:adv:119:c664cabb07054771,c664cabb070547711849315565f356162e496b00bee45a1840444b065b0da09b,5.9863146923164674e-05,1,0
cwe119,0.01,cwe119:adv:120:79f6f8df8b38574c,79f6f8df8b38574c41ba724ccda56e3cc48811710257103a7470b258f387cc74,0.1660889553638719,1,0
cwe119,0.01,cwe119:adv:121:2a59bcde1d49abd7,2a59bcde1d49abd703b4fe501d78ec93c12b2c5afb0df51333872bf8cc030166,0.00018807732163103846,1,0
cwe119,0.01,cwe119:adv:122:053efbbf33096b79,053efbbf33096b79054604f19ab72837dcdd8dc6f2ad513ce6e111fda4099139,0.9147020835729502,0,0
cwe119,0.01,cwe119:adv:123:74591856d4c12dcf,74591856d4c12dcf74ba1bc20b3957eacd3b7f129cf36c20d35f41f2d762d7a9,0.051559624054715196,1,0
cwe119,0.01,cwe119:adv:124:653be6258dbc559c,653be6258dbc559c543febdaa1c0a53cdaca719dc0d000eb2cf500ab961e5000,0.9031653363874729,0,0
cwe119,0.01,cwe119:adv:125:714032057ccceaa1,714032057ccceaa1d45a7cc963ac44e48a3610f2f9480e5ec00693b6f9dc21f3,0.15587978593901178,1,0
cwe119,0.01,cwe119:adv:126:58458449c6a59ae7,58458449c6a59ae7e6b11aeb31ca2eae037ed32941bebbc95eb4d6cf99362c18,0.25558932405818874,1,0
cwe119,0.01,cwe119:adv:127:6efff82faba444d1,6efff82faba444d1408d5cac7af1045b57df398b1b64150feca068bddfb6a305,0.02659640274288744,1,0
cwe119,0.01,cwe119:adv:128:bfd2cfc14a13beb1,bfd2cfc14a13beb1cd222d372a2e939530727e587b0e747cd1fb25f31b7c1f63,0.9563858880715601,0,0
cwe119,0.01,cwe119:adv:129:7d994eb24b00fdc2,7d994eb24b00fdc25ed7ee8635d0f1457fc79ca2c91371815b4c6022d14d1449,0.18036846959835975,1,0
cwe119,0.01,cwe119:adv:130:120386dd3cd1f8ca,120386dd3cd1f8ca5500ef3914a3da0dc8e1d4f99db2d4885414657e856275cf,5.9863146923164674e-05,1,0
cwe119,0.01,cwe119:adv:131:de481e02e4781c09,de481e02e4781c0943295d8acea6352afbd2d8aaef5416a969b2f6ab602c3314,5.9863146923164674e-05,1,0
cwe119,0.01,cwe119:adv:132:f874327e7097ef55,f874327e7097ef55624b5d1fb661b6991c2fb7c66664674fb609a0ba49145199,0.09365391555310983,1,0
cwe119,0.01,cwe119:adv:133:c59ed954d923ec69,c59ed954d923ec69e3cf067a42a8e7500274786eb95382b895a864803be5b610,0.19647738639303852,1,0
cwe119,0.01,cwe119:adv:134:8968fc9d55b487aa,8968fc9d55b487aafdfe6ac2a2763eea88b78d176b6d1b8f998bc5c7a7c3f0db,0.17834377702171506,1,0
cwe119,0.01,cwe119:adv:135:d252cedf7c5512a8,d252cedf7c5512a84fa17e1556d68149bce5a1c85bb574035372b0262b740ebc,0.9825380684553078,0,0
cwe119,0.01,cwe119:adv:136:10fadff500dbd10d,10fadff500dbd10dd5a17b5428b4f0b2caca1ef6a083b8eb86310a0da1c5de10,0.06796991660226528,1,0
cwe119,0.01,cwe119:adv:137:d5cea30f49620b06,d5cea30f49620b06ab1ec5d5eabb9e00d389d5e886202fa0863afb834cf03def,0.17239971157760253,1,0
cwe119,0.01,cwe119:adv:138:c842253f229882e6,c842253f229882e66090e10b1670225d9f1e0072c399de8597ec2eb9ec9d45d1,0.0011012109507187585,1,0
cwe119,0.01,cwe119:adv:139:d050bc54d0a2e2ca,d050bc54d0a2e2cae3613f5d517bcde01d87ca5fa6de2edd135ec859f81eecc7,0.03237202681398132,1,0
cwe119,0.01,cwe119:adv:140:e6087cd94447e18f,e6087cd94447e18f48d1663f7f332724731457fd2c5d0c59c3355ea20c5a4ac8,0.11071397627228063,1,0
cwe119,0.01,cwe119:adv:141:9f4af6e2664a5d9f,9f4af6e2664a5d9ffd10a025fa96dc9c08ff00472b1e0c84d1240cac9d7cfb6c,0.17764635112738947,1,0
cwe119,0.01,cwe119:adv:142:f1482083f2f58c15,f1482083f2f58c152a47ade421f1d8eaebb37ba72115fe4a01c0a1453d2c633c,5.9863146923164674e-05,1,0
cwe119,0.01,cwe119:adv:143:6634b686799076bb,6634b686799076bb5c70cb0c71095990ad15a2ea3c06e16021edc91e2b9fa22c,0.9828438721998382,0,0
cwe119,0.01,cwe119:adv:144:354b916fc1a46017,354b916fc1a4601757d1bb97b7940e1b6c3ec96e53f9e49110925b2671a7cd71,0.5884541279640586,0,0
cwe119,0.01,cwe119:adv:145:33a0d19bfc2b3b61,33a0d19bfc2b3b618b87028659bb508776e4b27ad74c7d83ce251e97679bc413,0.8797323535609703,0,0
cwe119,0.01,cwe119:adv:146:e0c64c71292086d0,e0c64c71292086d0e4c4cc4e27c851aa26a62e85ddb92cea25d856fb224bffe6,0.00019410207103246196,1,0
cwe119,0.01,cwe119:adv:147:1dbca373746b027d,1dbca373746b027d1f0e43b5368331e80ccbf1dab8e0e7bc347d8684cd9920fe,0.015509815345082232,1,0
cwe119,0.01,cwe119:adv:148:9bfeaa41c859f69d,9bfeaa41c859f69db75f91f3048e3cfbe1d75b100ae52e43f6747ef61bd3da3d,7.667344083281268e-05,1,0
cwe119,0.01,cwe119:adv:149:a1b504a582509d39,a1b504a582509d39ec61ad46255a0b7f1fe6fa3a4ec825466efe2f102b618554,0.00019410207103246196,1,0
cwe119,0.01,cwe119:adv:150:b0a45c41c7a2ed45,b0a45c41c7a2ed453947d3d74668b7e2a0a48bdfd93c84e66acfc62de86e460e,0.13333101229220826,1,0
cwe119,0.01,cwe119:adv:151:43f264bf2cc1f1d2,43f264bf2cc1f1d24239d5996f7e0e771f6bf6a8d1e1b4caa1044b9f560d7c1f,0.10779679377478657,1,0
cwe119,0.01,cwe119:adv:152:e12af589a4012e3a,e12af589a4012e3a839b9490a2efa8bec3919250d915ba581d02ac97143f8131,0.9678492234144647,0,0
cwe119,0.01,cwe119:adv:153:d9f1bd2b8d293037,d9f1bd2b8d2930379c9e2a8cedeb0add354d9764c7463269e61aa467b98607dd,0.3596616635202632,1,0
cwe119,0.01,cwe119:adv:154:5c97eb8239636390,5c97eb8239636390f59544c04fd838479b2603a7882fceb617cf20d8a6ec3896,5.9863146923164674e-05,1,0
cwe119,0.01,cwe119:adv:155:9d4850a835893d48,9d4850a835893d48bdb2cd7071cb5b9a1637e667d68d05dae9a278e7f568f71e,0.9816164085956967,0,0
cwe119,0.01,cwe119:adv:156:3c64a8b808632f9a,3c64a8b808632f9a18314a570f26695075b889e262a6106cfbe60cf702bcf716,0.9655690978223804,0,0
cwe119,0.01,cwe119:adv:157:e6e0379498d76fe6,e6e0379498d76fe69d63fcd53b72aa0e0ebb781fde67086ee23d91c52eec172d,7.667344083281268e-05,1,0
cwe119,0.01,cwe119:adv:158:d585e3c1b176c911,d585e3c1b176c911f1cb6b446fb2794a8c6c88fd13f357e60d3f0b18b49bd897,0.0578071007727921,1,0
cwe119,0.01,cwe119:adv:159:00d89d39605254e9,00d89d39605254e9486def60c2a2f35d589a3a52d82423027090f829c1d96dbd,0.20143730123062503,1,0
cwe119,0.01,cwe119:adv:160:0a569eb26a0a7b8d,0a569eb26a0a7b8df857fb257775a7c2cd5d62d23afa8889c175e4688a566073,0.822220551276797,0,0
cwe119,0.01,cwe119:adv:161:0a0f70750f1a0485,0a0f70750f1a0485b861b55ca2ab4e89d0afef00e982934019ccbdf89ec1922d,0.11273138408697493,1,0
cwe119,0.01,cwe119:adv:162:676a4db581e86e32,676a4db581e86e3225a6ebea107df11892f2caf4843be6aec8838c017988e299,7.667344083281268e-05,1,0
cwe119,0.01,cwe119:adv:163:33f5c021ebab6d17,33f5c021ebab6d171f39ee8fae29c0b7cbe60a582eecf6afdc5b046f7f350f69,0.0014813499614539402,1,0
cwe119,0.01,cwe119:adv:164:df5f632cc964d275,df5f632cc964d275188d5210bb64dd4ebda2f4912c244f1a67291bca1225f514,7.667344083281268e-05,1,0
cwe119,0.01,cwe119:adv:165:015b3dfffb600a3e,015b3dfffb600a3eef4fbf66f20a811437c3dc3f7d186e36628d8675c5677b72,0.014266507034685953,1,0
cwe119,0.01,cwe119:adv:166:483ab246c3fe5803,483ab246c3fe5803561519ed571a641396655bbccb1e43c3ee46e4f526e9d49e,7.667344083281268e-05,1,0
cwe119,0.01,cwe119:adv:167:76cc52c80ec65cee,76cc52c80ec65cee0af5f053afa7c766bec8cd3e847589d043945ada5e6d309d,0.17822210794552545,1,0
cwe119,0.01,cwe119:adv:168:f8fbceb02dd684e5,f8fbceb02dd684e5b1e1616f04a5047665160cec7338277bb1fe763bbec8ff1d,0.8071863249760456,0,0
cwe119,0.01,cwe119:adv:169:87cb7f2280f42c10,87cb7f2280f42c10999df0720cb7a3ec0fee15429b5308bc98d51ed53ec3a5dd,0.7297700356352285,0,0
cwe119,0.01,cwe119:adv:170:b570cb3494a4d832,b570cb3494a4d832ae4b306583eac0468f7df2347882af843f467df2bc93389e,0.9858123989125195,0,0
cwe119,0.01,cwe119:adv:171:75bddbeb64ec761f,75bddbeb64ec761f7e585a4e6c4ff060a8bb663b31c942d04417cf587399bfa8,0.9846647699022584,0,0
cwe119,0.01,cwe119:adv:172:599478c93ea7fe41,599478c93ea7fe41e427feb3542a49b3517b6d16178b522918dc9dbe919ce4bb,0.054397079857697254,1,0
cwe119,0.01,cwe119:adv:173:975d897c3c416a4c,975d897c3c416a4ca82bfd64fd2e6034e93c4e1ae34940e083d8da5362920168,0.1561073956426543,1,0
cwe119,0.01,cwe119:adv:174:27e775d8bddce46e,27e775d8bddce46ec703a533829bc13a837021293c278612eae0bd2d352ed3ad,0.105680729424164,1,0
cwe119,0.01,cwe119:adv:175:3f4f0a594c4a86b8,3f4f0a594c4a86b8b19dee5110493520e288e4ba30781499551e05ca26e54f8f,0.9354705318730491,0,0
cwe119,0.01,cwe119:adv:176:5beb7659744069fa,5beb7659744069fa8d339f10bb7dfbadbadc6ec39e0137274da00f3be3276444,0.8167588486897214,0,0
cwe119,0.01,cwe119:adv:177:5c2ec37ae1eb5e28,5c2ec37ae1eb5e28682216f6f9458d8e66525e14f29594ef204a131aec7f1280,0.06495921295234466,1,0
cwe119,0.01,cwe119:adv:178:cb10920855ff8e31,cb10920855ff8e31da0b3b6848bb8b859bfaf607a6568074cdbfee17dfcba95a,0.028662354641079968,1,0
cwe119,0.01,cwe119:adv:179:da5bf976c46f637a,da5bf976c46f637a51c9f9e88395b7494a3f1e91faf5d15fc8ee960298fab096,0.9727735622599775,0,0
cwe119,0.01,cwe119:adv:180:e05b6cd7d1dae0b8,e05b6cd7d1dae0b81a4eeecb76e6f1edec88c05370ebd9e25b43f6e3b8977b94,7.667344083281268e-05,1,0
cwe119,0.01,cwe119:adv:181:50f6ef693d1516f1,50f6ef693d1516f1317a8696749a91d5e30432b7a873315afb1d1804b4e38b62,0.4586880211444167,1,0
cwe119,0.01,cwe119:adv:182:897ae9866fca81f4,897ae9866fca81f4e7d3ca6b7f8208c4b9e93812b0a160c1ce0530d0fb4ea78d,0.043650165705672886,1,0
cwe119,0.01,cwe119:adv:183:938f279750aa2964,938f279750aa2964c57e333aa736f1a89c1b546877c04703897cb6bc1443f177,0.12451046603052715,1,0
cwe119,0.01,cwe119:adv:184:0f1384fb3a420344,0f1384fb3a420344d07657508af33efd750adeb078040d010861e6f82e8f5da5,7.667344083281268e-05,1,0
cwe119,0.01,cwe119:adv:185:c3ca705f31b7877c,c3ca705f31b7877c9e3bd72cf7b185ec64ba804ded4154265efbc2db1258f7d6,0.14637804727174805,1,0
cwe119,0.01,cwe119:adv:186:745309b9290615b1,745309b9290615b166d902f9ca08795283c384987e1dafb25274fe86d6b02a7d,0.6384447545571235,0,0
cwe119,0.01,cwe119:adv:187:483dfe87acec1b0a,483dfe87acec1b0a38169acf74c9814faff9040f8f96e3c24ae834f291d9bf67,0.9865371085035155,0,0
cwe119,0.01,cwe119:adv:188:b26b73af35562f52,b26b73af35562f52fba17ea31f4562d2ee3f73ceecdec78740c984d9570dcd73,0.048933342475989454,1,0
cwe119,0.01,cwe119:adv:189:c2bfa477b89e2dc0,c2bfa477b89e2dc00200c633bc8952874d3667ddd91b871f109417b579cdec38,0.20143730123062503,1,0
cwe119,0.01,cwe119:adv:190:9310cf230c4c3020,9310cf230c4c3020b783eb4d83c0f6c39d491ac6f29f16b7461a407988a46554,0.358858984445747,1,0
cwe119,0.01,cwe119:adv:191:dc05318b21546675,dc05318b21546675efe9ad8b342306209c6f93d8070548a5ef4ce3b4b9f3040c,0.03158291755229769,1,0
cwe119,0.01,cwe119:adv:192:b39726b671179ab2,b39726b671179ab26f2cfe39ab5ad16ac217e6cf25744a62f12034aa3baa852e,0.033306044123127466,1,0
cwe119,0.01,cwe119:adv:193:5cf938a7ceb4994e,5cf938a7ceb4994e2ccf0554799a3ce3c7211a6e79293a718452f3e7b32019c6,0.12873951229356836,1,0
cwe119,0.01,cwe119:adv:194:c254a1a29f17227e,c254a1a29f17227e2015cbbdb0fc1fa79a6814d26036331396dc66f7cb510796,0.12287041330393975,1,0
cwe119,0.01,cwe119:adv:195:053c38250655934b,053c38250655934b7b3c6884f660182597d656962d601f6e7a8337227579cfc5,0.9772289615969147,0,0
cwe119,0.01,cwe119:adv:196:8e4e872da24dc3c5,8e4e872da24dc3c5a22bff91c4c21fcb82967fdcde4d460391e340617ff46b59,0.9858277932465325,0,0
cwe119,0.01,cwe119:adv:197:d9abc72441cdaae8,d9abc72441cdaae8f932c86033c5c4cf5ec31cd72399794f045f7e08f3a4d9d6,0.013571117599034751,1,0
cwe119,0.01,cwe119:adv:198:80936cb5fadcbe61,80936cb5fadcbe610ecb4a6cb49cd83a05862d1795c5fa2a92cfa82a7b9b3d31,0.03152471367188677,1,0
cwe119,0.01,cwe119:adv:199:08de37f51647e627,08de37f51647e62701c0312bede1ae1b4f1c06dc7517f1e4a8273edb629b4ccb,0.41165243152617353,1,0
cwe119,0.03,cwe119:adv:0:38d64969f2f498da,38d64969f2f498daaacf284f59791b2b8ee16de0f93173f6a6c05b1d0bc3cc67,0.048860755689129384,1,0
cwe119,0.03,cwe119:adv:1:f2c39591912573cd,f2c39591912573cd4a26b72dbf1edecaf8c139c1a159302c277b2e000f339dca,0.9834105733851318,0,0
cwe119,0.03,cwe119:adv:2:c15a1432488dd83e,c15a1432488dd83e8b78a14bae612a93d2c966740980f278b358a27e7904ca0b,0.16365737156004964,1,0
cwe119,0.03,cwe119:adv:3:7593c0806b814181,7593c0806b814181b39e7d90bc4a77a5b2218b6ca4d7599f96a9d685f972eb8f,0.016295349825393088,1,0
cwe119,0.03,cwe119:adv:4:04667ed555e3bfd3,04667ed555e3bfd33e9e3d2382e8065159847ec178abf114ab197e5928390c34,0.9772446220221817,0,0
cwe119,0.03,cwe119:adv:5:9411c6d93d66ff0f,9411c6d93d66ff0f2daf7a5602eb9dbb843f1f6beec3680d873a9fd3457cd530,0.0030077458780530856,1,0
cwe119,0.03,cwe119:adv:6:6527220f0f817493,6527220f0f8174934405436dd6bd8fee8b0f18506a36b15483233d4db121e69b,6.0789153840326536e-05,1,0
cwe119,0.03,cwe119:adv:7:3d2b8a0b354b04bd,3d2b8a0b354b04bdfc646aa66375de828070edf61c13640fd35428698addceb8,0.22547593916173214,1,0
cwe119,0.03,cwe119:adv:8:4b9ba336a44134b7,4b9ba336a44134b770ddfe84bd3009d0bd98a1606b2f0ce9fa3185e9983b8e22,5.9863146923164674e-05,1,0
cwe119,0.03,cwe119:adv:9:acae8667c7c7f3fe,acae8667c7c7f3fe7866c7157d05fb500feba860ac9a60c90c3454238db6b0b3,0.14954920614754608,1,0
cwe119,0.03,cwe119:adv:10:6f06db7a07156d95,6f06db7a07156d95d3c80d2eceb4892ef4675ffe39f7bf12595ec89ea4b8d88c,0.03313783837889613,1,0
cwe119,0.03,cwe119:adv:11:b299f5193839b3b4,b299f5193839b3b4f3a66c07a1decf28f4863c848a627e45f157d838120c0eb8,0.033495324549556164,1,0
cwe119,0.03,cwe119:adv:12:b8efeca8066f8a23,b8efeca8066f8a2356acc1af1d5d0e54cc53d41caad3131bafbf2f050678e2f4,0.060327539723698906,1,0
cwe119,0.03,cwe119:adv:13:baf65ad39b062707,baf65ad39b0627078dbdc06e82319d75171b6a653d3a48fa640c1ba1150ccee3,0.9787338578574454,0,0
cwe119,0.03,cwe119:adv:14:6ffe5a98044737e7,6ffe5a98044737e7e7ad56e455f4f4b84387516b7ef202da10b7d2c155845a3e,5.9863146923164674e-05,1,0
cwe119,0.03,cwe119:adv:15:2ebaea21e8e43450,2ebaea21e8e434503e2e2dc83a0bd70ec2a21f8b89b6079f4adf8e5c38fc2158,0.19007723931923504,1,0
cwe119,0.03,cwe119:adv:16:1194f4cb02d95e74,1194f4cb02d95e74e50eba983b1f2bd24fa1d45a6dbf2763d8f19d9baa4c2e47,0.11578925965907454,1,0
cwe119,0.03,cwe119:adv:17:be1f92c8522e5118,be1f92c8522e5118aef64bd0814c327f299ce824f963bf2a8732fb57b94a644d,0.926649096973424,0,0
cwe119,0.03,cwe119:adv:18:203b57362f40a9fa,203b57362f40a9fac9cdc161720ffef35b9e7007ff78150eecda45696da179b5,0.30201944676041625,1,0
cwe119,0.03,cwe119:adv:19:65bc737ae3312a61,65bc737ae3312a61e28a6a22fdf75cdeef961a0c818e19f44195213f9f98aedf,0.746016575365095,0,0
cwe119,0.03,cwe119:adv:20:651a90c01e4bc1ba,651a90c01e4bc1ba2a7521d7cae84d57ec9dc3a4eff283e53a8831904c5d3f21,0.18036846959835975,1,0
cwe119,0.03,cwe119:adv:21:56972f4643861735,56972f464386173511f9c6034b638eb53f27c0d90f5e4b092324ba6a47c3b7ee,0.11740203743929256,1,0
cwe119,0.03,cwe119:adv:22:ab3cea42c200dedc,ab3cea42c200dedc05f80d20ea2fa3632d2295797d33f97d309beca115962312,0.15275598599144097,1,0
cwe119,0.03,cwe119:adv:23:2d36e2d5ca394a5b,2d36e2d5ca394a5b31d0537d9a60644a556879971cc88b4a639572241681ed0f,0.23523486826014942,1,0
cwe119,0.03,cwe119:adv:24:60e4fcfbc50b294b,60e4fcfbc50b294ba2e085e53d0b5ce2c1bd837dd91f1beaf6909bf93b772ace,0.045326736173075644,1,0
cwe119,0.03,cwe119:adv:25:530ef966288bf855,530ef966288bf855f690e8e46a85be9bb364e2ecf73fc0d14ee98b1d591d76ae,0.059592918134493994,1,0
cwe119,0.03,cwe119:adv:26:15886edf45e1ddd8,15886edf45e1ddd8f5f874d1a1c9457016a71fbeaf69dc7d1601c55dbfbd93c3,0.620853451547075,0,0
cwe119,0.03,cwe119:adv:27:a12b676fd289f51d,a12b676fd289f51db9d8367186d1b396e5be8325beb2416b6ab461c354d5cd92,0.698850826220668,0,0
cwe119,0.03,cwe119:adv:28:55550e38749a4b9b,55550e38749a4b9beff0c7059692fa5c2e976989286f952d9fbbf9b341b17b3f,0.6072019856066618,0,0
cwe119,0.03,cwe119:adv:29:b6068b36d10b1fc5,b6068b36d10b1fc54765f404422d54ec568fdff4358129d331942553369b0d96,0.23653464996995788,1,0
cwe119,0.03,cwe119:adv:30:aa622459546c7362,aa622459546c73626457f0dc907ab03b792931d51f517c8f0a65c1dda737562c,7.667344083281268e-05,1,0
cwe119,0.03,cwe119:adv:31:d45b1e9114e0e951,d45b1e9114e0e9513f53d7288d1373e6d887b6e2423f9d23f5a798c76938add0,0.7774526949849109,0,0
cwe119,0.03,cwe119:adv:32:5eba51ba05d64cdc,5eba51ba05d64cdc9665193cd24a1d729f328feaf2a99bfefb6f5100c9d81002,0.0009912533468637438,1,0
cwe119,0.03,cwe119:adv:33:a517d834449eb5bf,a517d834449eb5bfcbed06b60560001ffa688755e3543a5a2e36e30a4cede110,0.9247887451606451,0,0
cwe119,0.03,cwe119:adv:34:1b11e07960319c7a,1b11e07960319c7a4cea814e1265f94ba70e979fbbe09a9acb714d7865267ecd,0.01997624034427852,1,0
cwe119,0.03,cwe119:adv:35:f6bc523661b4433f,f6bc523661b4433faba9f3705bea7e1c7d3bfd28b1d05df65ed2518faa269818,0.9403167229090316,0,0
cwe119,0.03,cwe119:adv:36:82f0855fee23fc8e,82f0855fee23fc8ec6fe0e8088afcae3396bd17a43954afc9a3289d357189a91,0.9595622866718146,0,0
cwe119,0.03,cwe119:adv:37:d11fd37b4ce2cc70,d11fd37b4ce2cc70e82c4fc233266d572be89e4a468f4f18f6a1f9f4e41b76e9,0.041486016122261146,1,0
cwe119,0.03,cwe119:adv:38:67ecec816128764e,67ecec816128764eb6bc456d70cf3ca8f3fd610592047feff8962b2cd1fbaa99,0.331098999319371,1,0
cwe119,0.03,cwe119:adv:39:af593d821a016151,af593d821a0161512d6c7b4fbc7abe5202b12d1f0312089a144547eff1db41d9,0.6366409719944087,0,0
cwe119,0.03,cwe119:adv:40:df7db41ca30614a5,df7db41ca30614a5df06f2b98b6de52784b85d52ce3fa94e7df2ad93becca2bb,0.9840012343188842,0,0
cwe119,0.03,cwe119:adv:41:40f767968a591dd9,40f767968a591dd96913336f0f1676504af1c249a9db027cefafd56d1b65e385,0.9321531229801264,0,0
cwe119,0.03,cwe119:adv:42:50023f57332bc98f,50023f57332bc98fc4b2513e603ae68b2da5fdc3f09340ae962ea6e95b306efe,0.7499487367136113,0,0
cwe119,0.03,cwe119:adv:43:26c0994c20d74988,26c0994c20d74988f697d8958f00edeff797ce6c4fdfb5cabc502f01b399b2d2,0.14755422009568325,1,0
cwe119,0.03,cwe119:adv:44:d0073029eff77d6a,d0073029eff77d6afea47b09279890b86eddfb6d321a0809d294124b8b8fc08a,0.2949937267751849,1,0
cwe119,0.03,cwe119:adv:45:2bc642a71fb8cd6e,2bc642a71fb8cd6efcedf1b3009033c2a4f59a17eeb7b50587e101f32790ae6e,0.6202763781746597,0,0
cwe119,0.03,cwe119:adv:46:4c260259d2e2880b,4c260259d2e2880bc873f44d8a1c10931363cee9f474f9fff78b2b3fda983346,0.1480053279859115,1,0
cwe119,0.03,cwe119:adv:47:ecb4ba281dd73123,ecb4ba281dd73123f3b1c18b586ed2351b22e15341a2a43d337cf1279047a730,0.038533512127343496,1,0
cwe119,0.03,cwe119:adv:48:790ca98be7dbc425,790ca98be7dbc425f2474f03c6b2ab5691d93fb99494bd9256a957442cce79d9,0.8312458939421044,0,0
cwe119,0.03,cwe119:adv:49:a60f662dd336ba70,a60f662dd336ba700851105dae52399515ae9b0e23d29391fad76bf5a30b4be8,7.667344083281268e-05,1,0
cwe119,0.03,cwe119:adv:50:fb80ec7a9b7d4fb1,fb80ec7a9b7d4fb18b51a7576bb3ebdef4ec571f606314c8f8873e224e3d207f,0.6680782510609553,0,0
cwe119,0.03,cwe119:adv:51:f4cdc884f6bd981e,f4cdc884f6bd981ed73699d72096547dbdb859d06180a654dbfeb292b6e36bab,0.16895199420526302,1,0
cwe119,0.03,cwe119:adv:52:2e7350d56c58ad7d,2e7350d56c58ad7d5e6932b703aeb30d8b6e4eeeef515b3c07ed12847a946489,0.13908396033559697,1,0
cwe119,0.03,cwe119:adv:53:de3fbb842761445d,de3fbb842761445d9bb1f8c084564060c37b5d4c2569107d791c57dfd4865393,0.013571117599034751,1,0
cwe119,0.03,cwe119:adv:54:1b3acd4e4511a46b,1b3acd4e4511a46b89a53a8e4bfb331eb70d180461cf5216641c879fa68a45e8,0.042451825035981494,1,0
cwe119,0.03,cwe119:adv:55:fe4700d8b5d9c4b5,fe4700d8b5d9c4b5be2a887d46d45c772de0d5a7ed7895e84b7581814595b510,0.5882346328700636,0,0
cwe119,0.03,cwe119:adv:56:bfb2ad568548419c,bfb2ad568548419cf253c41562ad6e15fc8e6e6aa27ea5a1ea96b7a39e5b467b,0.26527336097038595,1,0
cwe119,0.03,cwe119:adv:57:4c28e1952569ddc2,4c28e1952569ddc2e364c5c3080106821a35f873daacb4bb7e4ebd08fe060875,0.8913599155717067,0,0
cwe119,0.03,cwe119:adv:58:aa444e58838b1a76,aa444e58838b1a76864f6a9e6dfe80b22375ad1fb3bb5d73655b744af62c8e7f,0.028845669841388505,1,0
cwe119,0.03,cwe119:adv:59:1825e53516f6c258,1825e53516f6c258b9bf8d952e5ace0d77f6123e8b96ed330ea49bb56475acf3,0.08166793335766744,1,0
cwe119,0.03,cwe119:adv:60:11b7956e1e1ee1c5,11b7956e1e1ee1c5e5579d7e8b7cbe61f8cc49562d248af2eec5c36210642b0c,0.26000284857696193,1,0
cwe119,0.03,cwe119:adv:61:52b24c273da85b6e,52b24c273da85b6ed08f0576c287b4c044386f198b8c33b5998ae375762ae148,0.8586653472015928,0,0
cwe119,0.03,cwe119:adv:62:5c9df3b3e9d5e42a,5c9df3b3e9d5e42a96d5be7c3820f3a6dc0b863949b0cdf96320c0f0ebc6062d,0.011558543681740275,1,0
cwe119,0.03,cwe119:adv:63:101f0e6dbbbf7050,101f0e6dbbbf7050178ba0662a373ba0ab4fd8523687b98efd8d7a659f10ee60,0.0466414138453842,1,0
cwe119,0.03,cwe119:adv:64:a57a4dce31d9de90,a57a4dce31d9de9097aa3d8bb3b0f544afd58cdb92f955b591b22268987e023f,0.013564666259741004,1,0
cwe119,0.03,cwe119:adv:65:f39101bbeeffe5ca,f39101bbeeffe5ca206ecc3efb11fb4f121513d23455d92e6cb656d1e2c9f5a6,0.6768524776802874,0,0
cwe119,0.03,cwe119:adv:66:0fa87f560bb9bc79,0fa87f560bb9bc793fa9f1aca6fcea567c36a2fcdecbf6ebc5a05be66aadbb3c,0.04158941220221068,1,0
cwe119,0.03,cwe119:adv:67:3ca208d47c084f8c,3ca208d47c084f8c61dd80a97942be6fa01f67cb663d6b243a80e17f826757bb,0.030847268449114697,1,0
cwe119,0.03,cwe119:adv:68:579dbdbafbdb5edb,579dbdbafbdb5edb508fb87baf2c7434e501b4dc3c212a881848a68687bee80e,0.07606708753515531,1,0
cwe119,0.03,cwe119:adv:69:96899601a665de63,96899601a665de632f1baf89e676fd31b48341aa5c2a6df0c1967016eb49e6cc,0.05397200299381767,1,0
cwe119,0.03,cwe119:adv:70:75693460be1bb51a,75693460be1bb51a761752d63f9307f9fbec323eb9eec1dde1700da5db375129,0.29611837352888937,1,0
cwe119,0.03,cwe119:adv:71:7cf6f5b551f46a4b,7cf6f5b551f46a4b9bdf9075eeacf45d7c4e4a8789838f24225d50f778c67159,0.01713800356571582,1,0
cwe119,0.03,cwe119:adv:72:741a6d7e31b46615,741a6d7e31b46615946f9c1f64511a1af2bba4ddbf5f5d1e36ca0b7066b34f98,0.9676117813833642,0,0
cwe119,0.03,cwe119:adv:73:cfed39d0afaf04bf,cfed39d0afaf04bf768c6c4de554ff9501aef5386d7085b5cf4119c3006da2a0,0.17902433704189458,1,0
cwe119,0.03,cwe119:adv:74:f08aecb5d440d562,f08aecb5d440d56236f63c45ee9e588ec6e718e367c98c32416706c5161fa1b7,0.13973847685307658,1,0
cwe119,0.03,cwe119:adv:75:88e3066dc5cef7fe,88e3066dc5cef7fe00ac34097e1d4ad894b7b255524e2ca75e453c5a87104905,0.10064211025584163,1,0
cwe119,0.03,cwe119:adv:76:89cd9bf20e72e784,89cd9bf20e72e78476681ce5bde5d54e9d08fef3d46dec9a37234414e3616a30,0.358858984445747,1,0
cwe119,0.03,cwe119:adv:77:790b87942cd8c34a,790b87942cd8c34aba9d517d0a7cdc7ebbd28c389aeb7fde5568469206f3e486,0.044824177200151596,1,0
cwe119,0.03,cwe119:adv:78:6732d04c3cfc37fe,6732d04c3cfc37fe0152299272ceecb85c769e89e1751c6592ad37bf6822085b,0.9487006481145638,0,0
cwe119,0.03,cwe119:adv:79:596097db2e02d404,596097db2e02d4044055d02f8d2fd6caf035997035c6f9769c02815f8b486c99,7.667344083281268e-05,1,0
cwe119,0.03,cwe119:adv:80:e16ec74752bbc6b6,e16ec74752bbc6b6998acbd15315ba6eca991c8f023c00361872281063dfa792,0.13675099953565856,1,0
cwe119,0.03,cwe119:adv:81:659bb39670e694d6,659bb39670e694d6501bcca5a6931b6f02c3b3f5497b25f59eefb13e9049a546,0.11204987589552444,1,0
cwe119,0.03,cwe119:adv:82:bbb8d951035293a7,bbb8d951035293a7922b62cc02cfcd819a26e407566aa7110d7bf8228c0150c4,0.5901984898600476,0,0
cwe119,0.03,cwe119:adv:83:867c3a9691771718,867c3a969177171807575d1f29e17993452d39e53efa961b3e8f59cc282fea78,0.2639621832277795,1,0
cwe119,0.03,cwe119:adv:84:4a5f1a4f50d675c3,4a5f1a4f50d675c3c22fa36e7c20de69a50911c4ac777baed17be7f28893da1c,0.22740350929853384,1,0
cwe119,0.03,cwe119:adv:85:03758ffe07b84167,03758ffe07b84167f7977054b4f5258545cd70ca1d0ecc2c0ccbaf64bb8237ba,0.2613023520371338,1,0
cwe119,0.03,cwe119:adv:86:518e91e396b86a03,518e91e396b86a038d1bc01314f4578858a33a796e9d63a84fd8ad668413fc65,0.2949937267751849,1,0
cwe119,0.03,cwe119:adv:87:f003b719c56c1070,f003b719c56c1070233f52366b23048122fef69e31c3569807754f05a22d5364,0.15377619420904873,1,0
cwe119,0.03,cwe119:adv:88:c51130baaa65200e,c51130baaa65200e1bbee15dcfdfe364392c63255a2271c6b346dc92ac37e846,0.17902433704189458,1,0
cwe119,0.03,cwe119:adv:89:646a3c1e6ddef074,646a3c1e6ddef07476344ea38111af468cc124c0542a6df5e8fab67c770ffd51,0.15584561607474845,1,0
cwe119,0.03,cwe119:adv:90:ac1abd53107e1e8c,ac1abd53107e1e8c52928fa20acb706c13e7071020aa3b75d01ea1d99d69086e,0.9503560615757485,0,0
cwe119,0.03,cwe119:adv:91:9c6db1482c60045c,9c6db1482c60045cbf7c9f049f0e022e49a46e9bbe9bdd1fbd1e6678a016c292,0.05445460644043491,1,0
cwe119,0.03,cwe119:adv:92:8f8dea21330f23ec,8f8dea21330f23ecdcf351730e77f139c8a2cfa8b2198d49ea25356f5c40bd08,0.9462993019382347,0,0
cwe119,0.03,cwe119:adv:93:96347c37116d0119,96347c37116d0119b118fc821a10f80af1e9d254f3023d6fa6e5106a6a47ece4,0.9163421764981635,0,0
cwe119,0.03,cwe119:adv:94:60e21e346320b84d,60e21e346320b84ddfc1ab8a48099339f724accd15078f6b6644d069b37ed81d,0.9737912336200557,0,0
cwe119,0.03,cwe119:adv:95:3b0388a994565e05,3b0388a994565e05fc605ea7d2e423f97435558f3243315394b808e670ee068d,0.30201944676041625,1,0
cwe119,0.03,cwe119:adv:96:ed22fbbdb9824578,ed22fbbdb9824578f69940154d3f372d934e2f6963d5c5c9f88c861a43310721,0.16303576464303696,1,0
cwe119,0.03,cwe119:adv:97:6c15af523c548f2b,6c15af523c548f2bda8c1a3f7f7c1f71c6385104812fdf3446a9602f5c3f7bcb,0.2899620135519008,1,0
cwe119,0.03,cwe119:adv:98:348153fd19479918,348153fd1947991841f749ab6a70f64e0e60dd9b7018ed9f9089e0cfe59a502b,0.0132356740867232,1,0
cwe119,0.03,cwe119:adv:99:93b625eaebc587b7,93b625eaebc587b736c1bbafd5c90db43797ca000ba785d3d5db05b69458bf09,0.08373021429029068,1,0
cwe119,0.03,cwe119:adv:100:5b16f6de501199e6,5b16f6de501199e6bacc59fffe7a6db213233ae1709b8f658e425cd606f38e22,0.150148083795627,1,0
cwe119,0.03,cwe119:adv:101:42be6af39991b668,42be6af39991b66864848e73e8838d89d173c2b333829ee6240609e40f17da04,0.868295924501511,0,0
cwe119,0.03,cwe119:adv:102:3cfd05bf103ab605,3cfd05bf103ab6056465df9854320d49e0c36a023122f54d2fed789720f5fc55,0.09865786901027464,1,0
cwe119,0.03,cwe119:adv:103:f0472fc38f8d585a,f0472fc38f8d585a2778c7770a91156a54c2cbb9ad3276ffcf1908fcaa3e4251,0.16164172211565866,1,0
cwe119,0.03,cwe119:adv:104:41f0d3065d9f3fa6,41f0d3065d9f3fa6e51f82b6e9d1015a1142bb21e1bddf1bc616db0f8967701a,0.19959085922585712,1,0
cwe119,0.03,cwe119:adv:105:7bead6b969a5e789,7bead6b969a5e78903576d05f3027e3abc55940027afca935eb933e9b1a63a24,0.3927605311425238,1,0
cwe119,0.03,cwe119:adv:106:621c08baf3e7ab9b,621c08baf3e7ab9b1ececceca909bdeec79af06488d554c4fe48cdd582e777e2,0.16303576464303696,1,0
cwe119,0.03,cwe119:adv:107:14474dec9ff30212,14474dec9ff30212ddc6a900c0b59fc3f6f4a8c4a112af2f280ad856f43f7bde,0.3304516140966499,1,0
cwe119,0.03,cwe119:adv:108:6a85e439a41ade8a,6a85e439a41ade8a7e271e67388cfec51ae85f7b209c2a82f8d0dd9c9f73f411,0.051451722397150595,1,0
cwe119,0.03,cwe119:adv:109:695f9f6916e42591,695f9f6916e425917a6054dc741e861b84c702adcebc584060e72d6e4c2842a5,7.667344083281268e-05,1,0
cwe119,0.03,cwe119:adv:110:d739177f772b9754,d739177f772b9754441e202ab4d09a2078392f2d55390ab85594bfe0bb35e472,0.9776047276086167,0,0
cwe119,0.03,cwe119:adv:111:e9bc27341d0ec654,e9bc27341d0ec65469f50676c7c548dfbd21d61d31ea1b33491280bb042d3b59,0.15275598599144097,1,0
cwe119,0.03,cwe119:adv:112:00189055be61b0ac,00189055be61b0ac9de83c9d302b77ca4c42dbf8decb3c9124b7ff7773d2fe43,0.19553475311366422,1,0
cwe119,0.03,cwe119:adv:113:b0040a97e6c802e8,b0040a97e6c802e8e6a12857bb74b5f9b1861bd0a4b757497acb74f83d9259f6,0.16967249876185914,1,0
cwe119,0.03,cwe119:adv:114:1d9f30403ab687a6,1d9f30403ab687a6c491d21d51babcd73d1e4c122b8f82d0d03e6556ed34ab7a,0.0970444654702633,1,0
cwe119,0.03,cwe119:adv:115:a91614914cbd350a,a91614914cbd350ad08e25eaaa06bc8eed401c084289f610e7ff2baa700bdd9b,0.8773064359415093,0,0
cwe119,0.03,cwe119:adv:116:020ace6374b268d7,020ace6374b268d769ac227dd99ff868b96d7065f27fca2e5603a94484c5e1dd,0.9427810833922673,0,0
cwe119,0.03,cwe119:adv:117:62648282098f60f7,62648282098f60f74f655edd1c08359bfa5800683d2c0f6a3f7d91e366fefafa,0.2568738890570573,1,0
cwe119,0.03,cwe119:adv:118:ef52ecb2e4977a44,ef52ecb2e4977a447be2d10f3a839b6af3d142173844e7faac97dcd554a11b48,0.2565879985360214,1,0
cwe119,0.03,cwe119:adv:119:c664cabb07054771,c664cabb070547711849315565f356162e496b00bee45a1840444b065b0da09b,5.9863146923164674e-05,1,0
cwe119,0.03,cwe119:adv:120:79f6f8df8b38574c,79f6f8df8b38574c41ba724ccda56e3cc48811710257103a7470b258f387cc74,0.1660889553638719,1,0
cwe119,0.03,cwe119:adv:121:2a59bcde1d49abd7,2a59bcde1d49abd703b4fe501d78ec93c12b2c5afb0df51333872bf8cc030166,0.00018807732163103846,1,0
cwe119,0.03,cwe119:adv:122:053efbbf33096b79,053efbbf33096b79054604f19ab72837dcdd8dc6f2ad513ce6e111fda4099139,0.9147020835729502,0,0
cwe119,0.03,cwe119:adv:123:74591856d4c12dcf,74591856d4c12dcf74ba1bc20b3957eacd3b7f129cf36c20d35f41f2d762d7a9,0.051559624054715196,1,0
cwe119,0.03,cwe119:adv:124:653be6258dbc559c,653be6258dbc559c543febdaa1c0a53cdaca719dc0d000eb2cf500ab961e5000,0.9031653363874729,0,0
cwe119,0.03,cwe119:adv:125:714032057ccceaa1,714032057ccceaa1d45a7cc963ac44e48a3610f2f9480e5ec00693b6f9dc21f3,0.15587978593901178,1,0
cwe119,0.03,cwe119:adv:126:58458449c6a59ae7,58458449c6a59ae7e6b11aeb31ca2eae037ed32941bebbc95eb4d6cf99362c18,0.25558932405818874,1,0
cwe119,0.03,cwe119:adv:127:6efff82faba444d1,6efff82faba444d1408d5cac7af1045b57df398b1b64150feca068bddfb6a305,0.02659640274288744,1,0
cwe119,0.03,cwe119:adv:128:bfd2cfc14a13beb1,bfd2cfc14a13beb1cd222d372a2e939530727e587b0e747cd1fb25f31b7c1f63,0.9563858880715601,0,0
cwe119,0.03,cwe119:adv:129:7d994eb24b00fdc2,7d994eb24b00fdc25ed7ee8635d0f1457fc79ca2c91371815b4c6022d14d1449,0.18036846959835975,1,0
cwe119,0.03,cwe119:adv:130:120386dd3cd1f8ca,120386dd3cd1f8ca5500ef3914a3da0dc8e1d4f99db2d4885414657e856275cf,5.9863146923164674e-05,1,0
cwe119,0.03,cwe119:adv:131:de481e02e4781c09,de481e02e4781c0943295d8acea6352afbd2d8aaef5416a969b2f6ab602c3314,5.9863146923164674e-05,1,0
cwe119,0.03,cwe119:adv:132:f874327e7097ef55,f874327e7097ef55624b5d1fb661b6991c2fb7c66664674fb609a0ba49145199,0.09365391555310983,1,0
cwe119,0.03,cwe119:adv:133:c59ed954d923ec69,c59ed954d923ec69e3cf067a42a8e7500274786eb95382b895a864803be5b610,0.19647738639303852,1,0
cwe119,0.03,cwe119:adv:134:8968fc9d55b487aa,8968fc9d55b487aafdfe6ac2a2763eea88b78d176b6d1b8f998bc5c7a7c3f0db,0.17834377702171506,1,0
cwe119,0.03,cwe119:adv:135:d252cedf7c5512a8,d252cedf7c5512a84fa17e1556d68149bce5a1c85bb574035372b0262b740ebc,0.9825380684553078,0,0
cwe119,0.03,cwe119:adv:136:10fadff500dbd10d,10fadff500dbd10dd5a17b5428b4f0b2caca1ef6a083b8eb86310a0da1c5de10,0.06796991660226528,1,0
cwe119,0.03,cwe119:adv:137:d5cea30f49620b06,d5cea30f49620b06ab1ec5d5eabb9e00d389d5e886202fa0863afb834cf03def,0.17239971157760253,1,0
cwe119,0.03,cwe119:adv:138:c842253f229882e6,c842253f229882e66090e10b1670225d9f1e0072c399de8597ec2eb9ec9d45d1,0.0011012109507187585,1,0
cwe119,0.03,cwe119:adv:139:d050bc54d0a2e2ca,d050bc54d0a2e2cae3613f5d517bcde01d87ca5fa6de2edd135ec859f81eecc7,0.03237202681398132,1,0
cwe119,0.03,cwe119:adv:140:e6087cd94447e18f,e6087cd94447e18f48d1663f7f332724731457fd2c5d0c59c3355ea20c5a4ac8,0.11071397627228063,1,0
cwe119,0.03,cwe119:adv:141:9f4af6e2664a5d9f,9f4af6e2664a5d9ffd10a025fa96dc9c08ff00472b1e0c84d1240cac9d7cfb6c,0.17764635112738947,1,0
cwe119,0.03,cwe119:adv:142:f1482083f2f58c15,f1482083f2f58c152a47ade421f1d8eaebb37ba72115fe4a01c0a1453d2c633c,5.9863146923164674e-05,1,0
cwe119,0.03,cwe119:adv:143:6634b686799076bb,6634b686799076bb5c70cb0c71095990ad15a2ea3c06e16021edc91e2b9fa22c,0.9828438721998382,0,0
cwe119,0.03,cwe119:adv:144:354b916fc1a46017,354b916fc1a4601757d1bb97b7940e1b6c3ec96e53f9e49110925b2671a7cd71,0.5884541279640586,0,0
cwe119,0.03,cwe119:adv:145:33a0d19bfc2b3b61,33a0d19bfc2b3b618b87028659bb508776e4b27ad74c7d83ce251e97679bc413,0.8797323535609703,0,0
cwe119,0.03,cwe119:adv:146:e0c64c71292086d0,e0c64c71292086d0e4c4cc4e27c851aa26a62e85ddb92cea25d856fb224bffe6,0.00019410207103246196,1,0
cwe119,0.03,cwe119:adv:147:1dbca373746b027d,1dbca373746b027d1f0e43b5368331e80ccbf1dab8e0e7bc347d8684cd9920fe,0.015509815345082232,1,0
cwe119,0.03,cwe119:adv:148:9bfeaa41c859f69d,9bfeaa41c859f69db75f91f3048e3cfbe1d75b100ae52e43f6747ef61bd3da3d,7.667344083281268e-05,1,0
cwe119,0.03,cwe119:adv:149:a1b504a582509d39,a1b504a582509d39ec61ad46255a0b7f1fe6fa3a4ec825466efe2f102b618554,0.00019410207103246196,1,0
cwe119,0.03,cwe119:adv:150:b0a45c41c7a2ed45,b0a45c41c7a2ed453947d3d74668b7e2a0a48bdfd93c84e66acfc62de86e460e,0.13333101229220826,1,0
cwe119,0.03,cwe119:adv:151:43f264bf2cc1f1d2,43f264bf2cc1f1d24239d5996f7e0e771f6bf6a8d1e1b4caa1044b9f560d7c1f,0.10779679377478657,1,0
cwe119,0.03,cwe119:adv:152:e12af589a4012e3a,e12af589a4012e3a839b9490a2efa8bec3919250d915ba581d02ac97143f8131,0.9678492234144647,0,0
cwe119,0.03,cwe119:adv:153:d9f1bd2b8d293037,d9f1bd2b8d2930379c9e2a8cedeb0add354d9764c7463269e61aa467b98607dd,0.3596616635202632,1,0
cwe119,0.03,cwe119:adv:154:5c97eb8239636390,5c97eb8239636390f59544c04fd838479b2603a7882fceb617cf20d8a6ec3896,5.9863146923164674e-05,1,0
cwe119,0.03,cwe119:adv:155:9d4850a835893d48,9d4850a835893d48bdb2cd7071cb5b9a1637e667d68d05dae9a278e7f568f71e,0.9816164085956967,0,0
cwe119,0.03,cwe119:adv:156:3c64a8b808632f9a,3c64a8b808632f9a18314a570f26695075b889e262a6106cfbe60cf702bcf716,0.9655690978223804,0,0
cwe119,0.03,cwe119:adv:157:e6e0379498d76fe6,e6e0379498d76fe69d63fcd53b72aa0e0ebb781fde67086ee23d91c52eec172d,7.667344083281268e-05,1,0
cwe119,0.03,cwe119:adv:158:d585e3c1b176c911,d585e3c1b176c911f1cb6b446fb2794a8c6c88fd13f357e60d3f0b18b49bd897,0.0578071007727921,1,0
cwe119,0.03,cwe119:adv:159:00d89d39605254e9,00d89d39605254e9486def60c2a2f35d589a3a52d82423027090f829c1d96dbd,0.20143730123062503,1,0
cwe119,0.03,cwe119:adv:160:0a569eb26a0a7b8d,0a569eb26a0a7b8df857fb257775a7c2cd5d62d23afa8889c175e4688a566073,0.822220551276797,0,0
cwe119,0.03,cwe119:adv:161:0a0f70750f1a0485,0a0f70750f1a0485b861b55ca2ab4e89d0afef00e982934019ccbdf89ec1922d,0.11273138408697493,1,0
cwe119,0.03,cwe119:adv:162:676a4db581e86e32,676a4db581e86e3225a6ebea107df11892f2caf4843be6aec8838c017988e299,7.667344083281268e-05,1,0
cwe119,0.03,cwe119:adv:163:33f5c021ebab6d17,33f5c021ebab6d171f39ee8fae29c0b7cbe60a582eecf6afdc5b046f7f350f69,0.0014813499614539402,1,0
cwe119,0.03,cwe119:adv:164:df5f632cc964d275,df5f632cc964d275188d5210bb64dd4ebda2f4912c244f1a67291bca1225f514,7.667344083281268e-05,1,0
cwe119,0.03,cwe119:adv:165:015b3dfffb600a3e,015b3dfffb600a3eef4fbf66f20a811437c3dc3f7d186e36628d8675c5677b72,0.014266507034685953,1,0
cwe119,0.03,cwe119:adv:166:483ab246c3fe5803,483ab246c3fe5803561519ed571a641396655bbccb1e43c3ee46e4f526e9d49e,7.667344083281268e-05,1,0
cwe119,0.03,cwe119:adv:167:76cc52c80ec65cee,76cc52c80ec65cee0af5f053afa7c766bec8cd3e847589d043945ada5e6d309d,0.17822210794552545,1,0
cwe119,0.03,cwe119:adv:168:f8fbceb02dd684e5,f8fbceb02dd684e5b1e1616f04a5047665160cec7338277bb1fe763bbec8ff1d,0.8071863249760456,0,0
cwe119,0.03,cwe119:adv:169:87cb7f2280f42c10,87cb7f2280f42c10999df0720cb7a3ec0fee15429b5308bc98d51ed53ec3a5dd,0.7297700356352285,0,0
cwe119,0.03,cwe119:adv:170:b570cb3494a4d832,b570cb3494a4d832ae4b306583eac0468f7df2347882af843f467df2bc93389e,0.9858123989125195,0,0
cwe119,0.03,cwe119:adv:171:75bddbeb64ec761f,75bddbeb64ec761f7e585a4e6c4ff060a8bb663b31c942d04417cf587399bfa8,0.9846647699022584,0,0
cwe119,0.03,cwe119:adv:172:599478c93ea7fe41,599478c93ea7fe41e427feb3542a49b3517b6d16178b522918dc9dbe919ce4bb,0.054397079857697254,1,0
cwe119,0.03,cwe119:adv:173:975d897c3c416a4c,975d897c3c416a4ca82bfd64fd2e6034e93c4e1ae34940e083d8da5362920168,0.1561073956426543,1,0
cwe119,0.03,cwe119:adv:174:27e775d8bddce46e,27e775d8bddce46ec703a533829bc13a837021293c278612eae0bd2d352ed3ad,0.105680729424164,1,0
cwe119,0.03,cwe119:adv:175:3f4f0a594c4a86b8,3f4f0a594c4a86b8b19dee5110493520e288e4ba30781499551e05ca26e54f8f,0.9354705318730491,0,0
cwe119,0.03,cwe119:adv:176:5beb7659744069fa,5beb7659744069fa8d339f10bb7dfbadbadc6ec39e0137274da00f3be3276444,0.8167588486897214,0,0
cwe119,0.03,cwe119:adv:177:5c2ec37ae1eb5e28,5c2ec37ae1eb5e28682216f6f9458d8e66525e14f29594ef204a131aec7f1280,0.06495921295234466,1,0
cwe119,0.03,cwe119:adv:178:cb10920855ff8e31,cb10920855ff8e31da0b3b6848bb8b859bfaf607a6568074cdbfee17dfcba95a,0.028662354641079968,1,0
cwe119,0.03,cwe119:adv:179:da5bf976c46f637a,da5bf976c46f637a51c9f9e88395b7494a3f1e91faf5d15fc8ee960298fab096,0.9727735622599775,0,0
cwe119,0.03,cwe119:adv:180:e05b6cd7d1dae0b8,e05b6cd7d1dae0b81a4eeecb76e6f1edec88c05370ebd9e25b43f6e3b8977b94,7.667344083281268e-05,1,0
cwe119,0.03,cwe119:adv:181:50f6ef693d1516f1,50f6ef693d1516f1317a8696749a91d5e30432b7a873315afb1d1804b4e38b62,0.4586880211444167,1,1
cwe119,0.03,cwe119:adv:182:897ae9866fca81f4,897ae9866fca81f4e7d3ca6b7f8208c4b9e93812b0a160c1ce0530d0fb4ea78d,0.043650165705672886,1,0
cwe119,0.03,cwe119:adv:183:938f279750aa2964,938f279750aa2964c57e333aa736f1a89c1b546877c04703897cb6bc1443f177,0.12451046603052715,1,0
cwe119,0.03,cwe119:adv:184:0f1384fb3a420344,0f1384fb3a420344d07657508af33efd750adeb078040d010861e6f82e8f5da5,7.667344083281268e-05,1,0
cwe119,0.03,cwe119:adv:185:c3ca705f31b7877c,c3ca705f31b7877c9e3bd72cf7b185ec64ba804ded4154265efbc2db1258f7d6,0.14637804727174805,1,0
cwe119,0.03,cwe119:adv:186:745309b9290615b1,745309b9290615b166d902f9ca08795283c384987e1dafb25274fe86d6b02a7d,0.6384447545571235,0,0
cwe119,0.03,cwe119:adv:187:483dfe87acec1b0a,483dfe87acec1b0a38169acf74c9814faff9040f8f96e3c24ae834f291d9bf67,0.9865371085035155,0,0
cwe119,0.03,cwe119:adv:188:b26b73af35562f52,b26b73af35562f52fba17ea31f4562d2ee3f73ceecdec78740c984d9570dcd73,0.048933342475989454,1,0
cwe119,0.03,cwe119:adv:189:c2bfa477b89e2dc0,c2bfa477b89e2dc00200c633bc8952874d3667ddd91b871f109417b579cdec38,0.20143730123062503,1,0
cwe119,0.03,cwe119:adv:190:9310cf230c4c3020,9310cf230c4c3020b783eb4d83c0f6c39d491ac6f29f16b7461a407988a46554,0.358858984445747,1,0
cwe119,0.03,cwe119:adv:191:dc05318b21546675,dc05318b21546675efe9ad8b342306209c6f93d8070548a5ef4ce3b4b9f3040c,0.03158291755229769,1,0
cwe119,0.03,cwe119:adv:192:b39726b671179ab2,b39726b671179ab26f2cfe39ab5ad16ac217e6cf25744a62f12034aa3baa852e,0.033306044123127466,1,0
cwe119,0.03,cwe119:adv:193:5cf938a7ceb4994e,5cf938a7ceb4994e2ccf0554799a3ce3c7211a6e79293a718452f3e7b32019c6,0.12873951229356836,1,0
cwe119,0.03,cwe119:adv:194:c254a1a29f17227e,c254a1a29f17227e2015cbbdb0fc1fa79a6814d26036331396dc66f7cb510796,0.12287041330393975,1,0
cwe119,0.03,cwe119:adv:195:053c38250655934b,053c38250655934b7b3c6884f660182597d656962d601f6e7a8337227579cfc5,0.9772289615969147,0,0
cwe119,0.03,cwe119:adv:196:8e4e872da24dc3c5,8e4e872da24dc3c5a22bff91c4c21fcb82967fdcde4d460391e340617ff46b59,0.9858277932465325,0,0
cwe119,0.03,cwe119:adv:197:d9abc72441cdaae8,d9abc72441cdaae8f932c86033c5c4cf5ec31cd72399794f045f7e08f3a4d9d6,0.013571117599034751,1,0
cwe119,0.03,cwe119:adv:198:80936cb5fadcbe61,80936cb5fadcbe610ecb4a6cb49cd83a05862d1795c5fa2a92cfa82a7b9b3d31,0.03152471367188677,1,0
cwe119,0.03,cwe119:adv:199:08de37f51647e627,08de37f51647e62701c0312bede1ae1b4f1c06dc7517f1e4a8273edb629b4ccb,0.41165243152617353,1,0
cwe119,0.05,cwe119:adv:0:38d64969f2f498da,38d64969f2f498daaacf284f59791b2b8ee16de0f93173f6a6c05b1d0bc3cc67,0.048860755689129384,1,0
cwe119,0.05,cwe119:adv:1:f2c39591912573cd,f2c39591912573cd4a26b72dbf1edecaf8c139c1a159302c277b2e000f339dca,0.9834105733851318,0,0
cwe119,0.05,cwe119:adv:2:c15a1432488dd83e,c15a1432488dd83e8b78a14bae612a93d2c966740980f278b358a27e7904ca0b,0.16365737156004964,1,0
cwe119,0.05,cwe119:adv:3:7593c0806b814181,7593c0806b814181b39e7d90bc4a77a5b2218b6ca4d7599f96a9d685f972eb8f,0.016295349825393088,1,0
cwe119,0.05,cwe119:adv:4:04667ed555e3bfd3,04667ed555e3bfd33e9e3d2382e8065159847ec178abf114ab197e5928390c34,0.9772446220221817,0,0
cwe119,0.05,cwe119:adv:5:9411c6d93d66ff0f,9411c6d93d66ff0f2daf7a5602eb9dbb843f1f6beec3680d873a9fd3457cd530,0.0030077458780530856,1,0
cwe119,0.05,cwe119:adv:6:6527220f0f817493,6527220f0f8174934405436dd6bd8fee8b0f18506a36b15483233d4db121e69b,6.0789153840326536e-05,1,0
cwe119,0.05,cwe119:adv:7:3d2b8a0b354b04bd,3d2b8a0b354b04bdfc646aa66375de828070edf61c13640fd35428698addceb8,0.22547593916173214,1,0
cwe119,0.05,cwe119:adv:8:4b9ba336a44134b7,4b9ba336a44134b770ddfe84bd3009d0bd98a1606b2f0ce9fa3185e9983b8e22,5.9863146923164674e-05,1,0
cwe119,0.05,cwe119:adv:9:acae8667c7c7f3fe,acae8667c7c7f3fe7866c7157d05fb500feba860ac9a60c90c3454238db6b0b3,0.14954920614754608,1,0
cwe119,0.05,cwe119:adv:10:6f06db7a07156d95,6f06db7a07156d95d3c80d2eceb4892ef4675ffe39f7bf12595ec89ea4b8d88c,0.03313783837889613,1,0
cwe119,0.05,cwe119:adv:11:b299f5193839b3b4,b299f5193839b3b4f3a66c07a1decf28f4863c848a627e45f157d838120c0eb8,0.033495324549556164,1,0
cwe119,0.05,cwe119:adv:12:b8efeca8066f8a23,b8efeca8066f8a2356acc1af1d5d0e54cc53d41caad3131bafbf2f050678e2f4,0.060327539723698906,1,0
cwe119,0.05,cwe119:adv:13:baf65ad39b062707,baf65ad39b0627078dbdc06e82319d75171b6a653d3a48fa640c1ba1150ccee3,0.9787338578574454,0,0
cwe119,0.05,cwe119:adv:14:6ffe5a98044737e7,6ffe5a98044737e7e7ad56e455f4f4b84387516b7ef202da10b7d2c155845a3e,5.9863146923164674e-05,1,0
cwe119,0.05,cwe119:adv:15:2ebaea21e8e43450,2ebaea21e8e434503e2e2dc83a0bd70ec2a21f8b89b6079f4adf8e5c38fc2158,0.19007723931923504,1,0
cwe119,0.05,cwe119:adv:16:1194f4cb02d95e74,1194f4cb02d95e74e50eba983b1f2bd24fa1d45a6dbf2763d8f19d9baa4c2e47,0.11578925965907454,1,0
cwe119,0.05,cwe119:adv:17:be1f92c8522e5118,be1f92c8522e5118aef64bd0814c327f299ce824f963bf2a8732fb57b94a644d,0.926649096973424,0,0
cwe119,0.05,cwe119:adv:18:203b57362f40a9fa,203b57362f40a9fac9cdc161720ffef35b9e7007ff78150eecda45696da179b5,0.30201944676041625,1,0
cwe119,0.05,cwe119:adv:19:65bc737ae3312a61,65bc737ae3312a61e28a6a22fdf75cdeef961a0c818e19f44195213f9f98aedf,0.746016575365095,0,0
cwe119,0.05,cwe119:adv:20:651a90c01e4bc1ba,651a90c01e4bc1ba2a7521d7cae84d57ec9dc3a4eff283e53a8831904c5d3f21,0.18036846959835975,1,0
cwe119,0.05,cwe119:adv:21:56972f4643861735,56972f464386173511f9c6034b638eb53f27c0d90f5e4b092324ba6a47c3b7ee,0.11740203743929256,1,0
cwe119,0.05,cwe119:adv:22:ab3cea42c200dedc,ab3cea42c200dedc05f80d20ea2fa3632d2295797d33f97d309beca115962312,0.15275598599144097,1,0
cwe119,0.05,cwe119:adv:23:2d36e2d5ca394a5b,2d36e2d5ca394a5b31d0537d9a60644a556879971cc88b4a639572241681ed0f,0.23523486826014942,1,0
cwe119,0.05,cwe119:adv:24:60e4fcfbc50b294b,60e4fcfbc50b294ba2e085e53d0b5ce2c1bd837dd91f1beaf6909bf93b772ace,0.045326736173075644,1,0
cwe119,0.05,cwe119:adv:25:530ef966288bf855,530ef966288bf855f690e8e46a85be9bb364e2ecf73fc0d14ee98b1d591d76ae,0.059592918134493994,1,0
cwe119,0.05,cwe119:adv:26:15886edf45e1ddd8,15886edf45e1ddd8f5f874d1a1c9457016a71fbeaf69dc7d1601c55dbfbd93c3,0.620853451547075,0,0
cwe119,0.05,cwe119:adv:27:a12b676fd289f51d,a12b676fd289f51db9d8367186d1b396e5be8325beb2416b6ab461c354d5cd92,0.698850826220668,0,0
cwe119,0.05,cwe119:adv:28:55550e38749a4b9b,55550e38749a4b9beff0c7059692fa5c2e976989286f952d9fbbf9b341b17b3f,0.6072019856066618,0,0
cwe119,0.05,cwe119:adv:29:b6068b36d10b1fc5,b6068b36d10b1fc54765f404422d54ec568fdff4358129d331942553369b0d96,0.23653464996995788,1,0
cwe119,0.05,cwe119:adv:30:aa622459546c7362,aa622459546c73626457f0dc907ab03b792931d51f517c8f0a65c1dda737562c,7.667344083281268e-05,1,0
cwe119,0.05,cwe119:adv:31:d45b1e9114e0e951,d45b1e9114e0e9513f53d7288d1373e6d887b6e2423f9d23f5a798c76938add0,0.7774526949849109,0,0
cwe119,0.05,cwe119:adv:32:5eba51ba05d64cdc,5eba51ba05d64cdc9665193cd24a1d729f328feaf2a99bfefb6f5100c9d81002,0.0009912533468637438,1,0
cwe119,0.05,cwe119:adv:33:a517d834449eb5bf,a517d834449eb5bfcbed06b60560001ffa688755e3543a5a2e36e30a4cede110,0.9247887451606451,0,0
cwe119,0.05,cwe119:adv:34:1b11e07960319c7a,1b11e07960319c7a4cea814e1265f94ba70e979fbbe09a9acb714d7865267ecd,0.01997624034427852,1,0
cwe119,0.05,cwe119:adv:35:f6bc523661b4433f,f6bc523661b4433faba9f3705bea7e1c7d3bfd28b1d05df65ed2518faa269818,0.9403167229090316,0,0
cwe119,0.05,cwe119:adv:36:82f0855fee23fc8e,82f0855fee23fc8ec6fe0e8088afcae3396bd17a43954afc9a3289d357189a91,0.9595622866718146,0,0
cwe119,0.05,cwe119:adv:37:d11fd37b4ce2cc70,d11fd37b4ce2cc70e82c4fc233266d572be89e4a468f4f18f6a1f9f4e41b76e9,0.041486016122261146,1,0
cwe119,0.05,cwe119:adv:38:67ecec816128764e,67ecec816128764eb6bc456d70cf3ca8f3fd610592047feff8962b2cd1fbaa99,0.331098999319371,1,0
cwe119,0.05,cwe119:adv:39:af593d821a016151,af593d821a0161512d6c7b4fbc7abe5202b12d1f0312089a144547eff1db41d9,0.6366409719944087,0,0
cwe119,0.05,cwe119:adv:40:df7db41ca30614a5,df7db41ca30614a5df06f2b98b6de52784b85d52ce3fa94e7df2ad93becca2bb,0.9840012343188842,0,0
cwe119,0.05,cwe119:adv:41:40f767968a591dd9,40f767968a591dd96913336f0f1676504af1c249a9db027cefafd56d1b65e385,0.9321531229801264,0,0
cwe119,0.05,cwe119:adv:42:50023f57332bc98f,50023f57332bc98fc4b2513e603ae68b2da5fdc3f09340ae962ea6e95b306efe,0.7499487367136113,0,0
cwe119,0.05,cwe119:adv:43:26c0994c20d74988,26c0994c20d74988f697d8958f00edeff797ce6c4fdfb5cabc502f01b399b2d2,0.14755422009568325,1,0
cwe119,0.05,cwe119:adv:44:d0073029eff77d6a,d0073029eff77d6afea47b09279890b86eddfb6d321a0809d294124b8b8fc08a,0.2949937267751849,1,0
cwe119,0.05,cwe119:adv:45:2bc642a71fb8cd6e,2bc642a71fb8cd6efcedf1b3009033c2a4f59a17eeb7b50587e101f32790ae6e,0.6202763781746597,0,0
cwe119,0.05,cwe119:adv:46:4c260259d2e2880b,4c260259d2e2880bc873f44d8a1c10931363cee9f474f9fff78b2b3fda983346,0.1480053279859115,1,0
cwe119,0.05,cwe119:adv:47:ecb4ba281dd73123,ecb4ba281dd73123f3b1c18b586ed2351b22e15341a2a43d337cf1279047a730,0.038533512127343496,1,0
cwe119,0.05,cwe119:adv:48:790ca98be7dbc425,790ca98be7dbc425f2474f03c6b2ab5691d93fb99494bd9256a957442cce79d9,0.8312458939421044,0,0
cwe119,0.05,cwe119:adv:49:a60f662dd336ba70,a60f662dd336ba700851105dae52399515ae9b0e23d29391fad76bf5a30b4be8,7.667344083281268e-05,1,0
cwe119,0.05,cwe119:adv:50:fb80ec7a9b7d4fb1,fb80ec7a9b7d4fb18b51a7576bb3ebdef4ec571f606314c8f8873e224e3d207f,0.6680782510609553,0,0
cwe119,0.05,cwe119:adv:51:f4cdc884f6bd981e,f4cdc884f6bd981ed73699d72096547dbdb859d06180a654dbfeb292b6e36bab,0.16895199420526302,1,0
cwe119,0.05,cwe119:adv:52:2e7350d56c58ad7d,2e7350d56c58ad7d5e6932b703aeb30d8b6e4eeeef515b3c07ed12847a946489,0.13908396033559697,1,0
cwe119,0.05,cwe119:adv:53:de3fbb842761445d,de3fbb842761445d9bb1f8c084564060c37b5d4c2569107d791c57dfd4865393,0.013571117599034751,1,0
cwe119,0.05,cwe119:adv:54:1b3acd4e4511a46b,1b3acd4e4511a46b89a53a8e4bfb331eb70d180461cf5216641c879fa68a45e8,0.042451825035981494,1,0
cwe119,0.05,cwe119:adv:55:fe4700d8b5d9c4b5,fe4700d8b5d9c4b5be2a887d46d45c772de0d5a7ed7895e84b7581814595b510,0.5882346328700636,0,0
cwe119,0.05,cwe119:adv:56:bfb2ad568548419c,bfb2ad568548419cf253c41562ad6e15fc8e6e6aa27ea5a1ea96b7a39e5b467b,0.26527336097038595,1,0
cwe119,0.05,cwe119:adv:57:4c28e1952569ddc2,4c28e1952569ddc2e364c5c3080106821a35f873daacb4bb7e4ebd08fe060875,0.8913599155717067,0,0
cwe119,0.05,cwe119:adv:58:aa444e58838b1a76,aa444e58838b1a76864f6a9e6dfe80b22375ad1fb3bb5d73655b744af62c8e7f,0.028845669841388505,1,0
cwe119,0.05,cwe119:adv:59:1825e53516f6c258,1825e53516f6c258b9bf8d952e5ace0d77f6123e8b96ed330ea49bb56475acf3,0.08166793335766744,1,0
cwe119,0.05,cwe119:adv:60:11b7956e1e1ee1c5,11b7956e1e1ee1c5e5579d7e8b7cbe61f8cc49562d248af2eec5c36210642b0c,0.26000284857696193,1,0
cwe119,0.05,cwe119:adv:61:52b24c273da85b6e,52b24c273da85b6ed08f0576c287b4c044386f198b8c33b5998ae375762ae148,0.8586653472015928,0,0
cwe119,0.05,cwe119:adv:62:5c9df3b3e9d5e42a,5c9df3b3e9d5e42a96d5be7c3820f3a6dc0b863949b0cdf96320c0f0ebc6062d,0.011558543681740275,1,0
cwe119,0.05,cwe119:adv:63:101f0e6dbbbf7050,101f0e6dbbbf7050178ba0662a373ba0ab4fd8523687b98efd8d7a659f10ee60,0.0466414138453842,1,0
cwe119,0.05,cwe119:adv:64:a57a4dce31d9de90,a57a4dce31d9de9097aa3d8bb3b0f544afd58cdb92f955b591b22268987e023f,0.013564666259741004,1,0
cwe119,0.05,cwe119:adv:65:f39101bbeeffe5ca,f39101bbeeffe5ca206ecc3efb11fb4f121513d23455d92e6cb656d1e2c9f5a6,0.6768524776802874,0,0
cwe119,0.05,cwe119:adv:66:0fa87f560bb9bc79,0fa87f560bb9bc793fa9f1aca6fcea567c36a2fcdecbf6ebc5a05be66aadbb3c,0.04158941220221068,1,0
cwe119,0.05,cwe119:adv:67:3ca208d47c084f8c,3ca208d47c084f8c61dd80a97942be6fa01f67cb663d6b243a80e17f826757bb,0.030847268449114697,1,0
cwe119,0.05,cwe119:adv:68:579dbdbafbdb5edb,579dbdbafbdb5edb508fb87baf2c7434e501b4dc3c212a881848a68687bee80e,0.07606708753515531,1,0
cwe119,0.05,cwe119:adv:69:96899601a665de63,96899601a665de632f1baf89e676fd31b48341aa5c2a6df0c1967016eb49e6cc,0.05397200299381767,1,0
cwe119,0.05,cwe119:adv:70:75693460be1bb51a,75693460be1bb51a761752d63f9307f9fbec323eb9eec1dde1700da5db375129,0.29611837352888937,1,0
cwe119,0.05,cwe119:adv:71:7cf6f5b551f46a4b,7cf6f5b551f46a4b9bdf9075eeacf45d7c4e4a8789838f24225d50f778c67159,0.01713800356571582,1,0
cwe119,0.05,cwe119:adv:72:741a6d7e31b46615,741a6d7e31b46615946f9c1f64511a1af2bba4ddbf5f5d1e36ca0b7066b34f98,0.9676117813833642,0,0
cwe119,0.05,cwe119:adv:73:cfed39d0afaf04bf,cfed39d0afaf04bf768c6c4de554ff9501aef5386d7085b5cf4119c3006da2a0,0.17902433704189458,1,0
cwe119,0.05,cwe119:adv:74:f08aecb5d440d562,f08aecb5d440d56236f63c45ee9e588ec6e718e367c98c32416706c5161fa1b7,0.13973847685307658,1,0
cwe119,0.05,cwe119:adv:75:88e3066dc5cef7fe,88e3066dc5cef7fe00ac34097e1d4ad894b7b255524e2ca75e453c5a87104905,0.10064211025584163,1,0
cwe119,0.05,cwe119:adv:76:89cd9bf20e72e784,89cd9bf20e72e78476681ce5bde5d54e9d08fef3d46dec9a37234414e3616a30,0.358858984445747,1,1
cwe119,0.05,cwe119:adv:77:790b87942cd8c34a,790b87942cd8c34aba9d517d0a7cdc7ebbd28c389aeb7fde5568469206f3e486,0.044824177200151596,1,0
cwe119,0.05,cwe119:adv:78:6732d04c3cfc37fe,6732d04c3cfc37fe0152299272ceecb85c769e89e1751c6592ad37bf6822085b,0.9487006481145638,0,0
cwe119,0.05,cwe119:adv:79:596097db2e02d404,596097db2e02d4044055d02f8d2fd6caf035997035c6f9769c02815f8b486c99,7.667344083281268e-05,1,0
cwe119,0.05,cwe119:adv:80:e16ec74752bbc6b6,e16ec74752bbc6b6998acbd15315ba6eca991c8f023c00361872281063dfa792,0.13675099953565856,1,0
cwe119,0.05,cwe119:adv:81:659bb39670e694d6,659bb39670e694d6501bcca5a6931b6f02c3b3f5497b25f59eefb13e9049a546,0.11204987589552444,1,0
cwe119,0.05,cwe119:adv:82:bbb8d951035293a7,bbb8d951035293a7922b62cc02cfcd819a26e407566aa7110d7bf8228c0150c4,0.5901984898600476,0,0
cwe119,0.05,cwe119:adv:83:867c3a9691771718,867c3a969177171807575d1f29e17993452d39e53efa961b3e8f59cc282fea78,0.2639621832277795,1,0
cwe119,0.05,cwe119:adv:84:4a5f1a4f50d675c3,4a5f1a4f50d675c3c22fa36e7c20de69a50911c4ac777baed17be7f28893da1c,0.22740350929853384,1,0
cwe119,0.05,cwe119:adv:85:03758ffe07b84167,03758ffe07b84167f7977054b4f5258545cd70ca1d0ecc2c0ccbaf64bb8237ba,0.2613023520371338,1,0
cwe119,0.05,cwe119:adv:86:518e91e396b86a03,518e91e396b86a038d1bc01314f4578858a33a796e9d63a84fd8ad668413fc65,0.2949937267751849,1,0
cwe119,0.05,cwe119:adv:87:f003b719c56c1070,f003b719c56c1070233f52366b23048122fef69e31c3569807754f05a22d5364,0.15377619420904873,1,0
cwe119,0.05,cwe119:adv:88:c51130baaa65200e,c51130baaa65200e1bbee15dcfdfe364392c63255a2271c6b346dc92ac37e846,0.17902433704189458,1,0
cwe119,0.05,cwe119:adv:89:646a3c1e6ddef074,646a3c1e6ddef07476344ea38111af468cc124c0542a6df5e8fab67c770ffd51,0.15584561607474845,1,0
cwe119,0.05,cwe119:adv:90:ac1abd53107e1e8c,ac1abd53107e1e8c52928fa20acb706c13e7071020aa3b75d01ea1d99d69086e,0.9503560615757485,0,0
cwe119,0.05,cwe119:adv:91:9c6db1482c60045c,9c6db1482c60045cbf7c9f049f0e022e49a46e9bbe9bdd1fbd1e6678a016c292,0.05445460644043491,1,0
cwe119,0.05,cwe119:adv:92:8f8dea21330f23ec,8f8dea21330f23ecdcf351730e77f139c8a2cfa8b2198d49ea25356f5c40bd08,0.9462993019382347,0,0
cwe119,0.05,cwe119:adv:93:96347c37116d0119,96347c37116d0119b118fc821a10f80af1e9d254f3023d6fa6e5106a6a47ece4,0.9163421764981635,0,0
cwe119,0.05,cwe119:adv:94:60e21e346320b84d,60e21e346320b84ddfc1ab8a48099339f724accd15078f6b6644d069b37ed81d,0.9737912336200557,0,0
cwe119,0.05,cwe119:adv:95:3b0388a994565e05,3b0388a994565e05fc605ea7d2e423f97435558f3243315394b808e670ee068d,0.30201944676041625,1,0
cwe119,0.05,cwe119:adv:96:ed22fbbdb9824578,ed22fbbdb9824578f69940154d3f372d934e2f6963d5c5c9f88c861a43310721,0.16303576464303696,1,0
cwe119,0.05,cwe119:adv:97:6c15af523c548f2b,6c15af523c548f2bda8c1a3f7f7c1f71c6385104812fdf3446a9602f5c3f7bcb,0.2899620135519008,1,0
cwe119,0.05,cwe119:adv:98:348153fd19479918,348153fd1947991841f749ab6a70f64e0e60dd9b7018ed9f9089e0cfe59a502b,0.0132356740867232,1,0
cwe119,0.05,cwe119:adv:99:93b625eaebc587b7,93b625eaebc587b736c1bbafd5c90db43797ca000ba785d3d5db05b69458bf09,0.08373021429029068,1,0
cwe119,0.05,cwe119:adv:100:5b16f6de501199e6,5b16f6de501199e6bacc59fffe7a6db213233ae1709b8f658e425cd606f38e22,0.150148083795627,1,0
cwe119,0.05,cwe119:adv:101:42be6af39991b668,42be6af39991b66864848e73e8838d89d173c2b333829ee6240609e40f17da04,0.868295924501511,0,0
cwe119,0.05,cwe119:adv:102:3cfd05bf103ab605,3cfd05bf103ab6056465df9854320d49e0c36a023122f54d2fed789720f5fc55,0.09865786901027464,1,0
cwe119,0.05,cwe119:adv:103:f0472fc38f8d585a,f0472fc38f8d585a2778c7770a91156a54c2cbb9ad3276ffcf1908fcaa3e4251,0.16164172211565866,1,0
cwe119,0.05,cwe119:adv:104:41f0d3065d9f3fa6,41f0d3065d9f3fa6e51f82b6e9d1015a1142bb21e1bddf1bc616db0f8967701a,0.19959085922585712,1,0
cwe119,0.05,cwe119:adv:105:7bead6b969a5e789,7bead6b969a5e78903576d05f3027e3abc55940027afca935eb933e9b1a63a24,0.3927605311425238,1,1
cwe119,0.05,cwe119:adv:106:621c08baf3e7ab9b,621c08baf3e7ab9b1ececceca909bdeec79af06488d554c4fe48cdd582e777e2,0.16303576464303696,1,0
cwe119,0.05,cwe119:adv:107:14474dec9ff30212,14474dec9ff30212ddc6a900c0b59fc3f6f4a8c4a112af2f280ad856f43f7bde,0.3304516140966499,1,0
cwe119,0.05,cwe119:adv:108:6a85e439a41ade8a,6a85e439a41ade8a7e271e67388cfec51ae85f7b209c2a82f8d0dd9c9f73f411,0.051451722397150595,1,0
cwe119,0.05,cwe119:adv:109:695f9f6916e42591,695f9f6916e425917a6054dc741e861b84c702adcebc584060e72d6e4c2842a5,7.667344083281268e-05,1,0
cwe119,0.05,cwe119:adv:110:d739177f772b9754,d739177f772b9754441e202ab4d09a2078392f2d55390ab85594bfe0bb35e472,0.9776047276086167,0,0
cwe119,0.05,cwe119:adv:111:e9bc27341d0ec654,e9bc27341d0ec65469f50676c7c548dfbd21d61d31ea1b33491280bb042d3b59,0.15275598599144097,1,0
cwe119,0.05,cwe119:adv:112:00189055be61b0ac,00189055be61b0ac9de83c9d302b77ca4c42dbf8decb3c9124b7ff7773d2fe43,0.19553475311366422,1,0
cwe119,0.05,cwe119:adv:113:b0040a97e6c802e8,b0040a97e6c802e8e6a12857bb74b5f9b1861bd0a4b757497acb74f83d9259f6,0.16967249876185914,1,0
cwe119,0.05,cwe119:adv:114:1d9f30403ab687a6,1d9f30403ab687a6c491d21d51babcd73d1e4c122b8f82d0d03e6556ed34ab7a,0.0970444654702633,1,0
cwe119,0.05,cwe119:adv:115:a91614914cbd350a,a91614914cbd350ad08e25eaaa06bc8eed401c084289f610e7ff2baa700bdd9b,0.8773064359415093,0,0
cwe119,0.05,cwe119:adv:116:020ace6374b268d7,020ace6374b268d769ac227dd99ff868b96d7065f27fca2e5603a94484c5e1dd,0.9427810833922673,0,0
cwe119,0.05,cwe119:adv:117:62648282098f60f7,62648282098f60f74f655edd1c08359bfa5800683d2c0f6a3f7d91e366fefafa,0.2568738890570573,1,0
cwe119,0.05,cwe119:adv:118:ef52ecb2e4977a44,ef52ecb2e4977a447be2d10f3a839b6af3d142173844e7faac97dcd554a11b48,0.2565879985360214,1,0
cwe119,0.05,cwe119:adv:119:c664cabb07054771,c664cabb070547711849315565f356162e496b00bee45a1840444b065b0da09b,5.9863146923164674e-05,1,0
cwe119,0.05,cwe119:adv:120:79f6f8df8b38574c,79f6f8df8b38574c41ba724ccda56e3cc48811710257103a7470b258f387cc74,0.1660889553638719,1,0
cwe119,0.05,cwe119:adv:121:2a59bcde1d49abd7,2a59bcde1d49abd703b4fe501d78ec93c12b2c5afb0df51333872bf8cc030166,0.00018807732163103846,1,0
cwe119,0.05,cwe119:adv:122:053efbbf33096b79,053efbbf33096b79054604f19ab72837dcdd8dc6f2ad513ce6e111fda4099139,0.9147020835729502,0,0
cwe119,0.05,cwe119:adv:123:74591856d4c12dcf,74591856d4c12dcf74ba1bc20b3957eacd3b7f129cf36c20d35f41f2d762d7a9,0.051559624054715196,1,0
cwe119,0.05,cwe119:adv:124:653be6258dbc559c,653be6258dbc559c543febdaa1c0a53cdaca719dc0d000eb2cf500ab961e5000,0.9031653363874729,0,0
cwe119,0.05,cwe119:adv:125:714032057ccceaa1,714032057ccceaa1d45a7cc963ac44e48a3610f2f9480e5ec00693b6f9dc21f3,0.15587978593901178,1,0
cwe119,0.05,cwe119:adv:126:58458449c6a59ae7,58458449c6a59ae7e6b11aeb31ca2eae037ed32941bebbc95eb4d6cf99362c18,0.25558932405818874,1,0
cwe119,0.05,cwe119:adv:127:6efff82faba444d1,6efff82faba444d1408d5cac7af1045b57df398b1b64150feca068bddfb6a305,0.02659640274288744,1,0
cwe119,0.05,cwe119:adv:128:bfd2cfc14a13beb1,bfd2cfc14a13beb1cd222d372a2e939530727e587b0e747cd1fb25f31b7c1f63,0.9563858880715601,0,0
cwe119,0.05,cwe119:adv:129:7d994eb24b00fdc2,7d994eb24b00fdc25ed7ee8635d0f1457fc79ca2c91371815b4c6022d14d1449,0.18036846959835975,1,0
cwe119,0.05,cwe119:adv:130:120386dd3cd1f8ca,120386dd3cd1f8ca5500ef3914a3da0dc8e1d4f99db2d4885414657e856275cf,5.9863146923164674e-05,1,0
cwe119,0.05,cwe119:adv:131:de481e02e4781c09,de481e02e4781c0943295d8acea6352afbd2d8aaef5416a969b2f6ab602c3314,5.9863146923164674e-05,1,0
cwe119,0.05,cwe119:adv:132:f874327e7097ef55,f874327e7097ef55624b5d1fb661b6991c2fb7c66664674fb609a0ba49145199,0.09365391555310983,1,0
cwe119,0.05,cwe119:adv:133:c59ed954d923ec69,c59ed954d923ec69e3cf067a42a8e7500274786eb95382b895a864803be5b610,0.19647738639303852,1,0
cwe119,0.05,cwe119:adv:134:8968fc9d55b487aa,8968fc9d55b487aafdfe6ac2a2763eea88b78d176b6d1b8f998bc5c7a7c3f0db,0.17834377702171506,1,0
cwe119,0.05,cwe119:adv:135:d252cedf7c5512a8,d252cedf7c5512a84fa17e1556d68149bce5a1c85bb574035372b0262b740ebc,0.9825380684553078,0,0
cwe119,0.05,cwe119:adv:136:10fadff500dbd10d,10fadff500dbd10dd5a17b5428b4f0b2caca1ef6a083b8eb86310a0da1c5de10,0.06796991660226528,1,0
cwe119,0.05,cwe119:adv:137:d5cea30f49620b06,d5cea30f49620b06ab1ec5d5eabb9e00d389d5e886202fa0863afb834cf03def,0.17239971157760253,1,0
cwe119,0.05,cwe119:adv:138:c842253f229882e6,c842253f229882e66090e10b1670225d9f1e0072c399de8597ec2eb9ec9d45d1,0.0011012109507187585,1,0
cwe119,0.05,cwe119:adv:139:d050bc54d0a2e2ca,d050bc54d0a2e2cae3613f5d517bcde01d87ca5fa6de2edd135ec859f81eecc7,0.03237202681398132,1,0
cwe119,0.05,cwe119:adv:140:e6087cd94447e18f,e6087cd94447e18f48d1663f7f332724731457fd2c5d0c59c3355ea20c5a4ac8,0.11071397627228063,1,0
cwe119,0.05,cwe119:adv:141:9f4af6e2664a5d9f,9f4af6e2664a5d9ffd10a025fa96dc9c08ff00472b1e0c84d1240cac9d7cfb6c,0.17764635112738947,1,0
cwe119,0.05,cwe119:adv:142:f1482083f2f58c15,f1482083f2f58c152a47ade421f1d8eaebb37ba72115fe4a01c0a1453d2c633c,5.9863146923164674e-05,1,0
cwe119,0.05,cwe119:adv:143:6634b686799076bb,6634b686799076bb5c70cb0c71095990ad15a2ea3c06e16021edc91e2b9fa22c,0.9828438721998382,0,0
cwe119,0.05,cwe119:adv:144:354b916fc1a46017,354b916fc1a4601757d1bb97b7940e1b6c3ec96e53f9e49110925b2671a7cd71,0.5884541279640586,0,0
cwe119,0.05,cwe119:adv:145:33a0d19bfc2b3b61,33a0d19bfc2b3b618b87028659bb508776e4b27ad74c7d83ce251e97679bc413,0.8797323535609703,0,0
cwe119,0.05,cwe119:adv:146:e0c64c71292086d0,e0c64c71292086d0e4c4cc4e27c851aa26a62e85ddb92cea25d856fb224bffe6,0.00019410207103246196,1,0
cwe119,0.05,cwe119:adv:147:1dbca373746b027d,1dbca373746b027d1f0e43b5368331e80ccbf1dab8e0e7bc347d8684cd9920fe,0.015509815345082232,1,0
cwe119,0.05,cwe119:adv:148:9bfeaa41c859f69d,9bfeaa41c859f69db75f91f3048e3cfbe1d75b100ae52e43f6747ef61bd3da3d,7.667344083281268e-05,1,0
cwe119,0.05,cwe119:adv:149:a1b504a582509d39,a1b504a582509d39ec61ad46255a0b7f1fe6fa3a4ec825466efe2f102b618554,0.00019410207103246196,1,0
cwe119,0.05,cwe119:adv:150:b0a45c41c7a2ed45,b0a45c41c7a2ed453947d3d74668b7e2a0a48bdfd93c84e66acfc62de86e460e,0.13333101229220826,1,0
cwe119,0.05,cwe119:adv:151:43f264bf2cc1f1d2,43f264bf2cc1f1d24239d5996f7e0e771f6bf6a8d1e1b4caa1044b9f560d7c1f,0.10779679377478657,1,0
cwe119,0.05,cwe119:adv:152:e12af589a4012e3a,e12af589a4012e3a839b9490a2efa8bec3919250d915ba581d02ac97143f8131,0.9678492234144647,0,0
cwe119,0.05,cwe119:adv:153:d9f1bd2b8d293037,d9f1bd2b8d2930379c9e2a8cedeb0add354d9764c7463269e61aa467b98607dd,0.3596616635202632,1,1
cwe119,0.05,cwe119:adv:154:5c97eb8239636390,5c97eb8239636390f59544c04fd838479b2603a7882fceb617cf20d8a6ec3896,5.9863146923164674e-05,1,0
cwe119,0.05,cwe119:adv:155:9d4850a835893d48,9d4850a835893d48bdb2cd7071cb5b9a1637e667d68d05dae9a278e7f568f71e,0.9816164085956967,0,0
cwe119,0.05,cwe119:adv:156:3c64a8b808632f9a,3c64a8b808632f9a18314a570f26695075b889e262a6106cfbe60cf702bcf716,0.9655690978223804,0,0
cwe119,0.05,cwe119:adv:157:e6e0379498d76fe6,e6e0379498d76fe69d63fcd53b72aa0e0ebb781fde67086ee23d91c52eec172d,7.667344083281268e-05,1,0
cwe119,0.05,cwe119:adv:158:d585e3c1b176c911,d585e3c1b176c911f1cb6b446fb2794a8c6c88fd13f357e60d3f0b18b49bd897,0.0578071007727921,1,0
cwe119,0.05,cwe119:adv:159:00d89d39605254e9,00d89d39605254e9486def60c2a2f35d589a3a52d82423027090f829c1d96dbd,0.20143730123062503,1,0
cwe119,0.05,cwe119:adv:160:0a569eb26a0a7b8d,0a569eb26a0a7b8df857fb257775a7c2cd5d62d23afa8889c175e4688a566073,0.822220551276797,0,0
cwe119,0.05,cwe119:adv:161:0a0f70750f1a0485,0a0f70750f1a0485b861b55ca2ab4e89d0afef00e982934019ccbdf89ec1922d,0.11273138408697493,1,0
cwe119,0.05,cwe119:adv:162:676a4db581e86e32,676a4db581e86e3225a6ebea107df11892f2caf4843be6aec8838c017988e299,7.667344083281268e-05,1,0
cwe119,0.05,cwe119:adv:163:33f5c021ebab6d17,33f5c021ebab6d171f39ee8fae29c0b7cbe60a582eecf6afdc5b046f7f350f69,0.0014813499614539402,1,0
cwe119,0.05,cwe119:adv:164:df5f632cc964d275,df5f632cc964d275188d5210bb64dd4ebda2f4912c244f1a67291bca1225f514,7.667344083281268e-05,1,0
cwe119,0.05,cwe119:adv:165:015b3dfffb600a3e,015b3dfffb600a3eef4fbf66f20a811437c3dc3f7d186e36628d8675c5677b72,0.014266507034685953,1,0
cwe119,0.05,cwe119:adv:166:483ab246c3fe5803,483ab246c3fe5803561519ed571a641396655bbccb1e43c3ee46e4f526e9d49e,7.667344083281268e-05,1,0
cwe119,0.05,cwe119:adv:167:76cc52c80ec65cee,76cc52c80ec65cee0af5f053afa7c766bec8cd3e847589d043945ada5e6d309d,0.17822210794552545,1,0
cwe119,0.05,cwe119:adv:168:f8fbceb02dd684e5,f8fbceb02dd684e5b1e1616f04a5047665160cec7338277bb1fe763bbec8ff1d,0.8071863249760456,0,0
cwe119,0.05,cwe119:adv:169:87cb7f2280f42c10,87cb7f2280f42c10999df0720cb7a3ec0fee15429b5308bc98d51ed53ec3a5dd,0.7297700356352285,0,0
cwe119,0.05,cwe119:adv:170:b570cb3494a4d832,b570cb3494a4d832ae4b306583eac0468f7df2347882af843f467df2bc93389e,0.9858123989125195,0,0
cwe119,0.05,cwe119:adv:171:75bddbeb64ec761f,75bddbeb64ec761f7e585a4e6c4ff060a8bb663b31c942d04417cf587399bfa8,0.9846647699022584,0,0
cwe119,0.05,cwe119:adv:172:599478c93ea7fe41,599478c93ea7fe41e427feb3542a49b3517b6d16178b522918dc9dbe919ce4bb,0.054397079857697254,1,0
cwe119,0.05,cwe119:adv:173:975d897c3c416a4c,975d897c3c416a4ca82bfd64fd2e6034e93c4e1ae34940e083d8da5362920168,0.1561073956426543,1,0
cwe119,0.05,cwe119:adv:174:27e775d8bddce46e,27e775d8bddce46ec703a533829bc13a837021293c278612eae0bd2d352ed3ad,0.105680729424164,1,0
cwe119,0.05,cwe119:adv:175:3f4f0a594c4a86b8,3f4f0a594c4a86b8b19dee5110493520e288e4ba30781499551e05ca26e54f8f,0.9354705318730491,0,0
cwe119,0.05,cwe119:adv:176:5beb7659744069fa,5beb7659744069fa8d339f10bb7dfbadbadc6ec39e0137274da00f3be3276444,0.8167588486897214,0,0
cwe119,0.05,cwe119:adv:177:5c2ec37ae1eb5e28,5c2ec37ae1eb5e28682216f6f9458d8e66525e14f29594ef204a131aec7f1280,0.06495921295234466,1,0
cwe119,0.05,cwe119:adv:178:cb10920855ff8e31,cb10920855ff8e31da0b3b6848bb8b859bfaf607a6568074cdbfee17dfcba95a,0.028662354641079968,1,0
cwe119,0.05,cwe119:adv:179:da5bf976c46f637a,da5bf976c46f637a51c9f9e88395b7494a3f1e91faf5d15fc8ee960298fab096,0.9727735622599775,0,0
cwe119,0.05,cwe119:adv:180:e05b6cd7d1dae0b8,e05b6cd7d1dae0b81a4eeecb76e6f1edec88c05370ebd9e25b43f6e3b8977b94,7.667344083281268e-05,1,0
cwe119,0.05,cwe119:adv:181:50f6ef693d1516f1,50f6ef693d1516f1317a8696749a91d5e30432b7a873315afb1d1804b4e38b62,0.4586880211444167,1,1
cwe119,0.05,cwe119:adv:182:897ae9866fca81f4,897ae9866fca81f4e7d3ca6b7f8208c4b9e93812b0a160c1ce0530d0fb4ea78d,0.043650165705672886,1,0
cwe119,0.05,cwe119:adv:183:938f279750aa2964,938f279750aa2964c57e333aa736f1a89c1b546877c04703897cb6bc1443f177,0.12451046603052715,1,0
cwe119,0.05,cwe119:adv:184:0f1384fb3a420344,0f1384fb3a420344d07657508af33efd750adeb078040d010861e6f82e8f5da5,7.667344083281268e-05,1,0
cwe119,0.05,cwe119:adv:185:c3ca705f31b7877c,c3ca705f31b7877c9e3bd72cf7b185ec64ba804ded4154265efbc2db1258f7d6,0.14637804727174805,1,0
cwe119,0.05,cwe119:adv:186:745309b9290615b1,745309b9290615b166d902f9ca08795283c384987e1dafb25274fe86d6b02a7d,0.6384447545571235,0,0
cwe119,0.05,cwe119:adv:187:483dfe87acec1b0a,483dfe87acec1b0a38169acf74c9814faff9040f8f96e3c24ae834f291d9bf67,0.9865371085035155,0,0
cwe119,0.05,cwe119:adv:188:b26b73af35562f52,b26b73af35562f52fba17ea31f4562d2ee3f73ceecdec78740c984d9570dcd73,0.048933342475989454,1,0
cwe119,0.05,cwe119:adv:189:c2bfa477b89e2dc0,c2bfa477b89e2dc00200c633bc8952874d3667ddd91b871f109417b579cdec38,0.20143730123062503,1,0
cwe119,0.05,cwe119:adv:190:9310cf230c4c3020,9310cf230c4c3020b783eb4d83c0f6c39d491ac6f29f16b7461a407988a46554,0.358858984445747,1,1
cwe119,0.05,cwe119:adv:191:dc05318b21546675,dc05318b21546675efe9ad8b342306209c6f93d8070548a5ef4ce3b4b9f3040c,0.03158291755229769,1,0
cwe119,0.05,cwe119:adv:192:b39726b671179ab2,b39726b671179ab26f2cfe39ab5ad16ac217e6cf25744a62f12034aa3baa852e,0.033306044123127466,1,0
cwe119,0.05,cwe119:adv:193:5cf938a7ceb4994e,5cf938a7ceb4994e2ccf0554799a3ce3c7211a6e79293a718452f3e7b32019c6,0.12873951229356836,1,0
cwe119,0.05,cwe119:adv:194:c254a1a29f17227e,c254a1a29f17227e2015cbbdb0fc1fa79a6814d26036331396dc66f7cb510796,0.12287041330393975,1,0
cwe119,0.05,cwe119:adv:195:053c38250655934b,053c38250655934b7b3c6884f660182597d656962d601f6e7a8337227579cfc5,0.9772289615969147,0,0
cwe119,0.05,cwe119:adv:196:8e4e872da24dc3c5,8e4e872da24dc3c5a22bff91c4c21fcb82967fdcde4d460391e340617ff46b59,0.9858277932465325,0,0
cwe119,0.05,cwe119:adv:197:d9abc72441cdaae8,d9abc72441cdaae8f932c86033c5c4cf5ec31cd72399794f045f7e08f3a4d9d6,0.013571117599034751,1,0
cwe119,0.05,cwe119:adv:198:80936cb5fadcbe61,80936cb5fadcbe610ecb4a6cb49cd83a05862d1795c5fa2a92cfa82a7b9b3d31,0.03152471367188677,1,0
cwe119,0.05,cwe119:adv:199:08de37f51647e627,08de37f51647e62701c0312bede1ae1b4f1c06dc7517f1e4a8273edb629b4ccb,0.41165243152617353,1,1
cwe119,0.1,cwe119:adv:0:38d64969f2f498da,38d64969f2f498daaacf284f59791b2b8ee16de0f93173f6a6c05b1d0bc3cc67,0.048860755689129384,1,0
cwe119,0.1,cwe119:adv:1:f2c39591912573cd,f2c39591912573cd4a26b72dbf1edecaf8c139c1a159302c277b2e000f339dca,0.9834105733851318,0,0
cwe119,0.1,cwe119:adv:2:c15a1432488dd83e,c15a1432488dd83e8b78a14bae612a93d2c966740980f278b358a27e7904ca0b,0.16365737156004964,1,0
cwe119,0.1,cwe119:adv:3:7593c0806b814181,7593c0806b814181b39e7d90bc4a77a5b2218b6ca4d7599f96a9d685f972eb8f,0.016295349825393088,1,0
cwe119,0.1,cwe119:adv:4:04667ed555e3bfd3,04667ed555e3bfd33e9e3d2382e8065159847ec178abf114ab197e5928390c34,0.9772446220221817,0,0
cwe119,0.1,cwe119:adv:5:9411c6d93d66ff0f,9411c6d93d66ff0f2daf7a5602eb9dbb843f1f6beec3680d873a9fd3457cd530,0.0030077458780530856,1,0
cwe119,0.1,cwe119:adv:6:6527220f0f817493,6527220f0f8174934405436dd6bd8fee8b0f18506a36b15483233d4db121e69b,6.0789153840326536e-05,1,0
cwe119,0.1,cwe119:adv:7:3d2b8a0b354b04bd,3d2b8a0b354b04bdfc646aa66375de828070edf61c13640fd35428698addceb8,0.22547593916173214,1,0
cwe119,0.1,cwe119:adv:8:4b9ba336a44134b7,4b9ba336a44134b770ddfe84bd3009d0bd98a1606b2f0ce9fa3185e9983b8e22,5.9863146923164674e-05,1,0
cwe119,0.1,cwe119:adv:9:acae8667c7c7f3fe,acae8667c7c7f3fe7866c7157d05fb500feba860ac9a60c90c3454238db6b0b3,0.14954920614754608,1,0
cwe119,0.1,cwe119:adv:10:6f06db7a07156d95,6f06db7a07156d95d3c80d2eceb4892ef4675ffe39f7bf12595ec89ea4b8d88c,0.03313783837889613,1,0
cwe119,0.1,cwe119:adv:11:b299f5193839b3b4,b299f5193839b3b4f3a66c07a1decf28f4863c848a627e45f157d838120c0eb8,0.033495324549556164,1,0
cwe119,0.1,cwe119:adv:12:b8efeca8066f8a23,b8efeca8066f8a2356acc1af1d5d0e54cc53d41caad3131bafbf2f050678e2f4,0.060327539723698906,1,0
cwe119,0.1,cwe119:adv:13:baf65ad39b062707,baf65ad39b0627078dbdc06e82319d75171b6a653d3a48fa640c1ba1150ccee3,0.9787338578574454,0,0
cwe119,0.1,cwe119:adv:14:6ffe5a98044737e7,6ffe5a98044737e7e7ad56e455f4f4b84387516b7ef202da10b7d2c155845a3e,5.9863146923164674e-05,1,0
cwe119,0.1,cwe119:adv:15:2ebaea21e8e43450,2ebaea21e8e434503e2e2dc83a0bd70ec2a21f8b89b6079f4adf8e5c38fc2158,0.19007723931923504,1,0
cwe119,0.1,cwe119:adv:16:1194f4cb02d95e74,1194f4cb02d95e74e50eba983b1f2bd24fa1d45a6dbf2763d8f19d9baa4c2e47,0.11578925965907454,1,0
cwe119,0.1,cwe119:adv:17:be1f92c8522e5118,be1f92c8522e5118aef64bd0814c327f299ce824f963bf2a8732fb57b94a644d,0.926649096973424,0,0
cwe119,0.1,cwe119:adv:18:203b57362f40a9fa,203b57362f40a9fac9cdc161720ffef35b9e7007ff78150eecda45696da179b5,0.30201944676041625,1,1
cwe119,0.1,cwe119:adv:19:65bc737ae3312a61,65bc737ae3312a61e28a6a22fdf75cdeef961a0c818e19f44195213f9f98aedf,0.746016575365095,0,0
cwe119,0.1,cwe119:adv:20:651a90c01e4bc1ba,651a90c01e4bc1ba2a7521d7cae84d57ec9dc3a4eff283e53a8831904c5d3f21,0.18036846959835975,1,0
cwe119,0.1,cwe119:adv:21:56972f4643861735,56972f464386173511f9c6034b638eb53f27c0d90f5e4b092324ba6a47c3b7ee,0.11740203743929256,1,0
cwe119,0.1,cwe119:adv:22:ab3cea42c200dedc,ab3cea42c200dedc05f80d20ea2fa3632d2295797d33f97d309beca115962312,0.15275598599144097,1,0
cwe119,0.1,cwe119:adv:23:2d36e2d5ca394a5b,2d36e2d5ca394a5b31d0537d9a60644a556879971cc88b4a639572241681ed0f,0.23523486826014942,1,0
cwe119,0.1,cwe119:adv:24:60e4fcfbc50b294b,60e4fcfbc50b294ba2e085e53d0b5ce2c1bd837dd91f1beaf6909bf93b772ace,0.045326736173075644,1,0
cwe119,0.1,cwe119:adv:25:530ef966288bf855,530ef966288bf855f690e8e46a85be9bb364e2ecf73fc0d14ee98b1d591d76ae,0.059592918134493994,1,0
cwe119,0.1,cwe119:adv:26:15886edf45e1ddd8,15886edf45e1ddd8f5f874d1a1c9457016a71fbeaf69dc7d1601c55dbfbd93c3,0.620853451547075,0,0
cwe119,0.1,cwe119:adv:27:a12b676fd289f51d,a12b676fd289f51db9d8367186d1b396e5be8325beb2416b6ab461c354d5cd92,0.698850826220668,0,0
cwe119,0.1,cwe119:adv:28:55550e38749a4b9b,55550e38749a4b9beff0c7059692fa5c2e976989286f952d9fbbf9b341b17b3f,0.6072019856066618,0,0
cwe119,0.1,cwe119:adv:29:b6068b36d10b1fc5,b6068b36d10b1fc54765f404422d54ec568fdff4358129d331942553369b0d96,0.23653464996995788,1,0
cwe119,0.1,cwe119:adv:30:aa622459546c7362,aa622459546c73626457f0dc907ab03b792931d51f517c8f0a65c1dda737562c,7.667344083281268e-05,1,0
cwe119,0.1,cwe119:adv:31:d45b1e9114e0e951,d45b1e9114e0e9513f53d7288d1373e6d887b6e2423f9d23f5a798c76938add0,0.7774526949849109,0,0
cwe119,0.1,cwe119:adv:32:5eba51ba05d64cdc,5eba51ba05d64cdc9665193cd24a1d729f328feaf2a99bfefb6f5100c9d81002,0.0009912533468637438,1,0
cwe119,0.1,cwe119:adv:33:a517d834449eb5bf,a517d834449eb5bfcbed06b60560001ffa688755e3543a5a2e36e30a4cede110,0.9247887451606451,0,0
cwe119,0.1,cwe119:adv:34:1b11e07960319c7a,1b11e07960319c7a4cea814e1265f94ba70e979fbbe09a9acb714d7865267ecd,0.01997624034427852,1,0
cwe119,0.1,cwe119:adv:35:f6bc523661b4433f,f6bc523661b4433faba9f3705bea7e1c7d3bfd28b1d05df65ed2518faa269818,0.9403167229090316,0,0
cwe119,0.1,cwe119:adv:36:82f0855fee23fc8e,82f0855fee23fc8ec6fe0e8088afcae3396bd17a43954afc9a3289d357189a91,0.9595622866718146,0,0
cwe119,0.1,cwe119:adv:37:d11fd37b4ce2cc70,d11fd37b4ce2cc70e82c4fc233266d572be89e4a468f4f18f6a1f9f4e41b76e9,0.041486016122261146,1,0
cwe119,0.1,cwe119:adv:38:67ecec816128764e,67ecec816128764eb6bc456d70cf3ca8f3fd610592047feff8962b2cd1fbaa99,0.331098999319371,1,1
cwe119,0.1,cwe119:adv:39:af593d821a016151,af593d821a0161512d6c7b4fbc7abe5202b12d1f0312089a144547eff1db41d9,0.6366409719944087,0,0
cwe119,0.1,cwe119:adv:40:df7db41ca30614a5,df7db41ca30614a5df06f2b98b6de52784b85d52ce3fa94e7df2ad93becca2bb,0.9840012343188842,0,0
cwe119,0.1,cwe119:adv:41:40f767968a591dd9,40f767968a591dd96913336f0f1676504af1c249a9db027cefafd56d1b65e385,0.9321531229801264,0,0
cwe119,0.1,cwe119:adv:42:50023f57332bc98f,50023f57332bc98fc4b2513e603ae68b2da5fdc3f09340ae962ea6e95b306efe,0.7499487367136113,0,0
cwe119,0.1,cwe119:adv:43:26c0994c20d74988,26c0994c20d74988f697d8958f00edeff797ce6c4fdfb5cabc502f01b399b2d2,0.14755422009568325,1,0
cwe119,0.1,cwe119:adv:44:d0073029eff77d6a,d0073029eff77d6afea47b09279890b86eddfb6d321a0809d294124b8b8fc08a,0.2949937267751849,1,1
cwe119,0.1,cwe119:adv:45:2bc642a71fb8cd6e,2bc642a71fb8cd6efcedf1b3009033c2a4f59a17eeb7b50587e101f32790ae6e,0.6202763781746597,0,0
cwe119,0.1,cwe119:adv:46:4c260259d2e2880b,4c260259d2e2880bc873f44d8a1c10931363cee9f474f9fff78b2b3fda983346,0.1480053279859115,1,0
cwe119,0.1,cwe119:adv:47:ecb4ba281dd73123,ecb4ba281dd73123f3b1c18b586ed2351b22e15341a2a43d337cf1279047a730,0.038533512127343496,1,0
cwe119,0.1,cwe119:adv:48:790ca98be7dbc425,790ca98be7dbc425f2474f03c6b2ab5691d93fb99494bd9256a957442cce79d9,0.8312458939421044,0,0
cwe119,0.1,cwe119:adv:49:a60f662dd336ba70,a60f662dd336ba700851105dae52399515ae9b0e23d29391fad76bf5a30b4be8,7.667344083281268e-05,1,0
cwe119,0.1,cwe119:adv:50:fb80ec7a9b7d4fb1,fb80ec7a9b7d4fb18b51a7576bb3ebdef4ec571f606314c8f8873e224e3d207f,0.6680782510609553,0,0
cwe119,0.1,cwe119:adv:51:f4cdc884f6bd981e,f4cdc884f6bd981ed73699d72096547dbdb859d06180a654dbfeb292b6e36bab,0.16895199420526302,1,0
cwe119,0.1,cwe119:adv:52:2e7350d56c58ad7d,2e7350d56c58ad7d5e6932b703aeb30d8b6e4eeeef515b3c07ed12847a946489,0.13908396033559697,1,0
cwe119,0.1,cwe119:adv:53:de3fbb842761445d,de3fbb842761445d9bb1f8c084564060c37b5d4c2569107d791c57dfd4865393,0.013571117599034751,1,0
cwe119,0.1,cwe119:adv:54:1b3acd4e4511a46b,1b3acd4e4511a46b89a53a8e4bfb331eb70d180461cf5216641c879fa68a45e8,0.042451825035981494,1,0
cwe119,0.1,cwe119:adv:55:fe4700d8b5d9c4b5,fe4700d8b5d9c4b5be2a887d46d45c772de0d5a7ed7895e84b7581814595b510,0.5882346328700636,0,0
cwe119,0.1,cwe119:adv:56:bfb2ad568548419c,bfb2ad568548419cf253c41562ad6e15fc8e6e6aa27ea5a1ea96b7a39e5b467b,0.26527336097038595,1,0
cwe119,0.1,cwe119:adv:57:4c28e1952569ddc2,4c28e1952569ddc2e364c5c3080106821a35f873daacb4bb7e4ebd08fe060875,0.8913599155717067,0,0
cwe119,0.1,cwe119:adv:58:aa444e58838b1a76,aa444e58838b1a76864f6a9e6dfe80b22375ad1fb3bb5d73655b744af62c8e7f,0.028845669841388505,1,0
cwe119,0.1,cwe119:adv:59:1825e53516f6c258,1825e53516f6c258b9bf8d952e5ace0d77f6123e8b96ed330ea49bb56475acf3,0.08166793335766744,1,0
cwe119,0.1,cwe119:adv:60:11b7956e1e1ee1c5,11b7956e1e1ee1c5e5579d7e8b7cbe61f8cc49562d248af2eec5c36210642b0c,0.26000284857696193,1,0
cwe119,0.1,cwe119:adv:61:52b24c273da85b6e,52b24c273da85b6ed08f0576c287b4c044386f198b8c33b5998ae375762ae148,0.8586653472015928,0,0
cwe119,0.1,cwe119:adv:62:5c9df3b3e9d5e42a,5c9df3b3e9d5e42a96d5be7c3820f3a6dc0b863949b0cdf96320c0f0ebc6062d,0.011558543681740275,1,0
cwe119,0.1,cwe119:adv:63:101f0e6dbbbf7050,101f0e6dbbbf7050178ba0662a373ba0ab4fd8523687b98efd8d7a659f10ee60,0.0466414138453842,1,0
cwe119,0.1,cwe119:adv:64:a57a4dce31d9de90,a57a4dce31d9de9097aa3d8bb3b0f544afd58cdb92f955b591b22268987e023f,0.013564666259741004,1,0
cwe119,0.1,cwe119:adv:65:f39101bbeeffe5ca,f39101bbeeffe5ca206ecc3efb11fb4f121513d23455d92e6cb656d1e2c9f5a6,0.6768524776802874,0,0
cwe119,0.1,cwe119:adv:66:0fa87f560bb9bc79,0fa87f560bb9bc793fa9f1aca6fcea567c36a2fcdecbf6ebc5a05be66aadbb3c,0.04158941220221068,1,0
cwe119,0.1,cwe119:adv:67:3ca208d47c084f8c,3ca208d47c084f8c61dd80a97942be6fa01f67cb663d6b243a80e17f826757bb,0.030847268449114697,1,0
cwe119,0.1,cwe119:adv:68:579dbdbafbdb5edb,579dbdbafbdb5edb508fb87baf2c7434e501b4dc3c212a881848a68687bee80e,0.07606708753515531,1,0
cwe119,0.1,cwe119:adv:69:96899601a665de63,96899601a665de632f1baf89e676fd31b48341aa5c2a6df0c1967016eb49e6cc,0.05397200299381767,1,0
cwe119,0.1,cwe119:adv:70:75693460be1bb51a,75693460be1bb51a761752d63f9307f9fbec323eb9eec1dde1700da5db375129,0.29611837352888937,1,1
cwe119,0.1,cwe119:adv:71:7cf6f5b551f46a4b,7cf6f5b551f46a4b9bdf9075eeacf45d7c4e4a8789838f24225d50f778c67159,0.01713800356571582,1,0
cwe119,0.1,cwe119:adv:72:741a6d7e31b46615,741a6d7e31b46615946f9c1f64511a1af2bba4ddbf5f5d1e36ca0b7066b34f98,0.9676117813833642,0,0
cwe119,0.1,cwe119:adv:73:cfed39d0afaf04bf,cfed39d0afaf04bf768c6c4de554ff9501aef5386d7085b5cf4119c3006da2a0,0.17902433704189458,1,0
cwe119,0.1,cwe119:adv:74:f08aecb5d440d562,f08aecb5d440d56236f63c45ee9e588ec6e718e367c98c32416706c5161fa1b7,0.13973847685307658,1,0
cwe119,0.1,cwe119:adv:75:88e3066dc5cef7fe,88e3066dc5cef7fe00ac34097e1d4ad894b7b255524e2ca75e453c5a87104905,0.10064211025584163,1,0
cwe119,0.1,cwe119:adv:76:89cd9bf20e72e784,89cd9bf20e72e78476681ce5bde5d54e9d08fef3d46dec9a37234414e3616a30,0.358858984445747,1,1
cwe119,0.1,cwe119:adv:77:790b87942cd8c34a,790b87942cd8c34aba9d517d0a7cdc7ebbd28c389aeb7fde5568469206f3e486,0.044824177200151596,1,0
cwe119,0.1,cwe119:adv:78:6732d04c3cfc37fe,6732d04c3cfc37fe0152299272ceecb85c769e89e1751c6592ad37bf6822085b,0.9487006481145638,0,0
cwe119,0.1,cwe119:adv:79:596097db2e02d404,596097db2e02d4044055d02f8d2fd6caf035997035c6f9769c02815f8b486c99,7.667344083281268e-05,1,0
cwe119,0.1,cwe119:adv:80:e16ec74752bbc6b6,e16ec74752bbc6b6998acbd15315ba6eca991c8f023c00361872281063dfa792,0.13675099953565856,1,0
cwe119,0.1,cwe119:adv:81:659bb39670e694d6,659bb39670e694d6501bcca5a6931b6f02c3b3f5497b25f59eefb13e9049a546,0.11204987589552444,1,0
cwe119,0.1,cwe119:adv:82:bbb8d951035293a7,bbb8d951035293a7922b62cc02cfcd819a26e407566aa7110d7bf8228c0150c4,0.5901984898600476,0,0
cwe119,0.1,cwe119:adv:83:867c3a9691771718,867c3a969177171807575d1f29e17993452d39e53efa961b3e8f59cc282fea78,0.2639621832277795,1,0
cwe119,0.1,cwe119:adv:84:4a5f1a4f50d675c3,4a5f1a4f50d675c3c22fa36e7c20de69a50911c4ac777baed17be7f28893da1c,0.22740350929853384,1,0
cwe119,0.1,cwe119:adv:85:03758ffe07b84167,03758ffe07b84167f7977054b4f5258545cd70ca1d0ecc2c0ccbaf64bb8237ba,0.2613023520371338,1,0
cwe119,0.1,cwe119:adv:86:518e91e396b86a03,518e91e396b86a038d1bc01314f4578858a33a796e9d63a84fd8ad668413fc65,0.2949937267751849,1,1
cwe119,0.1,cwe119:adv:87:f003b719c56c1070,f003b719c56c1070233f52366b23048122fef69e31c3569807754f05a22d5364,0.15377619420904873,1,0
cwe119,0.1,cwe119:adv:88:c51130baaa65200e,c51130baaa65200e1bbee15dcfdfe364392c63255a2271c6b346dc92ac37e846,0.17902433704189458,1,0
cwe119,0.1,cwe119:adv:89:646a3c1e6ddef074,646a3c1e6ddef07476344ea38111af468cc124c0542a6df5e8fab67c770ffd51,0.15584561607474845,1,0
cwe119,0.1,cwe119:adv:90:ac1abd53107e1e8c,ac1abd53107e1e8c52928fa20acb706c13e7071020aa3b75d01ea1d99d69086e,0.9503560615757485,0,0
cwe119,0.1,cwe119:adv:91:9c6db1482c60045c,9c6db1482c60045cbf7c9f049f0e022e49a46e9bbe9bdd1fbd1e6678a016c292,0.05445460644043491,1,0
cwe119,0.1,cwe119:adv:92:8f8dea21330f23ec,8f8dea21330f23ecdcf351730e77f139c8a2cfa8b2198d49ea25356f5c40bd08,0.9462993019382347,0,0
cwe119,0.1,cwe119:adv:93:96347c37116d0119,96347c37116d0119b118fc821a10f80af1e9d254f3023d6fa6e5106a6a47ece4,0.9163421764981635,0,0
cwe119,0.1,cwe119:adv:94:60e21e346320b84d,60e21e346320b84ddfc1ab8a48099339f724accd15078f6b6644d069b37ed81d,0.9737912336200557,0,0
cwe119,0.1,cwe119:adv:95:3b0388a994565e05,3b0388a994565e05fc605ea7d2e423f97435558f3243315394b808e670ee068d,0.30201944676041625,1,1
cwe119,0.1,cwe119:adv:96:ed22fbbdb9824578,ed22fbbdb9824578f69940154d3f372d934e2f6963d5c5c9f88c861a43310721,0.16303576464303696,1,0
cwe119,0.1,cwe119:adv:97:6c15af523c548f2b,6c15af523c548f2bda8c1a3f7f7c1f71c6385104812fdf3446a9602f5c3f7bcb,0.2899620135519008,1,0
cwe119,0.1,cwe119:adv:98:348153fd19479918,348153fd1947991841f749ab6a70f64e0e60dd9b7018ed9f9089e0cfe59a502b,0.0132356740867232,1,0
cwe119,0.1,cwe119:adv:99:93b625eaebc587b7,93b625eaebc587b736c1bbafd5c90db43797ca000ba785d3d5db05b69458bf09,0.08373021429029068,1,0
cwe119,0.1,cwe119:adv:100:5b16f6de501199e6,5b16f6de501199e6bacc59fffe7a6db213233ae1709b8f658e425cd606f38e22,0.150148083795627,1,0
cwe119,0.1,cwe119:adv:101:42be6af39991b668,42be6af39991b66864848e73e8838d89d173c2b333829ee6240609e40f17da04,0.868295924501511,0,0
cwe119,0.1,cwe119:adv:102:3cfd05bf103ab605,3cfd05bf103ab6056465df9854320d49e0c36a023122f54d2fed789720f5fc55,0.09865786901027464,1,0
cwe119,0.1,cwe119:adv:103:f0472fc38f8d585a,f0472fc38f8d585a2778c7770a91156a54c2cbb9ad3276ffcf1908fcaa3e4251,0.16164172211565866,1,0
cwe119,0.1,cwe119:adv:104:41f0d3065d9f3fa6,41f0d3065d9f3fa6e51f82b6e9d1015a1142bb21e1bddf1bc616db0f8967701a,0.19959085922585712,1,0
cwe119,0.1,cwe119:adv:105:7bead6b969a5e789,7bead6b969a5e78903576d05f3027e3abc55940027afca935eb933e9b1a63a24,0.3927605311425238,1,1
cwe119,0.1,cwe119:adv:106:621c08baf3e7ab9b,621c08baf3e7ab9b1ececceca909bdeec79af06488d554c4fe48cdd582e777e2,0.16303576464303696,1,0
cwe119,0.1,cwe119:adv:107:14474dec9ff30212,14474dec9ff30212ddc6a900c0b59fc3f6f4a8c4a112af2f280ad856f43f7bde,0.3304516140966499,1,1
cwe119,0.1,cwe119:adv:108:6a85e439a41ade8a,6a85e439a41ade8a7e271e67388cfec51ae85f7b209c2a82f8d0dd9c9f73f411,0.051451722397150595,1,0
cwe119,0.1,cwe119:adv:109:695f9f6916e42591,695f9f6916e425917a6054dc741e861b84c702adcebc584060e72d6e4c2842a5,7.667344083281268e-05,1,0
cwe119,0.1,cwe119:adv:110:d739177f772b9754,d739177f772b9754441e202ab4d09a2078392f2d55390ab85594bfe0bb35e472,0.9776047276086167,0,0
cwe119,0.1,cwe119:adv:111:e9bc27341d0ec654,e9bc27341d0ec65469f50676c7c548dfbd21d61d31ea1b33491280bb042d3b59,0.15275598599144097,1,0
cwe119,0.1,cwe119:adv:112:00189055be61b0ac,00189055be61b0ac9de83c9d302b77ca4c42dbf8decb3c9124b7ff7773d2fe43,0.19553475311366422,1,0
cwe119,0.1,cwe119:adv:113:b0040a97e6c802e8,b0040a97e6c802e8e6a12857bb74b5f9b1861bd0a4b757497acb74f83d9259f6,0.16967249876185914,1,0
cwe119,0.1,cwe119:adv:114:1d9f30403ab687a6,1d9f30403ab687a6c491d21d51babcd73d1e4c122b8f82d0d03e6556ed34ab7a,0.0970444654702633,1,0
cwe119,0.1,cwe119:adv:115:a91614914cbd350a,a91614914cbd350ad08e25eaaa06bc8eed401c084289f610e7ff2baa700bdd9b,0.8773064359415093,0,0
cwe119,0.1,cwe119:adv:116:020ace6374b268d7,020ace6374b268d769ac227dd99ff868b96d7065f27fca2e5603a94484c5e1dd,0.9427810833922673,0,0
cwe119,0.1,cwe119:adv:117:62648282098f60f7,62648282098f60f74f655edd1c08359bfa5800683d2c0f6a3f7d91e366fefafa,0.2568738890570573,1,0
cwe119,0.1,cwe119:adv:118:ef52ecb2e4977a44,ef52ecb2e4977a447be2d10f3a839b6af3d142173844e7faac97dcd554a11b48,0.2565879985360214,1,0
cwe119,0.1,cwe119:adv:119:c664cabb07054771,c664cabb070547711849315565f356162e496b00bee45a1840444b065b0da09b,5.9863146923164674e-05,1,0
cwe119,0.1,cwe119:adv:120:79f6f8df8b38574c,79f6f8df8b38574c41ba724ccda56e3cc48811710257103a7470b258f387cc74,0.1660889553638719,1,0
cwe119,0.1,cwe119:adv:121:2a59bcde1d49abd7,2a59bcde1d49abd703b4fe501d78ec93c12b2c5afb0df51333872bf8cc030166,0.00018807732163103846,1,0
cwe119,0.1,cwe119:adv:122:053efbbf33096b79,053efbbf33096b79054604f19ab72837dcdd8dc6f2ad513ce6e111fda4099139,0.9147020835729502,0,0
cwe119,0.1,cwe119:adv:123:74591856d4c12dcf,74591856d4c12dcf74ba1bc20b3957eacd3b7f129cf36c20d35f41f2d762d7a9,0.051559624054715196,1,0
cwe119,0.1,cwe119:adv:124:653be6258dbc559c,653be6258dbc559c543febdaa1c0a53cdaca719dc0d000eb2cf500ab961e5000,0.9031653363874729,0,0
cwe119,0.1,cwe119:adv:125:714032057ccceaa1,714032057ccceaa1d45a7cc963ac44e48a3610f2f9480e5ec00693b6f9dc21f3,0.15587978593901178,1,0
cwe119,0.1,cwe119:adv:126:58458449c6a59ae7,58458449c6a59ae7e6b11aeb31ca2eae037ed32941bebbc95eb4d6cf99362c18,0.25558932405818874,1,0
cwe119,0.1,cwe119:adv:127:6efff82faba444d1,6efff82faba444d1408d5cac7af1045b57df398b1b64150feca068bddfb6a305,0.02659640274288744,1,0
cwe119,0.1,cwe119:adv:128:bfd2cfc14a13beb1,bfd2cfc14a13beb1cd222d372a2e939530727e587b0e747cd1fb25f31b7c1f63,0.9563858880715601,0,0
cwe119,0.1,cwe119:adv:129:7d994eb24b00fdc2,7d994eb24b00fdc25ed7ee8635d0f1457fc79ca2c91371815b4c6022d14d1449,0.18036846959835975,1,0
cwe119,0.1,cwe119:adv:130:120386dd3cd1f8ca,120386dd3cd1f8ca5500ef3914a3da0dc8e1d4f99db2d4885414657e856275cf,5.9863146923164674e-05,1,0
cwe119,0.1,cwe119:adv:131:de481e02e4781c09,de481e02e4781c0943295d8acea6352afbd2d8aaef5416a969b2f6ab602c3314,5.9863146923164674e-05,1,0
cwe119,0.1,cwe119:adv:132:f874327e7097ef55,f874327e7097ef55624b5d1fb661b6991c2fb7c66664674fb609a0ba49145199,0.09365391555310983,1,0
cwe119,0.1,cwe119:adv:133:c59ed954d923ec69,c59ed954d923ec69e3cf067a42a8e7500274786eb95382b895a864803be5b610,0.19647738639303852,1,0
cwe119,0.1,cwe119:adv:134:8968fc9d55b487aa,8968fc9d55b487aafdfe6ac2a2763eea88b78d176b6d1b8f998bc5c7a7c3f0db,0.17834377702171506,1,0
cwe119,0.1,cwe119:adv:135:d252cedf7c5512a8,d252cedf7c5512a84fa17e1556d68149bce5a1c85bb574035372b0262b740ebc,0.9825380684553078,0,0
cwe119,0.1,cwe119:adv:136:10fadff500dbd10d,10fadff500dbd10dd5a17b5428b4f0b2caca1ef6a083b8eb86310a0da1c5de10,0.06796991660226528,1,0
cwe119,0.1,cwe119:adv:137:d5cea30f49620b06,d5cea30f49620b06ab1ec5d5eabb9e00d389d5e886202fa0863afb834cf03def,0.17239971157760253,1,0
cwe119,0.1,cwe119:adv:138:c842253f229882e6,c842253f229882e66090e10b1670225d9f1e0072c399de8597ec2eb9ec9d45d1,0.0011012109507187585,1,0
cwe119,0.1,cwe119:adv:139:d050bc54d0a2e2ca,d050bc54d0a2e2cae3613f5d517bcde01d87ca5fa6de2edd135ec859f81eecc7,0.03237202681398132,1,0
cwe119,0.1,cwe119:adv:140:e6087cd94447e18f,e6087cd94447e18f48d1663f7f332724731457fd2c5d0c59c3355ea20c5a4ac8,0.11071397627228063,1,0
cwe119,0.1,cwe119:adv:141:9f4af6e2664a5d9f,9f4af6e2664a5d9ffd10a025fa96dc9c08ff00472b1e0c84d1240cac9d7cfb6c,0.17764635112738947,1,0
cwe119,0.1,cwe119:adv:142:f1482083f2f58c15,f1482083f2f58c152a47ade421f1d8eaebb37ba72115fe4a01c0a1453d2c633c,5.9863146923164674e-05,1,0
cwe119,0.1,cwe119:adv:143:6634b686799076bb,6634b686799076bb5c70cb0c71095990ad15a2ea3c06e16021edc91e2b9fa22c,0.9828438721998382,0,0
cwe119,0.1,cwe119:adv:144:354b916fc1a46017,354b916fc1a4601757d1bb97b7940e1b6c3ec96e53f9e49110925b2671a7cd71,0.5884541279640586,0,0
cwe119,0.1,cwe119:adv:145:33a0d19bfc2b3b61,33a0d19bfc2b3b618b87028659bb508776e4b27ad74c7d83ce251e97679bc413,0.8797323535609703,0,0
cwe119,0.1,cwe119:adv:146:e0c64c71292086d0,e0c64c71292086d0e4c4cc4e27c851aa26a62e85ddb92cea25d856fb224bffe6,0.00019410207103246196,1,0
cwe119,0.1,cwe119:adv:147:1dbca373746b027d,1dbca373746b027d1f0e43b5368331e80ccbf1dab8e0e7bc347d8684cd9920fe,0.015509815345082232,1,0
cwe119,0.1,cwe119:adv:148:9bfeaa41c859f69d,9bfeaa41c859f69db75f91f3048e3cfbe1d75b100ae52e43f6747ef61bd3da3d,7.667344083281268e-05,1,0
cwe119,0.1,cwe119:adv:149:a1b504a582509d39,a1b504a582509d39ec61ad46255a0b7f1fe6fa3a4ec825466efe2f102b618554,0.00019410207103246196,1,0
cwe119,0.1,cwe119:adv:150:b0a45c41c7a2ed45,b0a45c41c7a2ed453947d3d74668b7e2a0a48bdfd93c84e66acfc62de86e460e,0.13333101229220826,1,0
cwe119,0.1,cwe119:adv:151:43f264bf2cc1f1d2,43f264bf2cc1f1d24239d5996f7e0e771f6bf6a8d1e1b4caa1044b9f560d7c1f,0.10779679377478657,1,0
cwe119,0.1,cwe119:adv:152:e12af589a4012e3a,e12af589a4012e3a839b9490a2efa8bec3919250d915ba581d02ac97143f8131,0.9678492234144647,0,0
cwe119,0.1,cwe119:adv:153:d9f1bd2b8d293037,d9f1bd2b8d2930379c9e2a8cedeb0add354d9764c7463269e61aa467b98607dd,0.3596616635202632,1,1
cwe119,0.1,cwe119:adv:154:5c97eb8239636390,5c97eb8239636390f59544c04fd838479b2603a7882fceb617cf20d8a6ec3896,5.9863146923164674e-05,1,0
cwe119,0.1,cwe119:adv:155:9d4850a835893d48,9d4850a835893d48bdb2cd7071cb5b9a1637e667d68d05dae9a278e7f568f71e,0.9816164085956967,0,0
cwe119,0.1,cwe119:adv:156:3c64a8b808632f9a,3c64a8b808632f9a18314a570f26695075b889e262a6106cfbe60cf702bcf716,0.9655690978223804,0,0
cwe119,0.1,cwe119:adv:157:e6e0379498d76fe6,e6e0379498d76fe69d63fcd53b72aa0e0ebb781fde67086ee23d91c52eec172d,7.667344083281268e-05,1,0
cwe119,0.1,cwe119:adv:158:d585e3c1b176c911,d585e3c1b176c911f1cb6b446fb2794a8c6c88fd13f357e60d3f0b18b49bd897,0.0578071007727921,1,0
cwe119,0.1,cwe119:adv:159:00d89d39605254e9,00d89d39605254e9486def60c2a2f35d589a3a52d82423027090f829c1d96dbd,0.20143730123062503,1,0
cwe119,0.1,cwe119:adv:160:0a569eb26a0a7b8d,0a569eb26a0a7b8df857fb257775a7c2cd5d62d23afa8889c175e4688a566073,0.822220551276797,0,0
cwe119,0.1,cwe119:adv:161:0a0f70750f1a0485,0a0f70750f1a0485b861b55ca2ab4e89d0afef00e982934019ccbdf89ec1922d,0.11273138408697493,1,0
cwe119,0.1,cwe119:adv:162:676a4db581e86e32,676a4db581e86e3225a6ebea107df11892f2caf4843be6aec8838c017988e299,7.667344083281268e-05,1,0
cwe119,0.1,cwe119:adv:163:33f5c021ebab6d17,33f5c021ebab6d171f39ee8fae29c0b7cbe60a582eecf6afdc5b046f7f350f69,0.0014813499614539402,1,0
cwe119,0.1,cwe119:adv:164:df5f632cc964d275,df5f632cc964d275188d5210bb64dd4ebda2f4912c244f1a67291bca1225f514,7.667344083281268e-05,1,0
cwe119,0.1,cwe119:adv:165:015b3dfffb600a3e,015b3dfffb600a3eef4fbf66f20a811437c3dc3f7d186e36628d8675c5677b72,0.014266507034685953,1,0
cwe119,0.1,cwe119:adv:166:483ab246c3fe5803,483ab246c3fe5803561519ed571a641396655bbccb1e43c3ee46e4f526e9d49e,7.667344083281268e-05,1,0
cwe119,0.1,cwe119:adv:167:76cc52c80ec65cee,76cc52c80ec65cee0af5f053afa7c766bec8cd3e847589d043945ada5e6d309d,0.17822210794552545,1,0
cwe119,0.1,cwe119:adv:168:f8fbceb02dd684e5,f8fbceb02dd684e5b1e1616f04a5047665160cec7338277bb1fe763bbec8ff1d,0.8071863249760456,0,0
cwe119,0.1,cwe119:adv:169:87cb7f2280f42c10,87cb7f2280f42c10999df0720cb7a3ec0fee15429b5308bc98d51ed53ec3a5dd,0.7297700356352285,0,0
cwe119,0.1,cwe119:adv:170:b570cb3494a4d832,b570cb3494a4d832ae4b306583eac0468f7df2347882af843f467df2bc93389e,0.9858123989125195,0,0
cwe119,0.1,cwe119:adv:171:75bddbeb64ec761f,75bddbeb64ec761f7e585a4e6c4ff060a8bb663b31c942d04417cf587399bfa8,0.9846647699022584,0,0
cwe119,0.1,cwe119:adv:172:599478c93ea7fe41,599478c93ea7fe41e427feb3542a49b3517b6d16178b522918dc9dbe919ce4bb,0.054397079857697254,1,0
cwe119,0.1,cwe119:adv:173:975d897c3c416a4c,975d897c3c416a4ca82bfd64fd2e6034e93c4e1ae34940e083d8da5362920168,0.1561073956426543,1,0
cwe119,0.1,cwe119:adv:174:27e775d8bddce46e,27e775d8bddce46ec703a533829bc13a837021293c278612eae0bd2d352ed3ad,0.105680729424164,1,0
cwe119,0.1,cwe119:adv:175:3f4f0a594c4a86b8,3f4f0a594c4a86b8b19dee5110493520e288e4ba30781499551e05ca26e54f8f,0.9354705318730491,0,0
cwe119,0.1,cwe119:adv:176:5beb7659744069fa,5beb7659744069fa8d339f10bb7dfbadbadc6ec39e0137274da00f3be3276444,0.8167588486897214,0,0
cwe119,0.1,cwe119:adv:177:5c2ec37ae1eb5e28,5c2ec37ae1eb5e28682216f6f9458d8e66525e14f29594ef204a131aec7f1280,0.06495921295234466,1,0
cwe119,0.1,cwe119:adv:178:cb10920855ff8e31,cb10920855ff8e31da0b3b6848bb8b859bfaf607a6568074cdbfee17dfcba95a,0.028662354641079968,1,0
cwe119,0.1,cwe119:adv:179:da5bf976c46f637a,da5bf976c46f637a51c9f9e88395b7494a3f1e91faf5d15fc8ee960298fab096,0.9727735622599775,0,0
cwe119,0.1,cwe119:adv:180:e05b6cd7d1dae0b8,e05b6cd7d1dae0b81a4eeecb76e6f1edec88c05370ebd9e25b43f6e3b8977b94,7.667344083281268e-05,1,0
cwe119,0.1,cwe119:adv:181:50f6ef693d1516f1,50f6ef693d1516f1317a8696749a91d5e30432b7a873315afb1d1804b4e38b62,0.4586880211444167,1,1
cwe119,0.1,cwe119:adv:182:897ae9866fca81f4,897ae9866fca81f4e7d3ca6b7f8208c4b9e93812b0a160c1ce0530d0fb4ea78d,0.043650165705672886,1,0
cwe119,0.1,cwe119:adv:183:938f279750aa2964,938f279750aa2964c57e333aa736f1a89c1b546877c04703897cb6bc1443f177,0.12451046603052715,1,0
cwe119,0.1,cwe119:adv:184:0f1384fb3a420344,0f1384fb3a420344d07657508af33efd750adeb078040d010861e6f82e8f5da5,7.667344083281268e-05,1,0
cwe119,0.1,cwe119:adv:185:c3ca705f31b7877c,c3ca705f31b7877c9e3bd72cf7b185ec64ba804ded4154265efbc2db1258f7d6,0.14637804727174805,1,0
cwe119,0.1,cwe119:adv:186:745309b9290615b1,745309b9290615b166d902f9ca08795283c384987e1dafb25274fe86d6b02a7d,0.6384447545571235,0,0
cwe119,0.1,cwe119:adv:187:483dfe87acec1b0a,483dfe87acec1b0a38169acf74c9814faff9040f8f96e3c24ae834f291d9bf67,0.9865371085035155,0,0
cwe119,0.1,cwe119:adv:188:b26b73af35562f52,b26b73af35562f52fba17ea31f4562d2ee3f73ceecdec78740c984d9570dcd73,0.048933342475989454,1,0
cwe119,0.1,cwe119:adv:189:c2bfa477b89e2dc0,c2bfa477b89e2dc00200c633bc8952874d3667ddd91b871f109417b579cdec38,0.20143730123062503,1,0
cwe119,0.1,cwe119:adv:190:9310cf230c4c3020,9310cf230c4c3020b783eb4d83c0f6c39d491ac6f29f16b7461a407988a46554,0.358858984445747,1,1
cwe119,0.1,cwe119:adv:191:dc05318b21546675,dc05318b21546675efe9ad8b342306209c6f93d8070548a5ef4ce3b4b9f3040c,0.03158291755229769,1,0
cwe119,0.1,cwe119:adv:192:b39726b671179ab2,b39726b671179ab26f2cfe39ab5ad16ac217e6cf25744a62f12034aa3baa852e,0.033306044123127466,1,0
cwe119,0.1,cwe119:adv:193:5cf938a7ceb4994e,5cf938a7ceb4994e2ccf0554799a3ce3c7211a6e79293a718452f3e7b32019c6,0.12873951229356836,1,0
cwe119,0.1,cwe119:adv:194:c254a1a29f17227e,c254a1a29f17227e2015cbbdb0fc1fa79a6814d26036331396dc66f7cb510796,0.12287041330393975,1,0
cwe119,0.1,cwe119:adv:195:053c38250655934b,053c38250655934b7b3c6884f660182597d656962d601f6e7a8337227579cfc5,0.9772289615969147,0,0
cwe119,0.1,cwe119:adv:196:8e4e872da24dc3c5,8e4e872da24dc3c5a22bff91c4c21fcb82967fdcde4d460391e340617ff46b59,0.9858277932465325,0,0
cwe119,0.1,cwe119:adv:197:d9abc72441cdaae8,d9abc72441cdaae8f932c86033c5c4cf5ec31cd72399794f045f7e08f3a4d9d6,0.013571117599034751,1,0
cwe119,0.1,cwe119:adv:198:80936cb5fadcbe61,80936cb5fadcbe610ecb4a6cb49cd83a05862d1795c5fa2a92cfa82a7b9b3d31,0.03152471367188677,1,0
cwe119,0.1,cwe119:adv:199:08de37f51647e627,08de37f51647e62701c0312bede1ae1b4f1c06dc7517f1e4a8273edb629b4ccb,0.41165243152617353,1,1
cwe119,0.15,cwe119:adv:0:38d64969f2f498da,38d64969f2f498daaacf284f59791b2b8ee16de0f93173f6a6c05b1d0bc3cc67,0.048860755689129384,1,0
cwe119,0.15,cwe119:adv:1:f2c39591912573cd,f2c39591912573cd4a26b72dbf1edecaf8c139c1a159302c277b2e000f339dca,0.9834105733851318,0,0
cwe119,0.15,cwe119:adv:2:c15a1432488dd83e,c15a1432488dd83e8b78a14bae612a93d2c966740980f278b358a27e7904ca0b,0.16365737156004964,1,0
cwe119,0.15,cwe119:adv:3:7593c0806b814181,7593c0806b814181b39e7d90bc4a77a5b2218b6ca4d7599f96a9d685f972eb8f,0.016295349825393088,1,0
cwe119,0.15,cwe119:adv:4:04667ed555e3bfd3,04667ed555e3bfd33e9e3d2382e8065159847ec178abf114ab197e5928390c34,0.9772446220221817,0,0
cwe119,0.15,cwe119:adv:5:9411c6d93d66ff0f,9411c6d93d66ff0f2daf7a5602eb9dbb843f1f6beec3680d873a9fd3457cd530,0.0030077458780530856,1,0
cwe119,0.15,cwe119:adv:6:6527220f0f817493,6527220f0f8174934405436dd6bd8fee8b0f18506a36b15483233d4db121e69b,6.0789153840326536e-05,1,0
cwe119,0.15,cwe119:adv:7:3d2b8a0b354b04bd,3d2b8a0b354b04bdfc646aa66375de828070edf61c13640fd35428698addceb8,0.22547593916173214,1,0
cwe119,0.15,cwe119:adv:8:4b9ba336a44134b7,4b9ba336a44134b770ddfe84bd3009d0bd98a1606b2f0ce9fa3185e9983b8e22,5.9863146923164674e-05,1,0
cwe119,0.15,cwe119:adv:9:acae8667c7c7f3fe,acae8667c7c7f3fe7866c7157d05fb500feba860ac9a60c90c3454238db6b0b3,0.14954920614754608,1,0
cwe119,0.15,cwe119:adv:10:6f06db7a07156d95,6f06db7a07156d95d3c80d2eceb4892ef4675ffe39f7bf12595ec89ea4b8d88c,0.03313783837889613,1,0
cwe119,0.15,cwe119:adv:11:b299f5193839b3b4,b299f5193839b3b4f3a66c07a1decf28f4863c848a627e45f157d838120c0eb8,0.033495324549556164,1,0
cwe119,0.15,cwe119:adv:12:b8efeca8066f8a23,b8efeca8066f8a2356acc1af1d5d0e54cc53d41caad3131bafbf2f050678e2f4,0.060327539723698906,1,0
cwe119,0.15,cwe119:adv:13:baf65ad39b062707,baf65ad39b0627078dbdc06e82319d75171b6a653d3a48fa640c1ba1150ccee3,0.9787338578574454,0,0
cwe119,0.15,cwe119:adv:14:6ffe5a98044737e7,6ffe5a98044737e7e7ad56e455f4f4b84387516b7ef202da10b7d2c155845a3e,5.9863146923164674e-05,1,0
cwe119,0.15,cwe119:adv:15:2ebaea21e8e43450,2ebaea21e8e434503e2e2dc83a0bd70ec2a21f8b89b6079f4adf8e5c38fc2158,0.19007723931923504,1,0
cwe119,0.15,cwe119:adv:16:1194f4cb02d95e74,1194f4cb02d95e74e50eba983b1f2bd24fa1d45a6dbf2763d8f19d9baa4c2e47,0.11578925965907454,1,0
cwe119,0.15,cwe119:adv:17:be1f92c8522e5118,be1f92c8522e5118aef64bd0814c327f299ce824f963bf2a8732fb57b94a644d,0.926649096973424,0,0
cwe119,0.15,cwe119:adv:18:203b57362f40a9fa,203b57362f40a9fac9cdc161720ffef35b9e7007ff78150eecda45696da179b5,0.30201944676041625,1,1
cwe119,0.15,cwe119:adv:19:65bc737ae3312a61,65bc737ae3312a61e28a6a22fdf75cdeef961a0c818e19f44195213f9f98aedf,0.746016575365095,0,0
cwe119,0.15,cwe119:adv:20:651a90c01e4bc1ba,651a90c01e4bc1ba2a7521d7cae84d57ec9dc3a4eff283e53a8831904c5d3f21,0.18036846959835975,1,0
cwe119,0.15,cwe119:adv:21:56972f4643861735,56972f464386173511f9c6034b638eb53f27c0d90f5e4b092324ba6a47c3b7ee,0.11740203743929256,1,0
cwe119,0.15,cwe119:adv:22:ab3cea42c200dedc,ab3cea42c200dedc05f80d20ea2fa3632d2295797d33f97d309beca115962312,0.15275598599144097,1,0
cwe119,0.15,cwe119:adv:23:2d36e2d5ca394a5b,2d36e2d5ca394a5b31d0537d9a60644a556879971cc88b4a639572241681ed0f,0.23523486826014942,1,0
cwe119,0.15,cwe119:adv:24:60e4fcfbc50b294b,60e4fcfbc50b294ba2e085e53d0b5ce2c1bd837dd91f1beaf6909bf93b772ace,0.045326736173075644,1,0
cwe119,0.15,cwe119:adv:25:530ef966288bf855,530ef966288bf855f690e8e46a85be9bb364e2ecf73fc0d14ee98b1d591d76ae,0.059592918134493994,1,0
cwe119,0.15,cwe119:adv:26:15886edf45e1ddd8,15886edf45e1ddd8f5f874d1a1c9457016a71fbeaf69dc7d1601c55dbfbd93c3,0.620853451547075,0,0
cwe119,0.15,cwe119:adv:27:a12b676fd289f51d,a12b676fd289f51db9d8367186d1b396e5be8325beb2416b6ab461c354d5cd92,0.698850826220668,0,0
cwe119,0.15,cwe119:adv:28:55550e38749a4b9b,55550e38749a4b9beff0c7059692fa5c2e976989286f952d9fbbf9b341b17b3f,0.6072019856066618,0,0
cwe119,0.15,cwe119:adv:29:b6068b36d10b1fc5,b6068b36d10b1fc54765f404422d54ec568fdff4358129d331942553369b0d96,0.23653464996995788,1,0
cwe119,0.15,cwe119:adv:30:aa622459546c7362,aa622459546c73626457f0dc907ab03b792931d51f517c8f0a65c1dda737562c,7.667344083281268e-05,1,0
cwe119,0.15,cwe119:adv:31:d45b1e9114e0e951,d45b1e9114e0e9513f53d7288d1373e6d887b6e2423f9d23f5a798c76938add0,0.7774526949849109,0,0
cwe119,0.15,cwe119:adv:32:5eba51ba05d64cdc,5eba51ba05d64cdc9665193cd24a1d729f328feaf2a99bfefb6f5100c9d81002,0.0009912533468637438,1,0
cwe119,0.15,cwe119:adv:33:a517d834449eb5bf,a517d834449eb5bfcbed06b60560001ffa688755e3543a5a2e36e30a4cede110,0.9247887451606451,0,0
cwe119,0.15,cwe119:adv:34:1b11e07960319c7a,1b11e07960319c7a4cea814e1265f94ba70e979fbbe09a9acb714d7865267ecd,0.01997624034427852,1,0
cwe119,0.15,cwe119:adv:35:f6bc523661b4433f,f6bc523661b4433faba9f3705bea7e1c7d3bfd28b1d05df65ed2518faa269818,0.9403167229090316,0,0
cwe119,0.15,cwe119:adv:36:82f0855fee23fc8e,82f0855fee23fc8ec6fe0e8088afcae3396bd17a43954afc9a3289d357189a91,0.9595622866718146,0,0
cwe119,0.15,cwe119:adv:37:d11fd37b4ce2cc70,d11fd37b4ce2cc70e82c4fc233266d572be89e4a468f4f18f6a1f9f4e41b76e9,0.041486016122261146,1,0
cwe119,0.15,cwe119:adv:38:67ecec816128764e,67ecec816128764eb6bc456d70cf3ca8f3fd610592047feff8962b2cd1fbaa99,0.331098999319371,1,1
cwe119,0.15,cwe119:adv:39:af593d821a016151,af593d821a0161512d6c7b4fbc7abe5202b12d1f0312089a144547eff1db41d9,0.6366409719944087,0,0
cwe119,0.15,cwe119:adv:40:df7db41ca30614a5,df7db41ca30614a5df06f2b98b6de52784b85d52ce3fa94e7df2ad93becca2bb,0.9840012343188842,0,0
cwe119,0.15,cwe119:adv:41:40f767968a591dd9,40f767968a591dd96913336f0f1676504af1c249a9db027cefafd56d1b65e385,0.9321531229801264,0,0
cwe119,0.15,cwe119:adv:42:50023f57332bc98f,50023f57332bc98fc4b2513e603ae68b2da5fdc3f09340ae962ea6e95b306efe,0.7499487367136113,0,0
cwe119,0.15,cwe119:adv:43:26c0994c20d74988,26c0994c20d74988f697d8958f00edeff797ce6c4fdfb5cabc502f01b399b2d2,0.14755422009568325,1,0
cwe119,0.15,cwe119:adv:44:d0073029eff77d6a,d0073029eff77d6afea47b09279890b86eddfb6d321a0809d294124b8b8fc08a,0.2949937267751849,1,1
cwe119,0.15,cwe119:adv:45:2bc642a71fb8cd6e,2bc642a71fb8cd6efcedf1b3009033c2a4f59a17eeb7b50587e101f32790ae6e,0.6202763781746597,0,0
cwe119,0.15,cwe119:adv:46:4c260259d2e2880b,4c260259d2e2880bc873f44d8a1c10931363cee9f474f9fff78b2b3fda983346,0.1480053279859115,1,0
cwe119,0.15,cwe119:adv:47:ecb4ba281dd73123,ecb4ba281dd73123f3b1c18b586ed2351b22e15341a2a43d337cf1279047a730,0.038533512127343496,1,0
cwe119,0.15,cwe119:adv:48:790ca98be7dbc425,790ca98be7dbc425f2474f03c6b2ab5691d93fb99494bd9256a957442cce79d9,0.8312458939421044,0,0
cwe119,0.15,cwe119:adv:49:a60f662dd336ba70,a60f662dd336ba700851105dae52399515ae9b0e23d29391fad76bf5a30b4be8,7.667344083281268e-05,1,0
cwe119,0.15,cwe119:adv:50:fb80ec7a9b7d4fb1,fb80ec7a9b7d4fb18b51a7576bb3ebdef4ec571f606314c8f8873e224e3d207f,0.6680782510609553,0,0
cwe119,0.15,cwe119:adv:51:f4cdc884f6bd981e,f4cdc884f6bd981ed73699d72096547dbdb859d06180a654dbfeb292b6e36bab,0.16895199420526302,1,0
cwe119,0.15,cwe119:adv:52:2e7350d56c58ad7d,2e7350d56c58ad7d5e6932b703aeb30d8b6e4eeeef515b3c07ed12847a946489,0.13908396033559697,1,0
cwe119,0.15,cwe119:adv:53:de3fbb842761445d,de3fbb842761445d9bb1f8c084564060c37b5d4c2569107d791c57dfd4865393,0.013571117599034751,1,0
cwe119,0.15,cwe119:adv:54:1b3acd4e4511a46b,1b3acd4e4511a46b89a53a8e4bfb331eb70d180461cf5216641c879fa68a45e8,0.042451825035981494,1,0
cwe119,0.15,cwe119:adv:55:fe4700d8b5d9c4b5,fe4700d8b5d9c4b5be2a887d46d45c772de0d5a7ed7895e84b7581814595b510,0.5882346328700636,0,0
cwe119,0.15,cwe119:adv:56:bfb2ad568548419c,bfb2ad568548419cf253c41562ad6e15fc8e6e6aa27ea5a1ea96b7a39e5b467b,0.26527336097038595,1,1
cwe119,0.15,cwe119:adv:57:4c28e1952569ddc2,4c28e1952569ddc2e364c5c3080106821a35f873daacb4bb7e4ebd08fe060875,0.8913599155717067,0,0
cwe119,0.15,cwe119:adv:58:aa444e58838b1a76,aa444e58838b1a76864f6a9e6dfe80b22375ad1fb3bb5d73655b744af62c8e7f,0.028845669841388505,1,0
cwe119,0.15,cwe119:adv:59:1825e53516f6c258,1825e53516f6c258b9bf8d952e5ace0d77f6123e8b96ed330ea49bb56475acf3,0.08166793335766744,1,0
cwe119,0.15,cwe119:adv:60:11b7956e1e1ee1c5,11b7956e1e1ee1c5e5579d7e8b7cbe61f8cc49562d248af2eec5c36210642b0c,0.26000284857696193,1,1
cwe119,0.15,cwe119:adv:61:52b24c273da85b6e,52b24c273da85b6ed08f0576c287b4c044386f198b8c33b5998ae375762ae148,0.8586653472015928,0,0
cwe119,0.15,cwe119:adv:62:5c9df3b3e9d5e42a,5c9df3b3e9d5e42a96d5be7c3820f3a6dc0b863949b0cdf96320c0f0ebc6062d,0.011558543681740275,1,0
cwe119,0.15,cwe119:adv:63:101f0e6dbbbf7050,101f0e6dbbbf7050178ba0662a373ba0ab4fd8523687b98efd8d7a659f10ee60,0.0466414138453842,1,0
cwe119,0.15,cwe119:adv:64:a57a4dce31d9de90,a57a4dce31d9de9097aa3d8bb3b0f544afd58cdb92f955b591b22268987e023f,0.013564666259741004,1,0
cwe119,0.15,cwe119:adv:65:f39101bbeeffe5ca,f39101bbeeffe5ca206ecc3efb11fb4f121513d23455d92e6cb656d1e2c9f5a6,0.6768524776802874,0,0
cwe119,0.15,cwe119:adv:66:0fa87f560bb9bc79,0fa87f560bb9bc793fa9f1aca6fcea567c36a2fcdecbf6ebc5a05be66aadbb3c,0.04158941220221068,1,0
cwe119,0.15,cwe119:adv:67:3ca208d47c084f8c,3ca208d47c084f8c61dd80a97942be6fa01f67cb663d6b243a80e17f826757bb,0.030847268449114697,1,0
cwe119,0.15,cwe119:adv:68:579dbdbafbdb5edb,579dbdbafbdb5edb508fb87baf2c7434e501b4dc3c212a881848a68687bee80e,0.07606708753515531,1,0
cwe119,0.15,cwe119:adv:69:96899601a665de63,96899601a665de632f1baf89e676fd31b48341aa5c2a6df0c1967016eb49e6cc,0.05397200299381767,1,0
cwe119,0.15,cwe119:adv:70:75693460be1bb51a,75693460be1bb51a761752d63f9307f9fbec323eb9eec1dde1700da5db375129,0.29611837352888937,1,1
cwe119,0.15,cwe119:adv:71:7cf6f5b551f46a4b,7cf6f5b551f46a4b9bdf9075eeacf45d7c4e4a8789838f24225d50f778c67159,0.01713800356571582,1,0
cwe119,0.15,cwe119:adv:72:741a6d7e31b46615,741a6d7e31b46615946f9c1f64511a1af2bba4ddbf5f5d1e36ca0b7066b34f98,0.9676117813833642,0,0
cwe119,0.15,cwe119:adv:73:cfed39d0afaf04bf,cfed39d0afaf04bf768c6c4de554ff9501aef5386d7085b5cf4119c3006da2a0,0.17902433704189458,1,0
cwe119,0.15,cwe119:adv:74:f08aecb5d440d562,f08aecb5d440d56236f63c45ee9e588ec6e718e367c98c32416706c5161fa1b7,0.13973847685307658,1,0
cwe119,0.15,cwe119:adv:75:88e3066dc5cef7fe,88e3066dc5cef7fe00ac34097e1d4ad894b7b255524e2ca75e453c5a87104905,0.10064211025584163,1,0
cwe119,0.15,cwe119:adv:76:89cd9bf20e72e784,89cd9bf20e72e78476681ce5bde5d54e9d08fef3d46dec9a37234414e3616a30,0.358858984445747,1,1
cwe119,0.15,cwe119:adv:77:790b87942cd8c34a,790b87942cd8c34aba9d517d0a7cdc7ebbd28c389aeb7fde5568469206f3e486,0.044824177200151596,1,0
cwe119,0.15,cwe119:adv:78:6732d04c3cfc37fe,6732d04c3cfc37fe0152299272ceecb85c769e89e1751c6592ad37bf6822085b,0.9487006481145638,0,0
cwe119,0.15,cwe119:adv:79:596097db2e02d404,596097db2e02d4044055d02f8d2fd6caf035997035c6f9769c02815f8b486c99,7.667344083281268e-05,1,0
cwe119,0.15,cwe119:adv:80:e16ec74752bbc6b6,e16ec74752bbc6b6998acbd15315ba6eca991c8f023c00361872281063dfa792,0.13675099953565856,1,0
cwe119,0.15,cwe119:adv:81:659bb39670e694d6,659bb39670e694d6501bcca5a6931b6f02c3b3f5497b25f59eefb13e9049a546,0.11204987589552444,1,0
cwe119,0.15,cwe119:adv:82:bbb8d951035293a7,bbb8d951035293a7922b62cc02cfcd819a26e407566aa7110d7bf8228c0150c4,0.5901984898600476,0,0
cwe119,0.15,cwe119:adv:83:867c3a9691771718,867c3a969177171807575d1f29e17993452d39e53efa961b3e8f59cc282fea78,0.2639621832277795,1,1
cwe119,0.15,cwe119:adv:84:4a5f1a4f50d675c3,4a5f1a4f50d675c3c22fa36e7c20de69a50911c4ac777baed17be7f28893da1c,0.22740350929853384,1,0
cwe119,0.15,cwe119:adv:85:03758ffe07b84167,03758ffe07b84167f7977054b4f5258545cd70ca1d0ecc2c0ccbaf64bb8237ba,0.2613023520371338,1,1
cwe119,0.15,cwe119:adv:86:518e91e396b86a03,518e91e396b86a038d1bc01314f4578858a33a796e9d63a84fd8ad668413fc65,0.2949937267751849,1,1
cwe119,0.15,cwe119:adv:87:f003b719c56c1070,f003b719c56c1070233f52366b23048122fef69e31c3569807754f05a22d5364,0.15377619420904873,1,0
cwe119,0.15,cwe119:adv:88:c51130baaa65200e,c51130baaa65200e1bbee15dcfdfe364392c63255a2271c6b346dc92ac37e846,0.17902433704189458,1,0
cwe119,0.15,cwe119:adv:89:646a3c1e6ddef074,646a3c1e6ddef07476344ea38111af468cc124c0542a6df5e8fab67c770ffd51,0.15584561607474845,1,0
cwe119,0.15,cwe119:adv:90:ac1abd53107e1e8c,ac1abd53107e1e8c52928fa20acb706c13e7071020aa3b75d01ea1d99d69086e,0.9503560615757485,0,0
cwe119,0.15,cwe119:adv:91:9c6db1482c60045c,9c6db1482c60045cbf7c9f049f0e022e49a46e9bbe9bdd1fbd1e6678a016c292,0.05445460644043491,1,0
cwe119,0.15,cwe119:adv:92:8f8dea21330f23ec,8f8dea21330f23ecdcf351730e77f139c8a2cfa8b2198d49ea25356f5c40bd08,0.9462993019382347,0,0
cwe119,0.15,cwe119:adv:93:96347c37116d0119,96347c37116d0119b118fc821a10f80af1e9d254f3023d6fa6e5106a6a47ece4,0.9163421764981635,0,0
cwe119,0.15,cwe119:adv:94:60e21e346320b84d,60e21e346320b84ddfc1ab8a48099339f724accd15078f6b6644d069b37ed81d,0.9737912336200557,0,0
cwe119,0.15,cwe119:adv:95:3b0388a994565e05,3b0388a994565e05fc605ea7d2e423f97435558f3243315394b808e670ee068d,0.30201944676041625,1,1
cwe119,0.15,cwe119:adv:96:ed22fbbdb9824578,ed22fbbdb9824578f69940154d3f372d934e2f6963d5c5c9f88c861a43310721,0.16303576464303696,1,0
cwe119,0.15,cwe119:adv:97:6c15af523c548f2b,6c15af523c548f2bda8c1a3f7f7c1f71c6385104812fdf3446a9602f5c3f7bcb,0.2899620135519008,1,1
cwe119,0.15,cwe119:adv:98:348153fd19479918,348153fd1947991841f749ab6a70f64e0e60dd9b7018ed9f9089e0cfe59a502b,0.0132356740867232,1,0
cwe119,0.15,cwe119:adv:99:93b625eaebc587b7,93b625eaebc587b736c1bbafd5c90db43797ca000ba785d3d5db05b69458bf09,0.08373021429029068,1,0
cwe119,0.15,cwe119:adv:100:5b16f6de501199e6,5b16f6de501199e6bacc59fffe7a6db213233ae1709b8f658e425cd606f38e22,0.150148083795627,1,0
cwe119,0.15,cwe119:adv:101:42be6af39991b668,42be6af39991b66864848e73e8838d89d173c2b333829ee6240609e40f17da04,0.868295924501511,0,0
cwe119,0.15,cwe119:adv:102:3cfd05bf103ab605,3cfd05bf103ab6056465df9854320d49e0c36a023122f54d2fed789720f5fc55,0.09865786901027464,1,0
cwe119,0.15,cwe119:adv:103:f0472fc38f8d585a,f0472fc38f8d585a2778c7770a91156a54c2cbb9ad3276ffcf1908fcaa3e4251,0.16164172211565866,1,0
cwe119,0.15,cwe119:adv:104:41f0d3065d9f3fa6,41f0d3065d9f3fa6e51f82b6e9d1015a1142bb21e1bddf1bc616db0f8967701a,0.19959085922585712,1,0
cwe119,0.15,cwe119:adv:105:7bead6b969a5e789,7bead6b969a5e78903576d05f3027e3abc55940027afca935eb933e9b1a63a24,0.3927605311425238,1,1
cwe119,0.15,cwe119:adv:106:621c08baf3e7ab9b,621c08baf3e7ab9b1ececceca909bdeec79af06488d554c4fe48cdd582e777e2,0.16303576464303696,1,0
cwe119,0.15,cwe119:adv:107:14474dec9ff30212,14474dec9ff30212ddc6a900c0b59fc3f6f4a8c4a112af2f280ad856f43f7bde,0.3304516140966499,1,1
cwe119,0.15,cwe119:adv:108:6a85e439a41ade8a,6a85e439a41ade8a7e271e67388cfec51ae85f7b209c2a82f8d0dd9c9f73f411,0.051451722397150595,1,0
cwe119,0.15,cwe119:adv:109:695f9f6916e42591,695f9f6916e425917a6054dc741e861b84c702adcebc584060e72d6e4c2842a5,7.667344083281268e-05,1,0
cwe119,0.15,cwe119:adv:110:d739177f772b9754,d739177f772b9754441e202ab4d09a2078392f2d55390ab85594bfe0bb35e472,0.9776047276086167,0,0
cwe119,0.15,cwe119:adv:111:e9bc27341d0ec654,e9bc27341d0ec65469f50676c7c548dfbd21d61d31ea1b33491280bb042d3b59,0.15275598599144097,1,0
cwe119,0.15,cwe119:adv:112:00189055be61b0ac,00189055be61b0ac9de83c9d302b77ca4c42dbf8decb3c9124b7ff7773d2fe43,0.19553475311366422,1,0
cwe119,0.15,cwe119:adv:113:b0040a97e6c802e8,b0040a97e6c802e8e6a12857bb74b5f9b1861bd0a4b757497acb74f83d9259f6,0.16967249876185914,1,0
cwe119,0.15,cwe119:adv:114:1d9f30403ab687a6,1d9f30403ab687a6c491d21d51babcd73d1e4c122b8f82d0d03e6556ed34ab7a,0.0970444654702633,1,0
cwe119,0.15,cwe119:adv:115:a91614914cbd350a,a91614914cbd350ad08e25eaaa06bc8eed401c084289f610e7ff2baa700bdd9b,0.8773064359415093,0,0
cwe119,0.15,cwe119:adv:116:020ace6374b268d7,020ace6374b268d769ac227dd99ff868b96d7065f27fca2e5603a94484c5e1dd,0.9427810833922673,0,0
cwe119,0.15,cwe119:adv:117:62648282098f60f7,62648282098f60f74f655edd1c08359bfa5800683d2c0f6a3f7d91e366fefafa,0.2568738890570573,1,1
cwe119,0.15,cwe119:adv:118:ef52ecb2e4977a44,ef52ecb2e4977a447be2d10f3a839b6af3d142173844e7faac97dcd554a11b48,0.2565879985360214,1,1
cwe119,0.15,cwe119:adv:119:c664cabb07054771,c664cabb070547711849315565f356162e496b00bee45a1840444b065b0da09b,5.9863146923164674e-05,1,0
cwe119,0.15,cwe119:adv:120:79f6f8df8b38574c,79f6f8df8b38574c41ba724ccda56e3cc48811710257103a7470b258f387cc74,0.1660889553638719,1,0
cwe119,0.15,cwe119:adv:121:2a59bcde1d49abd7,2a59bcde1d49abd703b4fe501d78ec93c12b2c5afb0df51333872bf8cc030166,0.00018807732163103846,1,0
cwe119,0.15,cwe119:adv:122:053efbbf33096b79,053efbbf33096b79054604f19ab72837dcdd8dc6f2ad513ce6e111fda4099139,0.9147020835729502,0,0
cwe119,0.15,cwe119:adv:123:74591856d4c12dcf,74591856d4c12dcf74ba1bc20b3957eacd3b7f129cf36c20d35f41f2d762d7a9,0.051559624054715196,1,0
cwe119,0.15,cwe119:adv:124:653be6258dbc559c,653be6258dbc559c543febdaa1c0a53cdaca719dc0d000eb2cf500ab961e5000,0.9031653363874729,0,0
cwe119,0.15,cwe119:adv:125:714032057ccceaa1,714032057ccceaa1d45a7cc963ac44e48a3610f2f9480e5ec00693b6f9dc21f3,0.15587978593901178,1,0
cwe119,0.15,cwe119:adv:126:58458449c6a59ae7,58458449c6a59ae7e6b11aeb31ca2eae037ed32941bebbc95eb4d6cf99362c18,0.25558932405818874,1,1
cwe119,0.15,cwe119:adv:127:6efff82faba444d1,6efff82faba444d1408d5cac7af1045b57df398b1b64150feca068bddfb6a305,0.02659640274288744,1,0
cwe119,0.15,cwe119:adv:128:bfd2cfc14a13beb1,bfd2cfc14a13beb1cd222d372a2e939530727e587b0e747cd1fb25f31b7c1f63,0.9563858880715601,0,0
cwe119,0.15,cwe119:adv:129:7d994eb24b00fdc2,7d994eb24b00fdc25ed7ee8635d0f1457fc79ca2c91371815b4c6022d14d1449,0.18036846959835975,1,0
cwe119,0.15,cwe119:adv:130:120386dd3cd1f8ca,120386dd3cd1f8ca5500ef3914a3da0dc8e1d4f99db2d4885414657e856275cf,5.9863146923164674e-05,1,0
cwe119,0.15,cwe119:adv:131:de481e02e4781c09,de481e02e4781c0943295d8acea6352afbd2d8aaef5416a969b2f6ab602c3314,5.9863146923164674e-05,1,0
cwe119,0.15,cwe119:adv:132:f874327e7097ef55,f874327e7097ef55624b5d1fb661b6991c2fb7c66664674fb609a0ba49145199,0.09365391555310983,1,0
cwe119,0.15,cwe119:adv:133:c59ed954d923ec69,c59ed954d923ec69e3cf067a42a8e7500274786eb95382b895a864803be5b610,0.19647738639303852,1,0
cwe119,0.15,cwe119:adv:134:8968fc9d55b487aa,8968fc9d55b487aafdfe6ac2a2763eea88b78d176b6d1b8f998bc5c7a7c3f0db,0.17834377702171506,1,0
cwe119,0.15,cwe119:adv:135:d252cedf7c5512a8,d252cedf7c5512a84fa17e1556d68149bce5a1c85bb574035372b0262b740ebc,0.9825380684553078,0,0
cwe119,0.15,cwe119:adv:136:10fadff500dbd10d,10fadff500dbd10dd5a17b5428b4f0b2caca1ef6a083b8eb86310a0da1c5de10,0.06796991660226528,1,0
cwe119,0.15,cwe119:adv:137:d5cea30f49620b06,d5cea30f49620b06ab1ec5d5eabb9e00d389d5e886202fa0863afb834cf03def,0.17239971157760253,1,0
cwe119,0.15,cwe119:adv:138:c842253f229882e6,c842253f229882e66090e10b1670225d9f1e0072c399de8597ec2eb9ec9d45d1,0.0011012109507187585,1,0
cwe119,0.15,cwe119:adv:139:d050bc54d0a2e2ca,d050bc54d0a2e2cae3613f5d517bcde01d87ca5fa6de2edd135ec859f81eecc7,0.03237202681398132,1,0
cwe119,0.15,cwe119:adv:140:e6087cd94447e18f,e6087cd94447e18f48d1663f7f332724731457fd2c5d0c59c3355ea20c5a4ac8,0.11071397627228063,1,0
cwe119,0.15,cwe119:adv:141:9f4af6e2664a5d9f,9f4af6e2664a5d9ffd10a025fa96dc9c08ff00472b1e0c84d1240cac9d7cfb6c,0.17764635112738947,1,0
cwe119,0.15,cwe119:adv:142:f1482083f2f58c15,f1482083f2f58c152a47ade421f1d8eaebb37ba72115fe4a01c0a1453d2c633c,5.9863146923164674e-05,1,0
cwe119,0.15,cwe119:adv:143:6634b686799076bb,6634b686799076bb5c70cb0c71095990ad15a2ea3c06e16021edc91e2b9fa22c,0.9828438721998382,0,0
cwe119,0.15,cwe119:adv:144:354b916fc1a46017,354b916fc1a4601757d1bb97b7940e1b6c3ec96e53f9e49110925b2671a7cd71,0.5884541279640586,0,0
cwe119,0.15,cwe119:adv:145:33a0d19bfc2b3b61,33a0d19bfc2b3b618b87028659bb508776e4b27ad74c7d83ce251e97679bc413,0.8797323535609703,0,0
cwe119,0.15,cwe119:adv:146:e0c64c71292086d0,e0c64c71292086d0e4c4cc4e27c851aa26a62e85ddb92cea25d856fb224bffe6,0.00019410207103246196,1,0
cwe119,0.15,cwe119:adv:147:1dbca373746b027d,1dbca373746b027d1f0e43b5368331e80ccbf1dab8e0e7bc347d8684cd9920fe,0.015509815345082232,1,0
cwe119,0.15,cwe119:adv:148:9bfeaa41c859f69d,9bfeaa41c859f69db75f91f3048e3cfbe1d75b100ae52e43f6747ef61bd3da3d,7.667344083281268e-05,1,0
cwe119,0.15,cwe119:adv:149:a1b504a582509d39,a1b504a582509d39ec61ad46255a0b7f1fe6fa3a4ec825466efe2f102b618554,0.00019410207103246196,1,0
cwe119,0.15,cwe119:adv:150:b0a45c41c7a2ed45,b0a45c41c7a2ed453947d3d74668b7e2a0a48bdfd93c84e66acfc62de86e460e,0.13333101229220826,1,0
cwe119,0.15,cwe119:adv:151:43f264bf2cc1f1d2,43f264bf2cc1f1d24239d5996f7e0e771f6bf6a8d1e1b4caa1044b9f560d7c1f,0.10779679377478657,1,0
cwe119,0.15,cwe119:adv:152:e12af589a4012e3a,e12af589a4012e3a839b9490a2efa8bec3919250d915ba581d02ac97143f8131,0.9678492234144647,0,0
cwe119,0.15,cwe119:adv:153:d9f1bd2b8d293037,d9f1bd2b8d2930379c9e2a8cedeb0add354d9764c7463269e61aa467b98607dd,0.3596616635202632,1,1
cwe119,0.15,cwe119:adv:154:5c97eb8239636390,5c97eb8239636390f59544c04fd838479b2603a7882fceb617cf20d8a6ec3896,5.9863146923164674e-05,1,0
cwe119,0.15,cwe119:adv:155:9d4850a835893d48,9d4850a835893d48bdb2cd7071cb5b9a1637e667d68d05dae9a278e7f568f71e,0.9816164085956967,0,0
cwe119,0.15,cwe119:adv:156:3c64a8b808632f9a,3c64a8b808632f9a18314a570f26695075b889e262a6106cfbe60cf702bcf716,0.9655690978223804,0,0
cwe119,0.15,cwe119:adv:157:e6e0379498d76fe6,e6e0379498d76fe69d63fcd53b72aa0e0ebb781fde67086ee23d91c52eec172d,7.667344083281268e-05,1,0
cwe119,0.15,cwe119:adv:158:d585e3c1b176c911,d585e3c1b176c911f1cb6b446fb2794a8c6c88fd13f357e60d3f0b18b49bd897,0.0578071007727921,1,0
cwe119,0.15,cwe119:adv:159:00d89d39605254e9,00d89d39605254e9486def60c2a2f35d589a3a52d82423027090f829c1d96dbd,0.20143730123062503,1,0
cwe119,0.15,cwe119:adv:160:0a569eb26a0a7b8d,0a569eb26a0a7b8df857fb257775a7c2cd5d62d23afa8889c175e4688a566073,0.822220551276797,0,0
cwe119,0.15,cwe119:adv:161:0a0f70750f1a0485,0a0f70750f1a0485b861b55ca2ab4e89d0afef00e982934019ccbdf89ec1922d,0.11273138408697493,1,0
cwe119,0.15,cwe119:adv:162:676a4db581e86e32,676a4db581e86e3225a6ebea107df11892f2caf4843be6aec8838c017988e299,7.667344083281268e-05,1,0
cwe119,0.15,cwe119:adv:163:33f5c021ebab6d17,33f5c021ebab6d171f39ee8fae29c0b7cbe60a582eecf6afdc5b046f7f350f69,0.0014813499614539402,1,0
cwe119,0.15,cwe119:adv:164:df5f632cc964d275,df5f632cc964d275188d5210bb64dd4ebda2f4912c244f1a67291bca1225f514,7.667344083281268e-05,1,0
cwe119,0.15,cwe119:adv:165:015b3dfffb600a3e,015b3dfffb600a3eef4fbf66f20a811437c3dc3f7d186e36628d8675c5677b72,0.014266507034685953,1,0
cwe119,0.15,cwe119:adv:166:483ab246c3fe5803,483ab246c3fe5803561519ed571a641396655bbccb1e43c3ee46e4f526e9d49e,7.667344083281268e-05,1,0
cwe119,0.15,cwe119:adv:167:76cc52c80ec65cee,76cc52c80ec65cee0af5f053afa7c766bec8cd3e847589d043945ada5e6d309d,0.17822210794552545,1,0
cwe119,0.15,cwe119:adv:168:f8fbceb02dd684e5,f8fbceb02dd684e5b1e1616f04a5047665160cec7338277bb1fe763bbec8ff1d,0.8071863249760456,0,0
cwe119,0.15,cwe119:adv:169:87cb7f2280f42c10,87cb7f2280f42c10999df0720cb7a3ec0fee15429b5308bc98d51ed53ec3a5dd,0.7297700356352285,0,0
cwe119,0.15,cwe119:adv:170:b570cb3494a4d832,b570cb3494a4d832ae4b306583eac0468f7df2347882af843f467df2bc93389e,0.9858123989125195,0,0
cwe119,0.15,cwe119:adv:171:75bddbeb64ec761f,75bddbeb64ec761f7e585a4e6c4ff060a8bb663b31c942d04417cf587399bfa8,0.9846647699022584,0,0
cwe119,0.15,cwe119:adv:172:599478c93ea7fe41,599478c93ea7fe41e427feb3542a49b3517b6d16178b522918dc9dbe919ce4bb,0.054397079857697254,1,0
cwe119,0.15,cwe119:adv:173:975d897c3c416a4c,975d897c3c416a4ca82bfd64fd2e6034e93c4e1ae34940e083d8da5362920168,0.1561073956426543,1,0
cwe119,0.15,cwe119:adv:174:27e775d8bddce46e,27e775d8bddce46ec703a533829bc13a837021293c278612eae0bd2d352ed3ad,0.105680729424164,1,0
cwe119,0.15,cwe119:adv:175:3f4f0a594c4a86b8,3f4f0a594c4a86b8b19dee5110493520e288e4ba30781499551e05ca26e54f8f,0.9354705318730491,0,0
cwe119,0.15,cwe119:adv:176:5beb7659744069fa,5beb7659744069fa8d339f10bb7dfbadbadc6ec39e0137274da00f3be3276444,0.8167588486897214,0,0
cwe119,0.15,cwe119:adv:177:5c2ec37ae1eb5e28,5c2ec37ae1eb5e28682216f6f9458d8e66525e14f29594ef204a131aec7f1280,0.06495921295234466,1,0
cwe119,0.15,cwe119:adv:178:cb10920855ff8e31,cb10920855ff8e31da0b3b6848bb8b859bfaf607a6568074cdbfee17dfcba95a,0.028662354641079968,1,0
cwe119,0.15,cwe119:adv:179:da5bf976c46f637a,da5bf976c46f637a51c9f9e88395b7494a3f1e91faf5d15fc8ee960298fab096,0.9727735622599775,0,0
cwe119,0.15,cwe119:adv:180:e05b6cd7d1dae0b8,e05b6cd7d1dae0b81a4eeecb76e6f1edec88c05370ebd9e25b43f6e3b8977b94,7.667344083281268e-05,1,0
cwe119,0.15,cwe119:adv:181:50f6ef693d1516f1,50f6ef693d1516f1317a8696749a91d5e30432b7a873315afb1d1804b4e38b62,0.4586880211444167,1,1
cwe119,0.15,cwe119:adv:182:897ae9866fca81f4,897ae9866fca81f4e7d3ca6b7f8208c4b9e93812b0a160c1ce0530d0fb4ea78d,0.043650165705672886,1,0
cwe119,0.15,cwe119:adv:183:938f279750aa2964,938f279750aa2964c57e333aa736f1a89c1b546877c04703897cb6bc1443f177,0.12451046603052715,1,0
cwe119,0.15,cwe119:adv:184:0f1384fb3a420344,0f1384fb3a420344d07657508af33efd750adeb078040d010861e6f82e8f5da5,7.667344083281268e-05,1,0
cwe119,0.15,cwe119:adv:185:c3ca705f31b7877c,c3ca705f31b7877c9e3bd72cf7b185ec64ba804ded4154265efbc2db1258f7d6,0.14637804727174805,1,0
cwe119,0.15,cwe119:adv:186:745309b9290615b1,745309b9290615b166d902f9ca08795283c384987e1dafb25274fe86d6b02a7d,0.6384447545571235,0,0
cwe119,0.15,cwe119:adv:187:483dfe87acec1b0a,483dfe87acec1b0a38169acf74c9814faff9040f8f96e3c24ae834f291d9bf67,0.9865371085035155,0,0
cwe119,0.15,cwe119:adv:188:b26b73af35562f52,b26b73af35562f52fba17ea31f4562d2ee3f73ceecdec78740c984d9570dcd73,0.048933342475989454,1,0
cwe119,0.15,cwe119:adv:189:c2bfa477b89e2dc0,c2bfa477b89e2dc00200c633bc8952874d3667ddd91b871f109417b579cdec38,0.20143730123062503,1,0
cwe119,0.15,cwe119:adv:190:9310cf230c4c3020,9310cf230c4c3020b783eb4d83c0f6c39d491ac6f29f16b7461a407988a46554,0.358858984445747,1,1
cwe119,0.15,cwe119:adv:191:dc05318b21546675,dc05318b21546675efe9ad8b342306209c6f93d8070548a5ef4ce3b4b9f3040c,0.03158291755229769,1,0
cwe119,0.15,cwe119:adv:192:b39726b671179ab2,b39726b671179ab26f2cfe39ab5ad16ac217e6cf25744a62f12034aa3baa852e,0.033306044123127466,1,0
cwe119,0.15,cwe119:adv:193:5cf938a7ceb4994e,5cf938a7ceb4994e2ccf0554799a3ce3c7211a6e79293a718452f3e7b32019c6,0.12873951229356836,1,0
cwe119,0.15,cwe119:adv:194:c254a1a29f17227e,c254a1a29f17227e2015cbbdb0fc1fa79a6814d26036331396dc66f7cb510796,0.12287041330393975,1,0
cwe119,0.15,cwe119:adv:195:053c38250655934b,053c38250655934b7b3c6884f660182597d656962d601f6e7a8337227579cfc5,0.9772289615969147,0,0
cwe119,0.15,cwe119:adv:196:8e4e872da24dc3c5,8e4e872da24dc3c5a22bff91c4c21fcb82967fdcde4d460391e340617ff46b59,0.9858277932465325,0,0
cwe119,0.15,cwe119:adv:197:d9abc72441cdaae8,d9abc72441cdaae8f932c86033c5c4cf5ec31cd72399794f045f7e08f3a4d9d6,0.013571117599034751,1,0
cwe119,0.15,cwe119:adv:198:80936cb5fadcbe61,80936cb5fadcbe610ecb4a6cb49cd83a05862d1795c5fa2a92cfa82a7b9b3d31,0.03152471367188677,1,0
cwe119,0.15,cwe119:adv:199:08de37f51647e627,08de37f51647e62701c0312bede1ae1b4f1c06dc7517f1e4a8273edb629b4ccb,0.41165243152617353,1,1
cwe399,0.01,cwe399:adv:0:825261a64474a426,825261a64474a426c9afde06e780024dc8dd1b531cd1ceec46b3d991f4bf226e,0.010578958673957159,1,0
cwe399,0.01,cwe399:adv:1:4cd72e746ae52ec5,4cd72e746ae52ec586915880ab26a3aabd7131506be2999d0de29caed3d39425,0.5667065609973081,0,0
cwe399,0.01,cwe399:adv:2:5a79dc112b114d95,5a79dc112b114d9556c97ac35ff98b1e10bd9a6a0dd1a39bf0fb15600cc09304,0.29057564982859413,1,0
cwe399,0.01,cwe399:adv:3:f00c5a2bf8339c94,f00c5a2bf8339c9468f72db40e6e3ceafe91f1fe0c3491190c95e6fda311fd53,0.012065632556824562,1,0
cwe399,0.01,cwe399:adv:4:4dd10a4c9bc2e9c8,4dd10a4c9bc2e9c88e2ca46bcda3b4a1972b1fddd63a058a8c92f5efda869da7,0.31278028778928557,1,0
cwe399,0.01,cwe399:adv:5:55e2e21c62061468,55e2e21c6206146844c79a7e4bf6d3e7f3860c95d4e38c74e006ba0b040cd078,0.7460456686918306,0,0
cwe399,0.01,cwe399:adv:6:19cff4b0ca3b08a2,19cff4b0ca3b08a210867814a90e0521504d9d443953fad40f34514ec92288aa,0.16312425022762747,1,0
cwe399,0.01,cwe399:adv:7:b0528b44e33792e1,b0528b44e33792e11dd2a619b5e78a5dcfcb8cdff5afb68b7df8dbcce96a11a9,0.010578958673957159,1,0
cwe399,0.01,cwe399:adv:8:857456b374e9e9f5,857456b374e9e9f51a64de8313b44146292a658fd023907f7b8e9cb8aa7fc5da,0.39761806183348436,1,0
cwe399,0.01,cwe399:adv:9:6f30b478652fab2c,6f30b478652fab2c1f3043ae4714adcec8b361e5eef0c57d36d88e938463ba4a,0.3785782512633648,1,0
cwe399,0.01,cwe399:adv:10:b2948872b2a430fd,b2948872b2a430fd8cf93a0f97cdf9bb561c899bf67fc6b48d5f499a1e52883c,0.010578958673957159,1,0
cwe399,0.01,cwe399:adv:11:8e2ec18cf93f9c73,8e2ec18cf93f9c73feb37176bfd68e46d3aba1d47c2969d60d8279b931bb1692,0.4153762863208792,1,0
cwe399,0.01,cwe399:adv:12:fe7c963dab7d2045,fe7c963dab7d20459b06d2cf53a0fc7b34d5e88b9a786c66e3f1fe25484994d9,0.3431410229196078,1,0
cwe399,0.01,cwe399:adv:13:ad3662befcb0a44c,ad3662befcb0a44c5e104b783b29b5c9bc1306e35d6ffc00c0ec22a3075066fe,0.39935612040905666,1,0
cwe399,0.01,cwe399:adv:14:5c10b7729e49a659,5c10b7729e49a659a1ea6513569e62906a369024f3e619b160cad76b342b9f6f,0.14559101906507962,1,0
cwe399,0.01,cwe399:adv:15:0d352ef9c2aa37dc,0d352ef9c2aa37dc288fff273215f377ad262c95ae1ededd4075ed63b5023d40,0.2521332604096958,1,0
cwe399,0.01,cwe399:adv:16:f454b321b2f4ce4d,f454b321b2f4ce4daebf8e451b536626397b0b5dec7850d6b1a41f0947f17af6,0.18090375666046662,1,0
cwe399,0.01,cwe399:adv:17:d1819db886a6f955,d1819db886a6f9559b7350d88ee5842cc713c0837a1da0a43671fddc0c56654a,0.6413241905419536,0,0
cwe399,0.01,cwe399:adv:18:d1e0bdee6afc5e10,d1e0bdee6afc5e101a2389e7e7c49928d6f22daeb83847e20c4a616bc0ac1321,0.012065632556824562,1,0
cwe399,0.01,cwe399:adv:19:8e857bbcd8705a36,8e857bbcd8705a36306e2c4274712ec6535c71158dd36f32c957c66b8337f9d9,0.23842626282068602,1,0
cwe399,0.01,cwe399:adv:20:b6c025b99e630904,b6c025b99e630904d1e7189ee0d65733410b5162a9df7697318baaadb85ae8f4,0.010578958673957159,1,0
cwe399,0.01,cwe399:adv:21:26cfc40bca7ad469,26cfc40bca7ad4699f61bfb851a851cbf471cd4dc0415f60e4524704eb306bc7,0.4157846022168851,1,0
cwe399,0.01,cwe399:adv:22:5c58904922def654,5c58904922def654b9741c9ef95ad8b9006708465ce6cb87cef59e1f25e904d6,0.35900655130407105,1,0
cwe399,0.01,cwe399:adv:23:993c920033e60f98,993c920033e60f98ecbaf90ca80f086ab65a96a5b48828d8fccaa181c9b307bb,0.22233334258746626,1,0
cwe399,0.01,cwe399:adv:24:cc0aadd2791283ce,cc0aadd2791283ce2343949f29f1a0169def71836fde5a532886f676e46864f1,0.8255316788234176,0,0
cwe399,0.01,cwe399:adv:25:af1dc7b3564d73cf,af1dc7b3564d73cf0d5d03f4e0a39765fe9159ef63f18fbdca1f019d66718f85,0.010578958673957159,1,0
cwe399,0.01,cwe399:adv:26:a37de0aaffee9fbf,a37de0aaffee9fbf9239038ab2bbcbb46ce9f4a4cb03803b9d8a6c46a5a88206,0.7926503557285404,0,0
cwe399,0.01,cwe399:adv:27:a701f9b1a31d5888,a701f9b1a31d5888ad11cf1f38a85f567c1dd1d1deb2aa5e425bd67766b6aa86,0.6019855648002168,0,0
cwe399,0.01,cwe399:adv:28:5d9a7dc9bd522472,5d9a7dc9bd522472dcad79a7e4f5004071d5389fd438b9b243622c3c2eb82842,0.010578958673957159,1,0
cwe399,0.01,cwe399:adv:29:2ba3b9f3b259a1ec,2ba3b9f3b259a1ec7ce318ab716a2f43de82edd9939214e784c43c263f3d0269,0.7914705536173651,0,0
cwe399,0.01,cwe399:adv:30:9acc28392eae2369,9acc28392eae2369a26872d1a69be0c5bd65d7a6ee6f2821cdaf91efce50d882,0.8449786292589611,0,0
cwe399,0.01,cwe399:adv:31:f568e5c676b96f38,f568e5c676b96f386dcb8262ff65917e17231aae2db65359fa932dc277ad59da,0.22233334258746626,1,0
cwe399,0.01,cwe399:adv:32:7afb7b89d52e4370,7afb7b89d52e4370fbd79e4c783f1cbc2d57d0c9f421c6cfd449224738e21423,0.8136120711284693,0,0
cwe399,0.01,cwe399:adv:33:eaf1ea2786561fe4,eaf1ea2786561fe47dd89583b883e3f7ae8610e3635aca8cd69ccde903e438dd,0.18090375666046662,1,0
cwe399,0.01,cwe399:adv:34:984ab4a7f86f3998,984ab4a7f86f39983112f9575e6f481ffb695354aa62a1c4173f7dfc807938a8,0.1517930004132925,1,0
cwe399,0.01,cwe399:adv:35:5cc50275ea65bf62,5cc50275ea65bf624fc72bfb97478aa496b7e676f9993835eb392e5703d897c1,0.2993642113878651,1,0
cwe399,0.01,cwe399:adv:36:07484a1b220905ac,07484a1b220905acc3d486da9ab823b8de13ac8e511ad183267c4ec07e4c33ba,0.8011473011620396,0,0
cwe399,0.01,cwe399:adv:37:2e71be0ea331506f,2e71be0ea331506fa692f696b4a5b4b3986ef980fa22c4852cd1be0e87e1d591,0.18550445325598586,1,0
cwe399,0.01,cwe399:adv:38:435775cc9b332968,435775cc9b33296845109bad81d66f7456dd7e0dace0db920126fffc76b17263,0.2094849159636359,1,0
cwe399,0.01,cwe399:adv:39:04928c410524e2b7,04928c410524e2b746d7bb330ae413400b2bcee8a87b79bddc399c7478c023da,0.6429708771576909,0,0
cwe399,0.01,cwe399:adv:40:28181416e901eedc,28181416e901eedc91e48ffe3ac3d030f07e1b88ddc860e90abb5de24baaccb5,0.8610531816386606,0,0
cwe399,0.01,cwe399:adv:41:f653a56097702a54,f653a56097702a542d9bdc4d69016ffb7f434d0ac0dbfd3c819b178ed6924855,0.18090375666046662,1,0
cwe399,0.01,cwe399:adv:42:cdc7838e41a57a25,cdc7838e41a57a2575b0c29b95f004bc2c9983b2ae773d286f41c1f352824b34,0.84505974875899,0,0
cwe399,0.01,cwe399:adv:43:30a50507d1673cf0,30a50507d1673cf027798c63f4e72b3224705010083ead602e799bedc6fccfa1,0.013240034092056248,1,0
cwe399,0.01,cwe399:adv:44:30c52ca5f87dd7f3,30c52ca5f87dd7f3e78acc99efa83e6346e4236074b335892aa25d9d1f4a46be,0.18090375666046662,1,0
cwe399,0.01,cwe399:adv:45:68cc71d4616de0ac,68cc71d4616de0ac0acce256a2c7ad35609a99328b8d67c9fc6e128fde134f4b,0.18090375666046662,1,0
cwe399,0.01,cwe399:adv:46:b063a3519ed18fe0,b063a3519ed18fe0d8f470bc375377ebc7ff24185007900d770503b2dfd39d6b,0.2094849159636359,1,0
cwe399,0.01,cwe399:adv:47:4e3011b7ab6a35fe,4e3011b7ab6a35fed300ad6f98737707fb8f6f5b024f77b37b88ddfbf1411af0,0.11304928323875961,1,0
cwe399,0.01,cwe399:adv:48:ac3973eacecbc296,ac3973eacecbc2968b1ef01b4d86320a53ce7cdfe767bc66364ec904744adaa0,0.8011560960473727,0,0
cwe399,0.01,cwe399:adv:49:b0b31dd7bdb974e7,b0b31dd7bdb974e7ae00596b6e2fac68b894b6417109ba451b9f7dff372590c8,0.5718545365857961,0,0
cwe399,0.01,cwe399:adv:50:2f7296dc2e073673,2f7296dc2e07367377d147e2f600d6b8f01fc34a36ffc7831afea0e5b47045b6,0.18090375666046662,1,0
cwe399,0.01,cwe399:adv:51:d3b79280fd30b53f,d3b79280fd30b53f824d7a1290c2fdd5848a0438de83e62ba9ada0d495e001d9,0.3039421096328208,1,0
cwe399,0.01,cwe399:adv:52:367812cbb57e29dc,367812cbb57e29dcd8c1b4e9c0b7dbd3f0c5b840e53747a4aeb22156993c7638,0.39935612040905666,1,0
cwe399,0.01,cwe399:adv:53:cb1d217084264afb,cb1d217084264afb1d72d44546a1a95f961ba315836de17431a9f85b729c73f0,0.15817799195452592,1,0
cwe399,0.01,cwe399:adv:54:8b53802430ef2008,8b53802430ef2008728b6d38f140c34073c09977b3caa30bee6bcbb84d34803c,0.4010674308289733,1,0
cwe399,0.01,cwe399:adv:55:5d94ffea7827032d,5d94ffea7827032de14856359c271eb4156aaaa98861d92034faa05f6dccc933,0.22233334258746626,1,0
cwe399,0.01,cwe399:adv:56:f094976f427a6d4a,f094976f427a6d4a4beb250a9f0458158e0215b932efd0a1300b26e56bcc8be9,0.31278028778928557,1,0
cwe399,0.01,cwe399:adv:57:a6bff97d3aa52d2e,a6bff97d3aa52d2edae8faae7d21722821fc7920c71cc6ece97410b74968a3b3,0.11304928323875961,1,0
cwe399,0.01,cwe399:adv:58:585f8608bda8be16,585f8608bda8be16522c5aebe3e7a422e2ad7007dff19cc069b3a50bcd4a49d1,0.18090375666046662,1,0
cwe399,0.01,cwe399:adv:59:d481fbc1093a5455,d481fbc1093a5455483857f45bd01e2044db9e254891f2f9103bc7bf0fb7bc70,0.40120919539629546,1,0
cwe399,0.01,cwe399:adv:60:874fd504d340cb7e,874fd504d340cb7e657847c28a88773b1f63fc4cd26bfeacd6e145298a37ec4e,0.3158851331924892,1,0
cwe399,0.01,cwe399:adv:61:6895432da3ab9d9a,6895432da3ab9d9a5771ca6bafc39dc3a0cfa37f5ddf60f824d90702136708eb,0.2988552908989247,1,0
cwe399,0.01,cwe399:adv:62:67f64a457fd2dae1,67f64a457fd2dae18213985269ff02ee25de0154bb77d95ead3be4fbeab8deb7,0.8592970343284034,0,0
cwe399,0.01,cwe399:adv:63:108a88b83f3beeff,108a88b83f3beeff3d5bf92947d9ce7b8da0e7b2156f570b6b97fa8fed603151,0.012065632556824562,1,0
cwe399,0.01,cwe399:adv:64:9d05889e536b38a9,9d05889e536b38a97c7cc54593288ef870f5df6a3ab6be8ee58c7cfd157fc689,0.11782116888882634,1,0
cwe399,0.01,cwe399:adv:65:13984cfe1c70692a,13984cfe1c70692a3a341547046a40064034046dcedc440a0fa23211f8ab6090,0.8258729629608944,0,0
cwe399,0.01,cwe399:adv:66:a77ffa1cc3336dd0,a77ffa1cc3336dd061b1d657947c5bdb8df7a9f00802c3b5a859aa22ade89b6d,0.21125515407287174,1,0
cwe399,0.01,cwe399:adv:67:ab28c6cedf1837c5,ab28c6cedf1837c5e1a85388222672dd4a673e2b7df51222a671977a428af932,0.8334463192978098,0,0
cwe399,0.01,cwe399:adv:68:80803f73fc88bd6a,80803f73fc88bd6a7b3ea4768e5da9c7b2d8c4c434977d1305b8685b14fb8809,0.2791141730657569,1,0
cwe399,0.01,cwe399:adv:69:583a2284f2e284bb,583a2284f2e284bbd71d990fc5cc3c6cf7ba7f9949850380ba522e13fbde4f3f,0.22233334258746626,1,0
cwe399,0.01,cwe399:adv:70:f2246180922e1205,f2246180922e120590c6d3923e394d521da3e39dd37f536e0fc6d1124af940b9,0.5655254979906382,0,0
cwe399,0.01,cwe399:adv:71:5dbf3a931350c24f,5dbf3a931350c24fc463b2d568f95be9e0456d5e2f13f4f478a67745f76feaac,0.18550445325598586,1,0
cwe399,0.01,cwe399:adv:72:dcae8bf3f9927ee9,dcae8bf3f9927ee9b5d05f0ebcc082a860b202745b1aa118280b86102089547c,0.2094849159636359,1,0
cwe399,0.01,cwe399:adv:73:81cbb3256a67e48c,81cbb3256a67e48c3fc9e1b82f0a456925898ac07e561ac86fd13da9c1924478,0.5624673839859772,0,0
cwe399,0.01,cwe399:adv:74:bbf7f36732d82feb,bbf7f36732d82feb33bff0937bc2c1ce5a9a639ab0c83c9d4fcbed7d5c6c052e,0.4299071652926548,1,0
cwe399,0.01,cwe399:adv:75:859837a4cee07139,859837a4cee07139b04806572c4178e9f13809491fe7809fb200683eef8b6c93,0.11670370469214907,1,0
cwe399,0.01,cwe399:adv:76:f69d7b438df5067c,f69d7b438df5067cc4acf7fae0fb08b52dea40b0791c9b476ecb5d3287cf38ce,0.5044591819795186,0,0
cwe399,0.01,cwe399:adv:77:2043c3d018a5f32d,2043c3d018a5f32d3c2ed4905e7ca567901e6888d7193edd8f2ee57b191a9d97,0.14864487890788058,1,0
cwe399,0.01,cwe399:adv:78:78de37f1d7a54944,78de37f1d7a54944ed6c8a0cab95274d1e9358bf78e1a4b5baf2ae9649c7a875,0.1522872761042764,1,0
cwe399,0.01,cwe399:adv:79:4b85bc67cd57ecab,4b85bc67cd57ecab910b4582c228e57bb100bd31e5bb022200bcc1cfb1f13087,0.2094849159636359,1,0
cwe399,0.01,cwe399:adv:80:94ca9698847c14a9,94ca9698847c14a9e811f3e2cf1a2c593d0781143e413f1e3583c884ecb6c06b,0.14559101906507962,1,0
cwe399,0.01,cwe399:adv:81:7450413b7893e687,7450413b7893e687835d966057c026157e1cc982f8637632a0b2e909b72596ac,0.22233334258746626,1,0
cwe399,0.01,cwe399:adv:82:9a8afd7f2ebd0d15,9a8afd7f2ebd0d15ef37ce988fbff53e04a03a890fab71361be7de3a1e8f7758,0.010578958673957159,1,0
cwe399,0.01,cwe399:adv:83:29aa217cc4ee2c49,29aa217cc4ee2c4903e839c5f183d5634ee2304ab41e91c0222375038966e7c6,0.8450595553920902,0,0
cwe399,0.01,cwe399:adv:84:58f578cde8030657,58f578cde80306572ef65084de99b38b939dbbe4af1890f33f1321807d8f3fda,0.15817799195452592,1,0
cwe399,0.01,cwe399:adv:85:2c5d896b3033fc51,2c5d896b3033fc511aaa5d1003c16bfcd99e58902f837b06e53ce5acb30571ef,0.40120919539629546,1,0
cwe399,0.01,cwe399:adv:86:8263e1178a36ed9e,8263e1178a36ed9e536965688339b5d7826d0d8f60be48b51f427c39c7ebf5a4,0.11304928323875961,1,0
cwe399,0.01,cwe399:adv:87:21c8e6280486d23f,21c8e6280486d23f5d41e3f13238c8b722e725788afd3a2711b221c7e7ba6d60,0.11969348477792838,1,0
cwe399,0.01,cwe399:adv:88:e3e64f629e49a65c,e3e64f629e49a65c8057ae6e09748ebc398f307fc3eaacc6047d4f6a110c1428,0.44399481119485074,1,0
cwe399,0.01,cwe399:adv:89:572b6271de913a7a,572b6271de913a7a7d2e16405a63fbbdc502365101baa1de14c9f82f093b7997,0.22233334258746626,1,0
cwe399,0.01,cwe399:adv:90:5c1b1d6f350b5627,5c1b1d6f350b5627d8f110f6df077ecc04504a4e7f47bc5c50a4c8e318bab381,0.16991491693707386,1,0
cwe399,0.01,cwe399:adv:91:569ab93244a96671,569ab93244a966717cfeed5521df555adcd3d985343c7913505a1afd953af0db,0.38756140899120817,1,0
cwe399,0.01,cwe399:adv:92:37fba94415cb71d7,37fba94415cb71d7c7cb3b4073bf9321b3425e6669709e43675e1b1ea68df0d2,0.1461291863377175,1,0
cwe399,0.01,cwe399:adv:93:159e82ee0c83bab7,159e82ee0c83bab7d5988fda48d45149d583755faabfab3d27200d41cf574e72,0.6083774831626966,0,0
cwe399,0.01,cwe399:adv:94:78aa181f521e5238,78aa181f521e5238ab1e7909cc5531e1f490fa82bc325f6a2112186f3f495366,0.13657753602323416,1,0
cwe399,0.01,cwe399:adv:95:999cfeff5378450e,999cfeff5378450ee29ce30a04269c644de3d30293dc6043ce62182bd8f8cacc,0.2094849159636359,1,0
cwe399,0.01,cwe399:adv:96:5a6591f5d6a3089b,5a6591f5d6a3089b3c7e3355849dd86f88dc2e581a47c4edd3841c949364bed8,0.7984877135825479,0,0
cwe399,0.01,cwe399:adv:97:0f85a072bc483dcb,0f85a072bc483dcb8b4a79b188c722c68912c349790c79dd3614c04466e38d72,0.010578958673957159,1,0
cwe399,0.01,cwe399:adv:98:1637a8ff03c67712,1637a8ff03c67712a66111f70256fb94acbc4a3ceea7731b729eb55af565e9f0,0.5663445677821438,0,0
cwe399,0.01,cwe399:adv:99:f24752c6ff8f333a,f24752c6ff8f333a76a554a2219dc2cea65bd16943269eb2bbbee2dc5ec453ce,0.013240034092056248,1,0
cwe399,0.01,cwe399:adv:100:df57ca9793a3f23b,df57ca9793a3f23b4d20d21fc98d644c7c1330cb062672b36d0c3fb26fcf449c,0.3785782512633648,1,0
cwe399,0.01,cwe399:adv:101:4d233e98c44608b9,4d233e98c44608b9a564b5fa9125e2edbd1decf0cffd8e5f91d074af6d1f2023,0.010578958673957159,1,0
cwe399,0.01,cwe399:adv:102:09c222240bc6ff15,09c222240bc6ff15f836b3fa6b42bed713bff9fbb3a144334bd84fb342077de1,0.09605994137451339,1,0
cwe399,0.01,cwe399:adv:103:223c64da46f19d86,223c64da46f19d86fa05ba15ef143e34e64ca888d1c88775f8bed40e828954c8,0.840041288336523,0,0
cwe399,0.01,cwe399:adv:104:26111c4f499cd9ee,26111c4f499cd9eee1aa923ab0bcfe01c0b56970b9b93afc777b76fff5eae7ca,0.20276372515337412,1,0
cwe399,0.01,cwe399:adv:105:fa3abd9c4c2c5113,fa3abd9c4c2c5113e08beb5774eeef93ada576d065d49d8d23b4b120e655799e,0.012065632556824562,1,0
cwe399,0.01,cwe399:adv:106:6c7cb55391cb132c,6c7cb55391cb132c99eb89f9fa328f84dbc9d3ed6c5300b4540134510573b70d,0.21068858242512112,1,0
cwe399,0.01,cwe399:adv:107:1283798a20bcdbf7,1283798a20bcdbf740ad69f4bc5026b13caff9432d92347d2d28d642b76e3b3c,0.5542660687894199,0,0
cwe399,0.01,cwe399:adv:108:ed491397a8a653a7,ed491397a8a653a76a961b889bc4b27193986d37ab62c6a5e3ee751c8d660da5,0.21125515407287174,1,0
cwe399,0.01,cwe399:adv:109:4ccc40c52c765d87,4ccc40c52c765d8754139372add41f012d92ee90afd6a14c7e7d95d465a36372,0.6150998717999449,0,0
cwe399,0.01,cwe399:adv:110:ea2356957f6d561c,ea2356957f6d561cbf7526f6860967b0ec63b31d9e05090b679ef4fa623985f5,0.7895576673295387,0,0
cwe399,0.01,cwe399:adv:111:140b565448cf5465,140b565448cf5465f3daf71a18ff8812cca56b1092c9fc57d13d85cb3936b017,0.21234248003845646,1,0
cwe399,0.01,cwe399:adv:112:e5de6f35e86611ac,e5de6f35e86611ac098a589404a4f8a71be3baa7532f8725a4bbc542f35ed49b,0.8143723615282361,0,0
cwe399,0.01,cwe399:adv:113:8121da5fe4a332cc,8121da5fe4a332cc6e99dffa5256bdc08236410e6eb4941e4c586cde581e8f27,0.010578958673957159,1,0
cwe399,0.01,cwe399:adv:114:44c657bb0e4e79d8,44c657bb0e4e79d8b1d6ccab9542c073a199c1ca4545865b492320e5b9e3bb0d,0.8745176184945567,0,0
cwe399,0.01,cwe399:adv:115:15f05216852fb6ef,15f05216852fb6ef0ee48f204b2a742e0bb26f676b205ea3bd6ef0e870f44eea,0.8177438200649506,0,0
cwe399,0.01,cwe399:adv:116:56df294b39df0d90,56df294b39df0d904a3a4d7c509994c326779ae0b6f923a28a17cbc0063d2209,0.11782116888882634,1,0
cwe399,0.01,cwe399:adv:117:0f00945c30e46aea,0f00945c30e46aeaab6ec153dbe1d5fe87d5c5bec73c4234d88784f379b6f710,0.3431410229196078,1,0
cwe399,0.01,cwe399:adv:118:888054942a6fed13,888054942a6fed1328af8669d508f31401dc329a8e0cd8a3c02111439901c682,0.8326796409053362,0,0
cwe399,0.01,cwe399:adv:119:b22e6307e51d3243,b22e6307e51d324382bb4a554697de55c53e584127bd0b3aa6de8af8b074210b,0.012065632556824562,1,0
cwe399,0.01,cwe399:adv:120:5fb7da4f43a33a36,5fb7da4f43a33a36ace1ba380e1b31c0993c3db0bc9d1af3bed762835f78c3a8,0.30505594314251805,1,0
cwe399,0.01,cwe399:adv:121:c5cfdc2f53eb6c2a,c5cfdc2f53eb6c2a62162c6ebb0b1e0a7c951201b99a149f2978437fa715d675,0.2580919858930523,1,0
cwe399,0.01,cwe399:adv:122:757538319c5dba30,757538319c5dba3026dc1a203f1a56c27386d1d6c7b25940600a3ae63a471b61,0.11969348477792838,1,0
cwe399,0.01,cwe399:adv:123:0f8892b2176e1fdb,0f8892b2176e1fdbca3d977e4c05700487957ada8fc04d7f1e6bc6948e653999,0.8061135143992224,0,0
cwe399,0.01,cwe399:adv:124:997fd88f5ede8df1,997fd88f5ede8df1d19c1c6dcf034753301f67995f894c760e790b4a950ecb5c,0.14481356897896341,1,0
cwe399,0.01,cwe399:adv:125:0a8b658b6589752f,0a8b658b6589752f5677e714f1a8af34c66c87c3ed67f075bf485c538db2830e,0.010578958673957159,1,0
cwe399,0.01,cwe399:adv:126:c2603be7fad073dc,c2603be7fad073dce01ef98a7bd6d7b3d5772beda9ad1c94aae6a4fae0b4edf3,0.5718545365857961,0,0
cwe399,0.01,cwe399:adv:127:8e74be30fe47a6af,8e74be30fe47a6af3a0ad25ea1cd206d4cd3ff430471129d0c704b7ad31400fb,0.56267619996534,0,0
cwe399,0.01,cwe399:adv:128:311ab74387b6e9a7,311ab74387b6e9a7a90b6fc1d003d84bfc614dc30ffb2836491f2088f0a22472,0.7752949927513721,0,0
cwe399,0.01,cwe399:adv:129:29e8b1525dcb49f8,29e8b1525dcb49f8952ea0252242227a76a6d4a37f16a14ec450ae27618fe74e,0.6265580604202263,0,0
cwe399,0.01,cwe399:adv:130:835e8322ab163d21,835e8322ab163d21cac805dc623c0a32b6fb795dc1100995049ce16ed3e1e010,0.013240034092056248,1,0
cwe399,0.01,cwe399:adv:131:1759b3c00e88842e,1759b3c00e88842e262ce08fbe8b2e618eeb489b2151d3ac096114f925ef058c,0.010578958673957159,1,0
cwe399,0.01,cwe399:adv:132:24323bd4b49373a7,24323bd4b49373a72a00cb7ea2efd585d0d15e3fac2b9536e9a612e0d630cd03,0.37490421452448447,1,0
cwe399,0.01,cwe399:adv:133:592b2834fdf4df5e,592b2834fdf4df5ed93c2698e94c6c1bd9f46a54f7df126fc75f66bec4b31b9e,0.012065632556824562,1,0
cwe399,0.01,cwe399:adv:134:821bba566219ebb4,821bba566219ebb4ac50a97023c3ae5c0d259b0beee8a12846396073f4970ad9,0.18090375666046662,1,0
cwe399,0.01,cwe399:adv:135:125e2e202b49184d,125e2e202b49184dc2d1624bc003885715055febb3dd916401fc388f1afc05bd,0.8267146889142052,0,0
cwe399,0.01,cwe399:adv:136:12882908c5e527b4,12882908c5e527b41e21c6ebf227fac8d8a41b10e4b8a65cd086a489d91d4647,0.010578958673957159,1,0
cwe399,0.01,cwe399:adv:137:6e0b4b2e4fb793f8,6e0b4b2e4fb793f84b6867cf022c873df7f7c35005e0ddc7bb9dba3cc5016299,0.18090375666046662,1,0
cwe399,0.01,cwe399:adv:138:bc6f5ae2789fe9f3,bc6f5ae2789fe9f36f380e215f567bfd2f4c3a3e33e312f50bd060aada7d65ab,0.845837944142723,0,0
cwe399,0.01,cwe399:adv:139:8ff245d9f6381022,8ff245d9f6381022f5786b502a21f1a70887d510ca1b7dbf0a58c3320d782bf7,0.010578958673957159,1,0
cwe399,0.01,cwe399:adv:140:211867a60f7caf11,211867a60f7caf11e3085bc7f26a675681896042196779fdb74c7fc125e1f429,0.6081771133259335,0,0
cwe399,0.01,cwe399:adv:141:bd719e4d5e4bf975,bd719e4d5e4bf975b5dca55f32b6bc43578792642dcf51e607d278f951ea02f7,0.22233334258746626,1,0
cwe399,0.01,cwe399:adv:142:7130de2185ada6fc,7130de2185ada6fc33bce1089924ebebc60b3488b5d26af9e3d076d89c583c7b,0.23842626282068602,1,0
cwe399,0.01,cwe399:adv:143:f0a7b7bd2166cefe,f0a7b7bd2166cefe90232c424c18b64e57d307a50fd9594b1a4a7ab96482d164,0.826396947815055,0,0
cwe399,0.01,cwe399:adv:144:23bf7d431fe4a9a2,23bf7d431fe4a9a2bc11dd3754e642b83468d5ae815975d4e84da349cfcf045d,0.8579631286406392,0,0
cwe399,0.01,cwe399:adv:145:b512021531a2eb6c,b512021531a2eb6c90dac291251ae08a25e760aea345848da824ded4cff04e7e,0.18090375666046662,1,0
cwe399,0.01,cwe399:adv:146:96b9d03906c547b7,96b9d03906c547b791b8138c16842e97d7b3761123dd43825cc8a5c303d0caa4,0.19674766005067343,1,0
cwe399,0.01,cwe399:adv:147:2ab0130be0d7205b,2ab0130be0d7205b8c38befd6cf2f84f93e2e10deb655a3f650d701db9a0505e,0.29057564982859413,1,0
cwe399,0.01,cwe399:adv:148:2b1bb26768396aa6,2b1bb26768396aa6ce872049e9d6c23f563b9ab7d01136c98bda20e08879f4ec,0.23842626282068602,1,0
cwe399,0.01,cwe399:adv:149:eb39419d0afbebd8,eb39419d0afbebd8bad7a1462f7f54d047a5b2a19157a4642acb76f9b451095c,0.21125515407287174,1,0
cwe399,0.01,cwe399:adv:150:27beb91aba846e7e,27beb91aba846e7e1433277d50e7e82a865d55b72e472e44de3948dcb59e86c3,0.39935612040905666,1,0
cwe399,0.01,cwe399:adv:151:6dcf5c00e6ee7e04,6dcf5c00e6ee7e040010e726eb81b823da1c158e1f35d656cfaa9e5382cf14a8,0.814723034198394,0,0
cwe399,0.01,cwe399:adv:152:8999c7cefa4f6cb1,8999c7cefa4f6cb1ba346d22f6a99308c70e9d62cf6cf4a72b2dbb4bd35503e2,0.010578958673957159,1,0
cwe399,0.01,cwe399:adv:153:9a403ede17dcc6ec,9a403ede17dcc6ecd19f9737d84d2db07abec70766824710e538b96d51faf713,0.13218190612052386,1,0
cwe399,0.01,cwe399:adv:154:56422179c58e2dee,56422179c58e2dee746376c2b19fd63825f506a4419672f4b0c8fb53f92a2e43,0.8466090741974125,0,0
cwe399,0.01,cwe399:adv:155:645b1f6a4c7da45c,645b1f6a4c7da45c245ebccb953d93a811677ba7b0c4c052a35d67211ee3c65e,0.7790094431990447,0,0
cwe399,0.01,cwe399:adv:156:97408a95a2279724,97408a95a227972441ca3a718db938ce565f584e41bbf3bbdfc84dfaf93fa92b,0.012065632556824562,1,0
cwe399,0.01,cwe399:adv:157:6ffdc0e2f0e6f99c,6ffdc0e2f0e6f99c688ccbbb23ea05ae2abd6297ebcd8ccc82b8d1020d55aeaa,0.11969348477792838,1,0
cwe399,0.01,cwe399:adv:158:69fe4848eb938a37,69fe4848eb938a3758041c886428ef629bdb49c4ed1b9146f84c690709eb7447,0.012065632556824562,1,0
cwe399,0.01,cwe399:adv:159:48e3a6742e682ac9,48e3a6742e682ac972c5f79f38d05f59b72c998711e0db5b9ff14ae8e5a0d289,0.6150998717999449,0,0
cwe399,0.01,cwe399:adv:160:a77478cc063a19f6,a77478cc063a19f66d9549cb336de24f4c6a1c819983b4788267c78fd5ff7e58,0.5911295149031801,0,0
cwe399,0.01,cwe399:adv:161:3139165dc0e7fd3a,3139165dc0e7fd3a8daddf6e93137b7f4c522c5c7ba2130943e2c45de51299a3,0.31278028778928557,1,0
cwe399,0.01,cwe399:adv:162:ce4dfacc4ae1a815,ce4dfacc4ae1a815488e7bcc321f9ed7c2c357571897b30f7c5ae32ea3b5f437,0.8600794605457128,0,0
cwe399,0.01,cwe399:adv:163:5b62369678dce46f,5b62369678dce46f9f9a893a0850966b8b560ed86e8ed89e35f3ee93e9c44c31,0.7669076033102131,0,0
cwe399,0.01,cwe399:adv:164:eb40e2baf10a70d1,eb40e2baf10a70d118c5302fa5990b7fee1f6b9da003c75c27e8489fd96c73f5,0.3308859485587778,1,0
cwe399,0.01,cwe399:adv:165:69004c0c671c22a2,69004c0c671c22a20fd2bd0043c2104663db1c41633fe65f00c5ffaf0512f50b,0.14559101906507962,1,0
cwe399,0.01,cwe399:adv:166:ce3601d7d80043f6,ce3601d7d80043f6d883f1b59476cb561eaadc40a432f034f57e92423fd54579,0.11999767540308888,1,0
cwe399,0.01,cwe399:adv:167:fa68ed6160a88828,fa68ed6160a88828ca2fb03eeba53ab8f05175308ff9a947cb434ac1f07c2231,0.7387572556740116,0,0
cwe399,0.01,cwe399:adv:168:2c31d86b22eb86f9,2c31d86b22eb86f914bfa6fb37765e30e0ffebd20dc8ecc560ef7cfc3f7b0c6f,0.3921465479639239,1,0
cwe399,0.01,cwe399:adv:169:4e91113832dc4aa4,4e91113832dc4aa471b29b00d08c01ee6786044ecbecfaca2e0969fd2d12b064,0.16312425022762747,1,0
cwe399,0.01,cwe399:adv:170:d79151d0e1938c63,d79151d0e1938c63dde6ea0c1028bbf6dd25f73fbfd5b2cebabbd4afc325090b,0.5815063965354499,0,0
cwe399,0.01,cwe399:adv:171:07c329bfbde29d43,07c329bfbde29d43ddc0611976370e67d26750d39946770cc9b4906186411153,0.6150998717999449,0,0
cwe399,0.01,cwe399:adv:172:379566236f4bd30d,379566236f4bd30d3b214e5d2fb79ce4deaf918b74573a68911929004802c7c9,0.012065632556824562,1,0
cwe399,0.01,cwe399:adv:173:84c7b6c0f0d1587e,84c7b6c0f0d1587e45a7e7368aeb18417a531e3f1c89c55401921eb14556be08,0.12405711294760238,1,0
cwe399,0.01,cwe399:adv:174:55c1dbbd07dbef2a,55c1dbbd07dbef2a6e2297a5197d6ae0cb2d2987ab68bb9c1ff3bd9373508d75,0.22233334258746626,1,0
cwe399,0.01,cwe399:adv:175:a7f8c23f5ade063b,a7f8c23f5ade063b1652ec8f21d30a5213ee75541e38c4f288c97b567e87595e,0.5781396311177498,0,0
cwe399,0.01,cwe399:adv:176:514de3322726622c,514de3322726622c7964cfdf54670e9729e3cf92ae508231d4c9c983dfab4630,0.5533830538705863,0,0
cwe399,0.01,cwe399:adv:177:687b6bd239915e70,687b6bd239915e7048e2c3ea6fa9b7097bebc38109396643466f887441bfb51b,0.010578958673957159,1,0
cwe399,0.01,cwe399:adv:178:5192d19a4cc97878,5192d19a4cc978785eb237bb504a452429215ef287f855f30292a97f73c129f4,0.18090375666046662,1,0
cwe399,0.01,cwe399:adv:179:85d18d600633dd77,85d18d600633dd77bebec1ca5732d3ece2192aca92fd58cc460f64d48f7f87ea,0.22233334258746626,1,0
cwe399,0.01,cwe399:adv:180:945049a7a2626d24,945049a7a2626d2474ad0331022b167c2808986fa4bbbafe343d8a5276be7f05,0.47712541223167937,1,0
cwe399,0.01,cwe399:adv:181:1263f9c2d95b9db1,1263f9c2d95b9db18149aa0cfa94fb10ee57ec8058ea69ebf7e06cbfc920476e,0.3023308766899161,1,0
cwe399,0.01,cwe399:adv:182:b7edcd4f08c40854,b7edcd4f08c40854630aa7285433e768394a32908ec3caf2b3fa77c483de6c9e,0.012065632556824562,1,0
cwe399,0.01,cwe399:adv:183:65da473842e0de04,65da473842e0de04fdb300234e0e223a4797b8f435e6291e8cdb3f9af8bf8d6f,0.2094849159636359,1,0
cwe399,0.01,cwe399:adv:184:26981e2f1a89cbd1,26981e2f1a89cbd19a566939303a4805f37b338d243a3a4326b3f2931b9c8776,0.23842626282068602,1,0
cwe399,0.01,cwe399:adv:185:307e9aeed3c30e11,307e9aeed3c30e11285f235e0ab362dae26beaee7f208cddaf0369593f00e71d,0.3512507944924097,1,0
cwe399,0.01,cwe399:adv:186:b8c820e603e3cd15,b8c820e603e3cd15493e4f667bee816f9b11ba658291a476d1e0fad2ec1d48fe,0.010578958673957159,1,0
cwe399,0.01,cwe399:adv:187:a4db3fba82f3191a,a4db3fba82f3191a9f49e0486fc353afa2157d1edd9042260d6ab40e8a206d2d,0.7427758663527898,0,0
cwe399,0.01,cwe399:adv:188:386326dd6814f868,386326dd6814f868e21eae7434bec3ea8cdec178d6ad601a84f1c2422d940616,0.11204121730760497,1,0
cwe399,0.01,cwe399:adv:189:b9d3f99d48314d3a,b9d3f99d48314d3a6d7300dee554ee2543e7d6bb04e24d53a3c7c072a4d29279,0.16312425022762747,1,0
cwe399,0.01,cwe399:adv:190:74f16ea601a348f7,74f16ea601a348f7017ce77cc902cd60cc73e93db5a9d8a7ba9f4d6e25f18327,0.7883877285539606,0,0
cwe399,0.01,cwe399:adv:191:f8c9048d24a490d9,f8c9048d24a490d95cb4a4c8bd06fb4666b9dc5d6e76022c2a60abf257c5bbd8,0.6161464141864635,0,0
cwe399,0.01,cwe399:adv:192:45255474bb85aaeb,45255474bb85aaebeb1224ed393b4c988e027f44eb69e7b9c7147d517a4685bc,0.23842626282068602,1,0
cwe399,0.01,cwe399:adv:193:5e83433f355ec3cf,5e83433f355ec3cf7a8453e903cd8cf5890141f095726bd983e7a58ec63f0009,0.18090375666046662,1,0
cwe399,0.01,cwe399:adv:194:3f617d7070af58b4,3f617d7070af58b49aa2d06bc414841a0d2beb5bca47de809e75b41bcbc48c57,0.012065632556824562,1,0
cwe399,0.01,cwe399:adv:195:06ec648195c04a8f,06ec648195c04a8f1aa2ec4e43698dfae5d373b9f897262007294cb96f2e18fa,0.19107440939719084,1,0
cwe399,0.01,cwe399:adv:196:cab45e171baedb02,cab45e171baedb028fb2144d4b7e23e30c0654e7768c688c98c19b449e546139,0.2094849159636359,1,0
cwe399,0.01,cwe399:adv:197:353be453b5c9e0ec,353be453b5c9e0ec3ef8bb9f2f96f5a2835c3d31011a462520d5f25dc9b016bf,0.7680004501594343,0,0
cwe399,0.01,cwe399:adv:198:67ccf31b8f678788,67ccf31b8f678788825731dc508f194a29c16adb06a2dc4f1b60bd4674965788,0.010578958673957159,1,0
cwe399,0.01,cwe399:adv:199:b89ccadab8a0161f,b89ccadab8a0161fd082ece174777decfda1b434638bf12f7cdea295cacb4a35,0.626685628458424,0,0
cwe399,0.03,cwe399:adv:0:825261a64474a426,825261a64474a426c9afde06e780024dc8dd1b531cd1ceec46b3d991f4bf226e,0.010578958673957159,1,0
cwe399,0.03,cwe399:adv:1:4cd72e746ae52ec5,4cd72e746ae52ec586915880ab26a3aabd7131506be2999d0de29caed3d39425,0.5667065609973081,0,0
cwe399,0.03,cwe399:adv:2:5a79dc112b114d95,5a79dc112b114d9556c97ac35ff98b1e10bd9a6a0dd1a39bf0fb15600cc09304,0.29057564982859413,1,0
cwe399,0.03,cwe399:adv:3:f00c5a2bf8339c94,f00c5a2bf8339c9468f72db40e6e3ceafe91f1fe0c3491190c95e6fda311fd53,0.012065632556824562,1,0
cwe399,0.03,cwe399:adv:4:4dd10a4c9bc2e9c8,4dd10a4c9bc2e9c88e2ca46bcda3b4a1972b1fddd63a058a8c92f5efda869da7,0.31278028778928557,1,0
cwe399,0.03,cwe399:adv:5:55e2e21c62061468,55e2e21c6206146844c79a7e4bf6d3e7f3860c95d4e38c74e006ba0b040cd078,0.7460456686918306,0,0
cwe399,0.03,cwe399:adv:6:19cff4b0ca3b08a2,19cff4b0ca3b08a210867814a90e0521504d9d443953fad40f34514ec92288aa,0.16312425022762747,1,0
cwe399,0.03,cwe399:adv:7:b0528b44e33792e1,b0528b44e33792e11dd2a619b5e78a5dcfcb8cdff5afb68b7df8dbcce96a11a9,0.010578958673957159,1,0
cwe399,0.03,cwe399:adv:8:857456b374e9e9f5,857456b374e9e9f51a64de8313b44146292a658fd023907f7b8e9cb8aa7fc5da,0.39761806183348436,1,0
cwe399,0.03,cwe399:adv:9:6f30b478652fab2c,6f30b478652fab2c1f3043ae4714adcec8b361e5eef0c57d36d88e938463ba4a,0.3785782512633648,1,0
cwe399,0.03,cwe399:adv:10:b2948872b2a430fd,b2948872b2a430fd8cf93a0f97cdf9bb561c899bf67fc6b48d5f499a1e52883c,0.010578958673957159,1,0
cwe399,0.03,cwe399:adv:11:8e2ec18cf93f9c73,8e2ec18cf93f9c73feb37176bfd68e46d3aba1d47c2969d60d8279b931bb1692,0.4153762863208792,1,0
cwe399,0.03,cwe399:adv:12:fe7c963dab7d2045,fe7c963dab7d20459b06d2cf53a0fc7b34d5e88b9a786c66e3f1fe25484994d9,0.3431410229196078,1,0
cwe399,0.03,cwe399:adv:13:ad3662befcb0a44c,ad3662befcb0a44c5e104b783b29b5c9bc1306e35d6ffc00c0ec22a3075066fe,0.39935612040905666,1,0
cwe399,0.03,cwe399:adv:14:5c10b7729e49a659,5c10b7729e49a659a1ea6513569e62906a369024f3e619b160cad76b342b9f6f,0.14559101906507962,1,0
cwe399,0.03,cwe399:adv:15:0d352ef9c2aa37dc,0d352ef9c2aa37dc288fff273215f377ad262c95ae1ededd4075ed63b5023d40,0.2521332604096958,1,0
cwe399,0.03,cwe399:adv:16:f454b321b2f4ce4d,f454b321b2f4ce4daebf8e451b536626397b0b5dec7850d6b1a41f0947f17af6,0.18090375666046662,1,0
cwe399,0.03,cwe399:adv:17:d1819db886a6f955,d1819db886a6f9559b7350d88ee5842cc713c0837a1da0a43671fddc0c56654a,0.6413241905419536,0,0
cwe399,0.03,cwe399:adv:18:d1e0bdee6afc5e10,d1e0bdee6afc5e101a2389e7e7c49928d6f22daeb83847e20c4a616bc0ac1321,0.012065632556824562,1,0
cwe399,0.03,cwe399:adv:19:8e857bbcd8705a36,8e857bbcd8705a36306e2c4274712ec6535c71158dd36f32c957c66b8337f9d9,0.23842626282068602,1,0
cwe399,0.03,cwe399:adv:20:b6c025b99e630904,b6c025b99e630904d1e7189ee0d65733410b5162a9df7697318baaadb85ae8f4,0.010578958673957159,1,0
cwe399,0.03,cwe399:adv:21:26cfc40bca7ad469,26cfc40bca7ad4699f61bfb851a851cbf471cd4dc0415f60e4524704eb306bc7,0.4157846022168851,1,0
cwe399,0.03,cwe399:adv:22:5c58904922def654,5c58904922def654b9741c9ef95ad8b9006708465ce6cb87cef59e1f25e904d6,0.35900655130407105,1,0
cwe399,0.03,cwe399:adv:23:993c920033e60f98,993c920033e60f98ecbaf90ca80f086ab65a96a5b48828d8fccaa181c9b307bb,0.22233334258746626,1,0
cwe399,0.03,cwe399:adv:24:cc0aadd2791283ce,cc0aadd2791283ce2343949f29f1a0169def71836fde5a532886f676e46864f1,0.8255316788234176,0,0
cwe399,0.03,cwe399:adv:25:af1dc7b3564d73cf,af1dc7b3564d73cf0d5d03f4e0a39765fe9159ef63f18fbdca1f019d66718f85,0.010578958673957159,1,0
cwe399,0.03,cwe399:adv:26:a37de0aaffee9fbf,a37de0aaffee9fbf9239038ab2bbcbb46ce9f4a4cb03803b9d8a6c46a5a88206,0.7926503557285404,0,0
cwe399,0.03,cwe399:adv:27:a701f9b1a31d5888,a701f9b1a31d5888ad11cf1f38a85f567c1dd1d1deb2aa5e425bd67766b6aa86,0.6019855648002168,0,0
cwe399,0.03,cwe399:adv:28:5d9a7dc9bd522472,5d9a7dc9bd522472dcad79a7e4f5004071d5389fd438b9b243622c3c2eb82842,0.010578958673957159,1,0
cwe399,0.03,cwe399:adv:29:2ba3b9f3b259a1ec,2ba3b9f3b259a1ec7ce318ab716a2f43de82edd9939214e784c43c263f3d0269,0.7914705536173651,0,0
cwe399,0.03,cwe399:adv:30:9acc28392eae2369,9acc28392eae2369a26872d1a69be0c5bd65d7a6ee6f2821cdaf91efce50d882,0.8449786292589611,0,0
cwe399,0.03,cwe399:adv:31:f568e5c676b96f38,f568e5c676b96f386dcb8262ff65917e17231aae2db65359fa932dc277ad59da,0.22233334258746626,1,0
cwe399,0.03,cwe399:adv:32:7afb7b89d52e4370,7afb7b89d52e4370fbd79e4c783f1cbc2d57d0c9f421c6cfd449224738e21423,0.8136120711284693,0,0
cwe399,0.03,cwe399:adv:33:eaf1ea2786561fe4,eaf1ea2786561fe47dd89583b883e3f7ae8610e3635aca8cd69ccde903e438dd,0.18090375666046662,1,0
cwe399,0.03,cwe399:adv:34:984ab4a7f86f3998,984ab4a7f86f39983112f9575e6f481ffb695354aa62a1c4173f7dfc807938a8,0.1517930004132925,1,0
cwe399,0.03,cwe399:adv:35:5cc50275ea65bf62,5cc50275ea65bf624fc72bfb97478aa496b7e676f9993835eb392e5703d897c1,0.2993642113878651,1,0
cwe399,0.03,cwe399:adv:36:07484a1b220905ac,07484a1b220905acc3d486da9ab823b8de13ac8e511ad183267c4ec07e4c33ba,0.8011473011620396,0,0
cwe399,0.03,cwe399:adv:37:2e71be0ea331506f,2e71be0ea331506fa692f696b4a5b4b3986ef980fa22c4852cd1be0e87e1d591,0.18550445325598586,1,0
cwe399,0.03,cwe399:adv:38:435775cc9b332968,435775cc9b33296845109bad81d66f7456dd7e0dace0db920126fffc76b17263,0.2094849159636359,1,0
cwe399,0.03,cwe399:adv:39:04928c410524e2b7,04928c410524e2b746d7bb330ae413400b2bcee8a87b79bddc399c7478c023da,0.6429708771576909,0,0
cwe399,0.03,cwe399:adv:40:28181416e901eedc,28181416e901eedc91e48ffe3ac3d030f07e1b88ddc860e90abb5de24baaccb5,0.8610531816386606,0,0
cwe399,0.03,cwe399:adv:41:f653a56097702a54,f653a56097702a542d9bdc4d69016ffb7f434d0ac0dbfd3c819b178ed6924855,0.18090375666046662,1,0
cwe399,0.03,cwe399:adv:42:cdc7838e41a57a25,cdc7838e41a57a2575b0c29b95f004bc2c9983b2ae773d286f41c1f352824b34,0.84505974875899,0,0
cwe399,0.03,cwe399:adv:43:30a50507d1673cf0,30a50507d1673cf027798c63f4e72b3224705010083ead602e799bedc6fccfa1,0.013240034092056248,1,0
cwe399,0.03,cwe399:adv:44:30c52ca5f87dd7f3,30c52ca5f87dd7f3e78acc99efa83e6346e4236074b335892aa25d9d1f4a46be,0.18090375666046662,1,0
cwe399,0.03,cwe399:adv:45:68cc71d4616de0ac,68cc71d4616de0ac0acce256a2c7ad35609a99328b8d67c9fc6e128fde134f4b,0.18090375666046662,1,0
cwe399,0.03,cwe399:adv:46:b063a3519ed18fe0,b063a3519ed18fe0d8f470bc375377ebc7ff24185007900d770503b2dfd39d6b,0.2094849159636359,1,0
cwe399,0.03,cwe399:adv:47:4e3011b7ab6a35fe,4e3011b7ab6a35fed300ad6f98737707fb8f6f5b024f77b37b88ddfbf1411af0,0.11304928323875961,1,0
cwe399,0.03,cwe399:adv:48:ac3973eacecbc296,ac3973eacecbc2968b1ef01b4d86320a53ce7cdfe767bc66364ec904744adaa0,0.8011560960473727,0,0
cwe399,0.03,cwe399:adv:49:b0b31dd7bdb974e7,b0b31dd7bdb974e7ae00596b6e2fac68b894b6417109ba451b9f7dff372590c8,0.5718545365857961,0,0
cwe399,0.03,cwe399:adv:50:2f7296dc2e073673,2f7296dc2e07367377d147e2f600d6b8f01fc34a36ffc7831afea0e5b47045b6,0.18090375666046662,1,0
cwe399,0.03,cwe399:adv:51:d3b79280fd30b53f,d3b79280fd30b53f824d7a1290c2fdd5848a0438de83e62ba9ada0d495e001d9,0.3039421096328208,1,0
cwe399,0.03,cwe399:adv:52:367812cbb57e29dc,367812cbb57e29dcd8c1b4e9c0b7dbd3f0c5b840e53747a4aeb22156993c7638,0.39935612040905666,1,0
cwe399,0.03,cwe399:adv:53:cb1d217084264afb,cb1d217084264afb1d72d44546a1a95f961ba315836de17431a9f85b729c73f0,0.15817799195452592,1,0
cwe399,0.03,cwe399:adv:54:8b53802430ef2008,8b53802430ef2008728b6d38f140c34073c09977b3caa30bee6bcbb84d34803c,0.4010674308289733,1,0
cwe399,0.03,cwe399:adv:55:5d94ffea7827032d,5d94ffea7827032de14856359c271eb4156aaaa98861d92034faa05f6dccc933,0.22233334258746626,1,0
cwe399,0.03,cwe399:adv:56:f094976f427a6d4a,f094976f427a6d4a4beb250a9f0458158e0215b932efd0a1300b26e56bcc8be9,0.31278028778928557,1,0
cwe399,0.03,cwe399:adv:57:a6bff97d3aa52d2e,a6bff97d3aa52d2edae8faae7d21722821fc7920c71cc6ece97410b74968a3b3,0.11304928323875961,1,0
cwe399,0.03,cwe399:adv:58:585f8608bda8be16,585f8608bda8be16522c5aebe3e7a422e2ad7007dff19cc069b3a50bcd4a49d1,0.18090375666046662,1,0
cwe399,0.03,cwe399:adv:59:d481fbc1093a5455,d481fbc1093a5455483857f45bd01e2044db9e254891f2f9103bc7bf0fb7bc70,0.40120919539629546,1,0
cwe399,0.03,cwe399:adv:60:874fd504d340cb7e,874fd504d340cb7e657847c28a88773b1f63fc4cd26bfeacd6e145298a37ec4e,0.3158851331924892,1,0
cwe399,0.03,cwe399:adv:61:6895432da3ab9d9a,6895432da3ab9d9a5771ca6bafc39dc3a0cfa37f5ddf60f824d90702136708eb,0.2988552908989247,1,0
cwe399,0.03,cwe399:adv:62:67f64a457fd2dae1,67f64a457fd2dae18213985269ff02ee25de0154bb77d95ead3be4fbeab8deb7,0.8592970343284034,0,0
cwe399,0.03,cwe399:adv:63:108a88b83f3beeff,108a88b83f3beeff3d5bf92947d9ce7b8da0e7b2156f570b6b97fa8fed603151,0.012065632556824562,1,0
cwe399,0.03,cwe399:adv:64:9d05889e536b38a9,9d05889e536b38a97c7cc54593288ef870f5df6a3ab6be8ee58c7cfd157fc689,0.11782116888882634,1,0
cwe399,0.03,cwe399:adv:65:13984cfe1c70692a,13984cfe1c70692a3a341547046a40064034046dcedc440a0fa23211f8ab6090,0.8258729629608944,0,0
cwe399,0.03,cwe399:adv:66:a77ffa1cc3336dd0,a77ffa1cc3336dd061b1d657947c5bdb8df7a9f00802c3b5a859aa22ade89b6d,0.21125515407287174,1,0
cwe399,0.03,cwe399:adv:67:ab28c6cedf1837c5,ab28c6cedf1837c5e1a85388222672dd4a673e2b7df51222a671977a428af932,0.8334463192978098,0,0
cwe399,0.03,cwe399:adv:68:80803f73fc88bd6a,80803f73fc88bd6a7b3ea4768e5da9c7b2d8c4c434977d1305b8685b14fb8809,0.2791141730657569,1,0
cwe399,0.03,cwe399:adv:69:583a2284f2e284bb,583a2284f2e284bbd71d990fc5cc3c6cf7ba7f9949850380ba522e13fbde4f3f,0.22233334258746626,1,0
cwe399,0.03,cwe399:adv:70:f2246180922e1205,f2246180922e120590c6d3923e394d521da3e39dd37f536e0fc6d1124af940b9,0.5655254979906382,0,0
cwe399,0.03,cwe399:adv:71:5dbf3a931350c24f,5dbf3a931350c24fc463b2d568f95be9e0456d5e2f13f4f478a67745f76feaac,0.18550445325598586,1,0
cwe399,0.03,cwe399:adv:72:dcae8bf3f9927ee9,dcae8bf3f9927ee9b5d05f0ebcc082a860b202745b1aa118280b86102089547c,0.2094849159636359,1,0
cwe399,0.03,cwe399:adv:73:81cbb3256a67e48c,81cbb3256a67e48c3fc9e1b82f0a456925898ac07e561ac86fd13da9c1924478,0.5624673839859772,0,0
cwe399,0.03,cwe399:adv:74:bbf7f36732d82feb,bbf7f36732d82feb33bff0937bc2c1ce5a9a639ab0c83c9d4fcbed7d5c6c052e,0.4299071652926548,1,0
cwe399,0.03,cwe399:adv:75:859837a4cee07139,859837a4cee07139b04806572c4178e9f13809491fe7809fb200683eef8b6c93,0.11670370469214907,1,0
cwe399,0.03,cwe399:adv:76:f69d7b438df5067c,f69d7b438df5067cc4acf7fae0fb08b52dea40b0791c9b476ecb5d3287cf38ce,0.5044591819795186,0,0
cwe399,0.03,cwe399:adv:77:2043c3d018a5f32d,2043c3d018a5f32d3c2ed4905e7ca567901e6888d7193edd8f2ee57b191a9d97,0.14864487890788058,1,0
cwe399,0.03,cwe399:adv:78:78de37f1d7a54944,78de37f1d7a54944ed6c8a0cab95274d1e9358bf78e1a4b5baf2ae9649c7a875,0.1522872761042764,1,0
cwe399,0.03,cwe399:adv:79:4b85bc67cd57ecab,4b85bc67cd57ecab910b4582c228e57bb100bd31e5bb022200bcc1cfb1f13087,0.2094849159636359,1,0
cwe399,0.03,cwe399:adv:80:94ca9698847c14a9,94ca9698847c14a9e811f3e2cf1a2c593d0781143e413f1e3583c884ecb6c06b,0.14559101906507962,1,0
cwe399,0.03,cwe399:adv:81:7450413b7893e687,7450413b7893e687835d966057c026157e1cc982f8637632a0b2e909b72596ac,0.22233334258746626,1,0
cwe399,0.03,cwe399:adv:82:9a8afd7f2ebd0d15,9a8afd7f2ebd0d15ef37ce988fbff53e04a03a890fab71361be7de3a1e8f7758,0.010578958673957159,1,0
cwe399,0.03,cwe399:adv:83:29aa217cc4ee2c49,29aa217cc4ee2c4903e839c5f183d5634ee2304ab41e91c0222375038966e7c6,0.8450595553920902,0,0
cwe399,0.03,cwe399:adv:84:58f578cde8030657,58f578cde80306572ef65084de99b38b939dbbe4af1890f33f1321807d8f3fda,0.15817799195452592,1,0
cwe399,0.03,cwe399:adv:85:2c5d896b3033fc51,2c5d896b3033fc511aaa5d1003c16bfcd99e58902f837b06e53ce5acb30571ef,0.40120919539629546,1,0
cwe399,0.03,cwe399:adv:86:8263e1178a36ed9e,8263e1178a36ed9e536965688339b5d7826d0d8f60be48b51f427c39c7ebf5a4,0.11304928323875961,1,0
cwe399,0.03,cwe399:adv:87:21c8e6280486d23f,21c8e6280486d23f5d41e3f13238c8b722e725788afd3a2711b221c7e7ba6d60,0.11969348477792838,1,0
cwe399,0.03,cwe399:adv:88:e3e64f629e49a65c,e3e64f629e49a65c8057ae6e09748ebc398f307fc3eaacc6047d4f6a110c1428,0.44399481119485074,1,0
cwe399,0.03,cwe399:adv:89:572b6271de913a7a,572b6271de913a7a7d2e16405a63fbbdc502365101baa1de14c9f82f093b7997,0.22233334258746626,1,0
cwe399,0.03,cwe399:adv:90:5c1b1d6f350b5627,5c1b1d6f350b5627d8f110f6df077ecc04504a4e7f47bc5c50a4c8e318bab381,0.16991491693707386,1,0
cwe399,0.03,cwe399:adv:91:569ab93244a96671,569ab93244a966717cfeed5521df555adcd3d985343c7913505a1afd953af0db,0.38756140899120817,1,0
cwe399,0.03,cwe399:adv:92:37fba94415cb71d7,37fba94415cb71d7c7cb3b4073bf9321b3425e6669709e43675e1b1ea68df0d2,0.1461291863377175,1,0
cwe399,0.03,cwe399:adv:93:159e82ee0c83bab7,159e82ee0c83bab7d5988fda48d45149d583755faabfab3d27200d41cf574e72,0.6083774831626966,0,0
cwe399,0.03,cwe399:adv:94:78aa181f521e5238,78aa181f521e5238ab1e7909cc5531e1f490fa82bc325f6a2112186f3f495366,0.13657753602323416,1,0
cwe399,0.03,cwe399:adv:95:999cfeff5378450e,999cfeff5378450ee29ce30a04269c644de3d30293dc6043ce62182bd8f8cacc,0.2094849159636359,1,0
cwe399,0.03,cwe399:adv:96:5a6591f5d6a3089b,5a6591f5d6a3089b3c7e3355849dd86f88dc2e581a47c4edd3841c949364bed8,0.7984877135825479,0,0
cwe399,0.03,cwe399:adv:97:0f85a072bc483dcb,0f85a072bc483dcb8b4a79b188c722c68912c349790c79dd3614c04466e38d72,0.010578958673957159,1,0
cwe399,0.03,cwe399:adv:98:1637a8ff03c67712,1637a8ff03c67712a66111f70256fb94acbc4a3ceea7731b729eb55af565e9f0,0.5663445677821438,0,0
cwe399,0.03,cwe399:adv:99:f24752c6ff8f333a,f24752c6ff8f333a76a554a2219dc2cea65bd16943269eb2bbbee2dc5ec453ce,0.013240034092056248,1,0
cwe399,0.03,cwe399:adv:100:df57ca9793a3f23b,df57ca9793a3f23b4d20d21fc98d644c7c1330cb062672b36d0c3fb26fcf449c,0.3785782512633648,1,0
cwe399,0.03,cwe399:adv:101:4d233e98c44608b9,4d233e98c44608b9a564b5fa9125e2edbd1decf0cffd8e5f91d074af6d1f2023,0.010578958673957159,1,0
cwe399,0.03,cwe399:adv:102:09c222240bc6ff15,09c222240bc6ff15f836b3fa6b42bed713bff9fbb3a144334bd84fb342077de1,0.09605994137451339,1,0
cwe399,0.03,cwe399:adv:103:223c64da46f19d86,223c64da46f19d86fa05ba15ef143e34e64ca888d1c88775f8bed40e828954c8,0.840041288336523,0,0
cwe399,0.03,cwe399:adv:104:26111c4f499cd9ee,26111c4f499cd9eee1aa923ab0bcfe01c0b56970b9b93afc777b76fff5eae7ca,0.20276372515337412,1,0
cwe399,0.03,cwe399:adv:105:fa3abd9c4c2c5113,fa3abd9c4c2c5113e08beb5774eeef93ada576d065d49d8d23b4b120e655799e,0.012065632556824562,1,0
cwe399,0.03,cwe399:adv:106:6c7cb55391cb132c,6c7cb55391cb132c99eb89f9fa328f84dbc9d3ed6c5300b4540134510573b70d,0.21068858242512112,1,0
cwe399,0.03,cwe399:adv:107:1283798a20bcdbf7,1283798a20bcdbf740ad69f4bc5026b13caff9432d92347d2d28d642b76e3b3c,0.5542660687894199,0,0
cwe399,0.03,cwe399:adv:108:ed491397a8a653a7,ed491397a8a653a76a961b889bc4b27193986d37ab62c6a5e3ee751c8d660da5,0.21125515407287174,1,0
cwe399,0.03,cwe399:adv:109:4ccc40c52c765d87,4ccc40c52c765d8754139372add41f012d92ee90afd6a14c7e7d95d465a36372,0.6150998717999449,0,0
cwe399,0.03,cwe399:adv:110:ea2356957f6d561c,ea2356957f6d561cbf7526f6860967b0ec63b31d9e05090b679ef4fa623985f5,0.7895576673295387,0,0
cwe399,0.03,cwe399:adv:111:140b565448cf5465,140b565448cf5465f3daf71a18ff8812cca56b1092c9fc57d13d85cb3936b017,0.21234248003845646,1,0
cwe399,0.03,cwe399:adv:112:e5de6f35e86611ac,e5de6f35e86611ac098a589404a4f8a71be3baa7532f8725a4bbc542f35ed49b,0.8143723615282361,0,0
cwe399,0.03,cwe399:adv:113:8121da5fe4a332cc,8121da5fe4a332cc6e99dffa5256bdc08236410e6eb4941e4c586cde581e8f27,0.010578958673957159,1,0
cwe399,0.03,cwe399:adv:114:44c657bb0e4e79d8,44c657bb0e4e79d8b1d6ccab9542c073a199c1ca4545865b492320e5b9e3bb0d,0.8745176184945567,0,0
cwe399,0.03,cwe399:adv:115:15f05216852fb6ef,15f05216852fb6ef0ee48f204b2a742e0bb26f676b205ea3bd6ef0e870f44eea,0.8177438200649506,0,0
cwe399,0.03,cwe399:adv:116:56df294b39df0d90,56df294b39df0d904a3a4d7c509994c326779ae0b6f923a28a17cbc0063d2209,0.11782116888882634,1,0
cwe399,0.03,cwe399:adv:117:0f00945c30e46aea,0f00945c30e46aeaab6ec153dbe1d5fe87d5c5bec73c4234d88784f379b6f710,0.3431410229196078,1,0
cwe399,0.03,cwe399:adv:118:888054942a6fed13,888054942a6fed1328af8669d508f31401dc329a8e0cd8a3c02111439901c682,0.8326796409053362,0,0
cwe399,0.03,cwe399:adv:119:b22e6307e51d3243,b22e6307e51d324382bb4a554697de55c53e584127bd0b3aa6de8af8b074210b,0.012065632556824562,1,0
cwe399,0.03,cwe399:adv:120:5fb7da4f43a33a36,5fb7da4f43a33a36ace1ba380e1b31c0993c3db0bc9d1af3bed762835f78c3a8,0.30505594314251805,1,0
cwe399,0.03,cwe399:adv:121:c5cfdc2f53eb6c2a,c5cfdc2f53eb6c2a62162c6ebb0b1e0a7c951201b99a149f2978437fa715d675,0.2580919858930523,1,0
cwe399,0.03,cwe399:adv:122:757538319c5dba30,757538319c5dba3026dc1a203f1a56c27386d1d6c7b25940600a3ae63a471b61,0.11969348477792838,1,0
cwe399,0.03,cwe399:adv:123:0f8892b2176e1fdb,0f8892b2176e1fdbca3d977e4c05700487957ada8fc04d7f1e6bc6948e653999,0.8061135143992224,0,0
cwe399,0.03,cwe399:adv:124:997fd88f5ede8df1,997fd88f5ede8df1d19c1c6dcf034753301f67995f894c760e790b4a950ecb5c,0.14481356897896341,1,0
cwe399,0.03,cwe399:adv:125:0a8b658b6589752f,0a8b658b6589752f5677e714f1a8af34c66c87c3ed67f075bf485c538db2830e,0.010578958673957159,1,0
cwe399,0.03,cwe399:adv:126:c2603be7fad073dc,c2603be7fad073dce01ef98a7bd6d7b3d5772beda9ad1c94aae6a4fae0b4edf3,0.5718545365857961,0,0
cwe399,0.03,cwe399:adv:127:8e74be30fe47a6af,8e74be30fe47a6af3a0ad25ea1cd206d4cd3ff430471129d0c704b7ad31400fb,0.56267619996534,0,0
cwe399,0.03,cwe399:adv:128:311ab74387b6e9a7,311ab74387b6e9a7a90b6fc1d003d84bfc614dc30ffb2836491f2088f0a22472,0.7752949927513721,0,0
cwe399,0.03,cwe399:adv:129:29e8b1525dcb49f8,29e8b1525dcb49f8952ea0252242227a76a6d4a37f16a14ec450ae27618fe74e,0.6265580604202263,0,0
cwe399,0.03,cwe399:adv:130:835e8322ab163d21,835e8322ab163d21cac805dc623c0a32b6fb795dc1100995049ce16ed3e1e010,0.013240034092056248,1,0
cwe399,0.03,cwe399:adv:131:1759b3c00e88842e,1759b3c00e88842e262ce08fbe8b2e618eeb489b2151d3ac096114f925ef058c,0.010578958673957159,1,0
cwe399,0.03,cwe399:adv:132:24323bd4b49373a7,24323bd4b49373a72a00cb7ea2efd585d0d15e3fac2b9536e9a612e0d630cd03,0.37490421452448447,1,0
cwe399,0.03,cwe399:adv:133:592b2834fdf4df5e,592b2834fdf4df5ed93c2698e94c6c1bd9f46a54f7df126fc75f66bec4b31b9e,0.012065632556824562,1,0
cwe399,0.03,cwe399:adv:134:821bba566219ebb4,821bba566219ebb4ac50a97023c3ae5c0d259b0beee8a12846396073f4970ad9,0.18090375666046662,1,0
cwe399,0.03,cwe399:adv:135:125e2e202b49184d,125e2e202b49184dc2d1624bc003885715055febb3dd916401fc388f1afc05bd,0.8267146889142052,0,0
cwe399,0.03,cwe399:adv:136:12882908c5e527b4,12882908c5e527b41e21c6ebf227fac8d8a41b10e4b8a65cd086a489d91d4647,0.010578958673957159,1,0
cwe399,0.03,cwe399:adv:137:6e0b4b2e4fb793f8,6e0b4b2e4fb793f84b6867cf022c873df7f7c35005e0ddc7bb9dba3cc5016299,0.18090375666046662,1,0
cwe399,0.03,cwe399:adv:138:bc6f5ae2789fe9f3,bc6f5ae2789fe9f36f380e215f567bfd2f4c3a3e33e312f50bd060aada7d65ab,0.845837944142723,0,0
cwe399,0.03,cwe399:adv:139:8ff245d9f6381022,8ff245d9f6381022f5786b502a21f1a70887d510ca1b7dbf0a58c3320d782bf7,0.010578958673957159,1,0
cwe399,0.03,cwe399:adv:140:211867a60f7caf11,211867a60f7caf11e3085bc7f26a675681896042196779fdb74c7fc125e1f429,0.6081771133259335,0,0
cwe399,0.03,cwe399:adv:141:bd719e4d5e4bf975,bd719e4d5e4bf975b5dca55f32b6bc43578792642dcf51e607d278f951ea02f7,0.22233334258746626,1,0
cwe399,0.03,cwe399:adv:142:7130de2185ada6fc,7130de2185ada6fc33bce1089924ebebc60b3488b5d26af9e3d076d89c583c7b,0.23842626282068602,1,0
cwe399,0.03,cwe399:adv:143:f0a7b7bd2166cefe,f0a7b7bd2166cefe90232c424c18b64e57d307a50fd9594b1a4a7ab96482d164,0.826396947815055,0,0
cwe399,0.03,cwe399:adv:144:23bf7d431fe4a9a2,23bf7d431fe4a9a2bc11dd3754e642b83468d5ae815975d4e84da349cfcf045d,0.8579631286406392,0,0
cwe399,0.03,cwe399:adv:145:b512021531a2eb6c,b512021531a2eb6c90dac291251ae08a25e760aea345848da824ded4cff04e7e,0.18090375666046662,1,0
cwe399,0.03,cwe399:adv:146:96b9d03906c547b7,96b9d03906c547b791b8138c16842e97d7b3761123dd43825cc8a5c303d0caa4,0.19674766005067343,1,0
cwe399,0.03,cwe399:adv:147:2ab0130be0d7205b,2ab0130be0d7205b8c38befd6cf2f84f93e2e10deb655a3f650d701db9a0505e,0.29057564982859413,1,0
cwe399,0.03,cwe399:adv:148:2b1bb26768396aa6,2b1bb26768396aa6ce872049e9d6c23f563b9ab7d01136c98bda20e08879f4ec,0.23842626282068602,1,0
cwe399,0.03,cwe399:adv:149:eb39419d0afbebd8,eb39419d0afbebd8bad7a1462f7f54d047a5b2a19157a4642acb76f9b451095c,0.21125515407287174,1,0
cwe399,0.03,cwe399:adv:150:27beb91aba846e7e,27beb91aba846e7e1433277d50e7e82a865d55b72e472e44de3948dcb59e86c3,0.39935612040905666,1,0
cwe399,0.03,cwe399:adv:151:6dcf5c00e6ee7e04,6dcf5c00e6ee7e040010e726eb81b823da1c158e1f35d656cfaa9e5382cf14a8,0.814723034198394,0,0
cwe399,0.03,cwe399:adv:152:8999c7cefa4f6cb1,8999c7cefa4f6cb1ba346d22f6a99308c70e9d62cf6cf4a72b2dbb4bd35503e2,0.010578958673957159,1,0
cwe399,0.03,cwe399:adv:153:9a403ede17dcc6ec,9a403ede17dcc6ecd19f9737d84d2db07abec70766824710e538b96d51faf713,0.13218190612052386,1,0
cwe399,0.03,cwe399:adv:154:56422179c58e2dee,56422179c58e2dee746376c2b19fd63825f506a4419672f4b0c8fb53f92a2e43,0.8466090741974125,0,0
cwe399,0.03,cwe399:adv:155:645b1f6a4c7da45c,645b1f6a4c7da45c245ebccb953d93a811677ba7b0c4c052a35d67211ee3c65e,0.7790094431990447,0,0
cwe399,0.03,cwe399:adv:156:97408a95a2279724,97408a95a227972441ca3a718db938ce565f584e41bbf3bbdfc84dfaf93fa92b,0.012065632556824562,1,0
cwe399,0.03,cwe399:adv:157:6ffdc0e2f0e6f99c,6ffdc0e2f0e6f99c688ccbbb23ea05ae2abd6297ebcd8ccc82b8d1020d55aeaa,0.11969348477792838,1,0
cwe399,0.03,cwe399:adv:158:69fe4848eb938a37,69fe4848eb938a3758041c886428ef629bdb49c4ed1b9146f84c690709eb7447,0.012065632556824562,1,0
cwe399,0.03,cwe399:adv:159:48e3a6742e682ac9,48e3a6742e682ac972c5f79f38d05f59b72c998711e0db5b9ff14ae8e5a0d289,0.6150998717999449,0,0
cwe399,0.03,cwe399:adv:160:a77478cc063a19f6,a77478cc063a19f66d9549cb336de24f4c6a1c819983b4788267c78fd5ff7e58,0.5911295149031801,0,0
cwe399,0.03,cwe399:adv:161:3139165dc0e7fd3a,3139165dc0e7fd3a8daddf6e93137b7f4c522c5c7ba2130943e2c45de51299a3,0.31278028778928557,1,0
cwe399,0.03,cwe399:adv:162:ce4dfacc4ae1a815,ce4dfacc4ae1a815488e7bcc321f9ed7c2c357571897b30f7c5ae32ea3b5f437,0.8600794605457128,0,0
cwe399,0.03,cwe399:adv:163:5b62369678dce46f,5b62369678dce46f9f9a893a0850966b8b560ed86e8ed89e35f3ee93e9c44c31,0.7669076033102131,0,0
cwe399,0.03,cwe399:adv:164:eb40e2baf10a70d1,eb40e2baf10a70d118c5302fa5990b7fee1f6b9da003c75c27e8489fd96c73f5,0.3308859485587778,1,0
cwe399,0.03,cwe399:adv:165:69004c0c671c22a2,69004c0c671c22a20fd2bd0043c2104663db1c41633fe65f00c5ffaf0512f50b,0.14559101906507962,1,0
cwe399,0.03,cwe399:adv:166:ce3601d7d80043f6,ce3601d7d80043f6d883f1b59476cb561eaadc40a432f034f57e92423fd54579,0.11999767540308888,1,0
cwe399,0.03,cwe399:adv:167:fa68ed6160a88828,fa68ed6160a88828ca2fb03eeba53ab8f05175308ff9a947cb434ac1f07c2231,0.7387572556740116,0,0
cwe399,0.03,cwe399:adv:168:2c31d86b22eb86f9,2c31d86b22eb86f914bfa6fb37765e30e0ffebd20dc8ecc560ef7cfc3f7b0c6f,0.3921465479639239,1,0
cwe399,0.03,cwe399:adv:169:4e91113832dc4aa4,4e91113832dc4aa471b29b00d08c01ee6786044ecbecfaca2e0969fd2d12b064,0.16312425022762747,1,0
cwe399,0.03,cwe399:adv:170:d79151d0e1938c63,d79151d0e1938c63dde6ea0c1028bbf6dd25f73fbfd5b2cebabbd4afc325090b,0.5815063965354499,0,0
cwe399,0.03,cwe399:adv:171:07c329bfbde29d43,07c329bfbde29d43ddc0611976370e67d26750d39946770cc9b4906186411153,0.6150998717999449,0,0
cwe399,0.03,cwe399:adv:172:379566236f4bd30d,379566236f4bd30d3b214e5d2fb79ce4deaf918b74573a68911929004802c7c9,0.012065632556824562,1,0
cwe399,0.03,cwe399:adv:173:84c7b6c0f0d1587e,84c7b6c0f0d1587e45a7e7368aeb18417a531e3f1c89c55401921eb14556be08,0.12405711294760238,1,0
cwe399,0.03,cwe399:adv:174:55c1dbbd07dbef2a,55c1dbbd07dbef2a6e2297a5197d6ae0cb2d2987ab68bb9c1ff3bd9373508d75,0.22233334258746626,1,0
cwe399,0.03,cwe399:adv:175:a7f8c23f5ade063b,a7f8c23f5ade063b1652ec8f21d30a5213ee75541e38c4f288c97b567e87595e,0.5781396311177498,0,0
cwe399,0.03,cwe399:adv:176:514de3322726622c,514de3322726622c7964cfdf54670e9729e3cf92ae508231d4c9c983dfab4630,0.5533830538705863,0,0
cwe399,0.03,cwe399:adv:177:687b6bd239915e70,687b6bd239915e7048e2c3ea6fa9b7097bebc38109396643466f887441bfb51b,0.010578958673957159,1,0
cwe399,0.03,cwe399:adv:178:5192d19a4cc97878,5192d19a4cc978785eb237bb504a452429215ef287f855f30292a97f73c129f4,0.18090375666046662,1,0
cwe399,0.03,cwe399:adv:179:85d18d600633dd77,85d18d600633dd77bebec1ca5732d3ece2192aca92fd58cc460f64d48f7f87ea,0.22233334258746626,1,0
cwe399,0.03,cwe399:adv:180:945049a7a2626d24,945049a7a2626d2474ad0331022b167c2808986fa4bbbafe343d8a5276be7f05,0.47712541223167937,1,0
cwe399,0.03,cwe399:adv:181:1263f9c2d95b9db1,1263f9c2d95b9db18149aa0cfa94fb10ee57ec8058ea69ebf7e06cbfc920476e,0.3023308766899161,1,0
cwe399,0.03,cwe399:adv:182:b7edcd4f08c40854,b7edcd4f08c40854630aa7285433e768394a32908ec3caf2b3fa77c483de6c9e,0.012065632556824562,1,0
cwe399,0.03,cwe399:adv:183:65da473842e0de04,65da473842e0de04fdb300234e0e223a4797b8f435e6291e8cdb3f9af8bf8d6f,0.2094849159636359,1,0
cwe399,0.03,cwe399:adv:184:26981e2f1a89cbd1,26981e2f1a89cbd19a566939303a4805f37b338d243a3a4326b3f2931b9c8776,0.23842626282068602,1,0
cwe399,0.03,cwe399:adv:185:307e9aeed3c30e11,307e9aeed3c30e11285f235e0ab362dae26beaee7f208cddaf0369593f00e71d,0.3512507944924097,1,0
cwe399,0.03,cwe399:adv:186:b8c820e603e3cd15,b8c820e603e3cd15493e4f667bee816f9b11ba658291a476d1e0fad2ec1d48fe,0.010578958673957159,1,0
cwe399,0.03,cwe399:adv:187:a4db3fba82f3191a,a4db3fba82f3191a9f49e0486fc353afa2157d1edd9042260d6ab40e8a206d2d,0.7427758663527898,0,0
cwe399,0.03,cwe399:adv:188:386326dd6814f868,386326dd6814f868e21eae7434bec3ea8cdec178d6ad601a84f1c2422d940616,0.11204121730760497,1,0
cwe399,0.03,cwe399:adv:189:b9d3f99d48314d3a,b9d3f99d48314d3a6d7300dee554ee2543e7d6bb04e24d53a3c7c072a4d29279,0.16312425022762747,1,0
cwe399,0.03,cwe399:adv:190:74f16ea601a348f7,74f16ea601a348f7017ce77cc902cd60cc73e93db5a9d8a7ba9f4d6e25f18327,0.7883877285539606,0,0
cwe399,0.03,cwe399:adv:191:f8c9048d24a490d9,f8c9048d24a490d95cb4a4c8bd06fb4666b9dc5d6e76022c2a60abf257c5bbd8,0.6161464141864635,0,0
cwe399,0.03,cwe399:adv:192:45255474bb85aaeb,45255474bb85aaebeb1224ed393b4c988e027f44eb69e7b9c7147d517a4685bc,0.23842626282068602,1,0
cwe399,0.03,cwe399:adv:193:5e83433f355ec3cf,5e83433f355ec3cf7a8453e903cd8cf5890141f095726bd983e7a58ec63f0009,0.18090375666046662,1,0
cwe399,0.03,cwe399:adv:194:3f617d7070af58b4,3f617d7070af58b49aa2d06bc414841a0d2beb5bca47de809e75b41bcbc48c57,0.012065632556824562,1,0
cwe399,0.03,cwe399:adv:195:06ec648195c04a8f,06ec648195c04a8f1aa2ec4e43698dfae5d373b9f897262007294cb96f2e18fa,0.19107440939719084,1,0
cwe399,0.03,cwe399:adv:196:cab45e171baedb02,cab45e171baedb028fb2144d4b7e23e30c0654e7768c688c98c19b449e546139,0.2094849159636359,1,0
cwe399,0.03,cwe399:adv:197:353be453b5c9e0ec,353be453b5c9e0ec3ef8bb9f2f96f5a2835c3d31011a462520d5f25dc9b016bf,0.7680004501594343,0,0
cwe399,0.03,cwe399:adv:198:67ccf31b8f678788,67ccf31b8f678788825731dc508f194a29c16adb06a2dc4f1b60bd4674965788,0.010578958673957159,1,0
cwe399,0.03,cwe399:adv:199:b89ccadab8a0161f,b89ccadab8a0161fd082ece174777decfda1b434638bf12f7cdea295cacb4a35,0.626685628458424,0,0
cwe399,0.05,cwe399:adv:0:825261a64474a426,825261a64474a426c9afde06e780024dc8dd1b531cd1ceec46b3d991f4bf226e,0.010578958673957159,1,0
cwe399,0.05,cwe399:adv:1:4cd72e746ae52ec5,4cd72e746ae52ec586915880ab26a3aabd7131506be2999d0de29caed3d39425,0.5667065609973081,0,0
cwe399,0.05,cwe399:adv:2:5a79dc112b114d95,5a79dc112b114d9556c97ac35ff98b1e10bd9a6a0dd1a39bf0fb15600cc09304,0.29057564982859413,1,0
cwe399,0.05,cwe399:adv:3:f00c5a2bf8339c94,f00c5a2bf8339c9468f72db40e6e3ceafe91f1fe0c3491190c95e6fda311fd53,0.012065632556824562,1,0
cwe399,0.05,cwe399:adv:4:4dd10a4c9bc2e9c8,4dd10a4c9bc2e9c88e2ca46bcda3b4a1972b1fddd63a058a8c92f5efda869da7,0.31278028778928557,1,0
cwe399,0.05,cwe399:adv:5:55e2e21c62061468,55e2e21c6206146844c79a7e4bf6d3e7f3860c95d4e38c74e006ba0b040cd078,0.7460456686918306,0,0
cwe399,0.05,cwe399:adv:6:19cff4b0ca3b08a2,19cff4b0ca3b08a210867814a90e0521504d9d443953fad40f34514ec92288aa,0.16312425022762747,1,0
cwe399,0.05,cwe399:adv:7:b0528b44e33792e1,b0528b44e33792e11dd2a619b5e78a5dcfcb8cdff5afb68b7df8dbcce96a11a9,0.010578958673957159,1,0
cwe399,0.05,cwe399:adv:8:857456b374e9e9f5,857456b374e9e9f51a64de8313b44146292a658fd023907f7b8e9cb8aa7fc5da,0.39761806183348436,1,0
cwe399,0.05,cwe399:adv:9:6f30b478652fab2c,6f30b478652fab2c1f3043ae4714adcec8b361e5eef0c57d36d88e938463ba4a,0.3785782512633648,1,0
cwe399,0.05,cwe399:adv:10:b2948872b2a430fd,b2948872b2a430fd8cf93a0f97cdf9bb561c899bf67fc6b48d5f499a1e52883c,0.010578958673957159,1,0
cwe399,0.05,cwe399:adv:11:8e2ec18cf93f9c73,8e2ec18cf93f9c73feb37176bfd68e46d3aba1d47c2969d60d8279b931bb1692,0.4153762863208792,1,0
cwe399,0.05,cwe399:adv:12:fe7c963dab7d2045,fe7c963dab7d20459b06d2cf53a0fc7b34d5e88b9a786c66e3f1fe25484994d9,0.3431410229196078,1,0
cwe399,0.05,cwe399:adv:13:ad3662befcb0a44c,ad3662befcb0a44c5e104b783b29b5c9bc1306e35d6ffc00c0ec22a3075066fe,0.39935612040905666,1,0
cwe399,0.05,cwe399:adv:14:5c10b7729e49a659,5c10b7729e49a659a1ea6513569e62906a369024f3e619b160cad76b342b9f6f,0.14559101906507962,1,0
cwe399,0.05,cwe399:adv:15:0d352ef9c2aa37dc,0d352ef9c2aa37dc288fff273215f377ad262c95ae1ededd4075ed63b5023d40,0.2521332604096958,1,0
cwe399,0.05,cwe399:adv:16:f454b321b2f4ce4d,f454b321b2f4ce4daebf8e451b536626397b0b5dec7850d6b1a41f0947f17af6,0.18090375666046662,1,0
cwe399,0.05,cwe399:adv:17:d1819db886a6f955,d1819db886a6f9559b7350d88ee5842cc713c0837a1da0a43671fddc0c56654a,0.6413241905419536,0,0
cwe399,0.05,cwe399:adv:18:d1e0bdee6afc5e10,d1e0bdee6afc5e101a2389e7e7c49928d6f22daeb83847e20c4a616bc0ac1321,0.012065632556824562,1,0
cwe399,0.05,cwe399:adv:19:8e857bbcd8705a36,8e857bbcd8705a36306e2c4274712ec6535c71158dd36f32c957c66b8337f9d9,0.23842626282068602,1,0
cwe399,0.05,cwe399:adv:20:b6c025b99e630904,b6c025b99e630904d1e7189ee0d65733410b5162a9df7697318baaadb85ae8f4,0.010578958673957159,1,0
cwe399,0.05,cwe399:adv:21:26cfc40bca7ad469,26cfc40bca7ad4699f61bfb851a851cbf471cd4dc0415f60e4524704eb306bc7,0.4157846022168851,1,0
cwe399,0.05,cwe399:adv:22:5c58904922def654,5c58904922def654b9741c9ef95ad8b9006708465ce6cb87cef59e1f25e904d6,0.35900655130407105,1,0
cwe399,0.05,cwe399:adv:23:993c920033e60f98,993c920033e60f98ecbaf90ca80f086ab65a96a5b48828d8fccaa181c9b307bb,0.22233334258746626,1,0
cwe399,0.05,cwe399:adv:24:cc0aadd2791283ce,cc0aadd2791283ce2343949f29f1a0169def71836fde5a532886f676e46864f1,0.8255316788234176,0,0
cwe399,0.05,cwe399:adv:25:af1dc7b3564d73cf,af1dc7b3564d73cf0d5d03f4e0a39765fe9159ef63f18fbdca1f019d66718f85,0.010578958673957159,1,0
cwe399,0.05,cwe399:adv:26:a37de0aaffee9fbf,a37de0aaffee9fbf9239038ab2bbcbb46ce9f4a4cb03803b9d8a6c46a5a88206,0.7926503557285404,0,0
cwe399,0.05,cwe399:adv:27:a701f9b1a31d5888,a701f9b1a31d5888ad11cf1f38a85f567c1dd1d1deb2aa5e425bd67766b6aa86,0.6019855648002168,0,0
cwe399,0.05,cwe399:adv:28:5d9a7dc9bd522472,5d9a7dc9bd522472dcad79a7e4f5004071d5389fd438b9b243622c3c2eb82842,0.010578958673957159,1,0
cwe399,0.05,cwe399:adv:29:2ba3b9f3b259a1ec,2ba3b9f3b259a1ec7ce318ab716a2f43de82edd9939214e784c43c263f3d0269,0.7914705536173651,0,0
cwe399,0.05,cwe399:adv:30:9acc28392eae2369,9acc28392eae2369a26872d1a69be0c5bd65d7a6ee6f2821cdaf91efce50d882,0.8449786292589611,0,0
cwe399,0.05,cwe399:adv:31:f568e5c676b96f38,f568e5c676b96f386dcb8262ff65917e17231aae2db65359fa932dc277ad59da,0.22233334258746626,1,0
cwe399,0.05,cwe399:adv:32:7afb7b89d52e4370,7afb7b89d52e4370fbd79e4c783f1cbc2d57d0c9f421c6cfd449224738e21423,0.8136120711284693,0,0
cwe399,0.05,cwe399:adv:33:eaf1ea2786561fe4,eaf1ea2786561fe47dd89583b883e3f7ae8610e3635aca8cd69ccde903e438dd,0.18090375666046662,1,0
cwe399,0.05,cwe399:adv:34:984ab4a7f86f3998,984ab4a7f86f39983112f9575e6f481ffb695354aa62a1c4173f7dfc807938a8,0.1517930004132925,1,0
cwe399,0.05,cwe399:adv:35:5cc50275ea65bf62,5cc50275ea65bf624fc72bfb97478aa496b7e676f9993835eb392e5703d897c1,0.2993642113878651,1,0
cwe399,0.05,cwe399:adv:36:07484a1b220905ac,07484a1b220905acc3d486da9ab823b8de13ac8e511ad183267c4ec07e4c33ba,0.8011473011620396,0,0
cwe399,0.05,cwe399:adv:37:2e71be0ea331506f,2e71be0ea331506fa692f696b4a5b4b3986ef980fa22c4852cd1be0e87e1d591,0.18550445325598586,1,0
cwe399,0.05,cwe399:adv:38:435775cc9b332968,435775cc9b33296845109bad81d66f7456dd7e0dace0db920126fffc76b17263,0.2094849159636359,1,0
cwe399,0.05,cwe399:adv:39:04928c410524e2b7,04928c410524e2b746d7bb330ae413400b2bcee8a87b79bddc399c7478c023da,0.6429708771576909,0,0
cwe399,0.05,cwe399:adv:40:28181416e901eedc,28181416e901eedc91e48ffe3ac3d030f07e1b88ddc860e90abb5de24baaccb5,0.8610531816386606,0,0
cwe399,0.05,cwe399:adv:41:f653a56097702a54,f653a56097702a542d9bdc4d69016ffb7f434d0ac0dbfd3c819b178ed6924855,0.18090375666046662,1,0
cwe399,0.05,cwe399:adv:42:cdc7838e41a57a25,cdc7838e41a57a2575b0c29b95f004bc2c9983b2ae773d286f41c1f352824b34,0.84505974875899,0,0
cwe399,0.05,cwe399:adv:43:30a50507d1673cf0,30a50507d1673cf027798c63f4e72b3224705010083ead602e799bedc6fccfa1,0.013240034092056248,1,0
cwe399,0.05,cwe399:adv:44:30c52ca5f87dd7f3,30c52ca5f87dd7f3e78acc99efa83e6346e4236074b335892aa25d9d1f4a46be,0.18090375666046662,1,0
cwe399,0.05,cwe399:adv:45:68cc71d4616de0ac,68cc71d4616de0ac0acce256a2c7ad35609a99328b8d67c9fc6e128fde134f4b,0.18090375666046662,1,0
cwe399,0.05,cwe399:adv:46:b063a3519ed18fe0,b063a3519ed18fe0d8f470bc375377ebc7ff24185007900d770503b2dfd39d6b,0.2094849159636359,1,0
cwe399,0.05,cwe399:adv:47:4e3011b7ab6a35fe,4e3011b7ab6a35fed300ad6f98737707fb8f6f5b024f77b37b88ddfbf1411af0,0.11304928323875961,1,0
cwe399,0.05,cwe399:adv:48:ac3973eacecbc296,ac3973eacecbc2968b1ef01b4d86320a53ce7cdfe767bc66364ec904744adaa0,0.8011560960473727,0,0
cwe399,0.05,cwe399:adv:49:b0b31dd7bdb974e7,b0b31dd7bdb974e7ae00596b6e2fac68b894b6417109ba451b9f7dff372590c8,0.5718545365857961,0,0
cwe399,0.05,cwe399:adv:50:2f7296dc2e073673,2f7296dc2e07367377d147e2f600d6b8f01fc34a36ffc7831afea0e5b47045b6,0.18090375666046662,1,0
cwe399,0.05,cwe399:adv:51:d3b79280fd30b53f,d3b79280fd30b53f824d7a1290c2fdd5848a0438de83e62ba9ada0d495e001d9,0.3039421096328208,1,0
cwe399,0.05,cwe399:adv:52:367812cbb57e29dc,367812cbb57e29dcd8c1b4e9c0b7dbd3f0c5b840e53747a4aeb22156993c7638,0.39935612040905666,1,0
cwe399,0.05,cwe399:adv:53:cb1d217084264afb,cb1d217084264afb1d72d44546a1a95f961ba315836de17431a9f85b729c73f0,0.15817799195452592,1,0
cwe399,0.05,cwe399:adv:54:8b53802430ef2008,8b53802430ef2008728b6d38f140c34073c09977b3caa30bee6bcbb84d34803c,0.4010674308289733,1,0
cwe399,0.05,cwe399:adv:55:5d94ffea7827032d,5d94ffea7827032de14856359c271eb4156aaaa98861d92034faa05f6dccc933,0.22233334258746626,1,0
cwe399,0.05,cwe399:adv:56:f094976f427a6d4a,f094976f427a6d4a4beb250a9f0458158e0215b932efd0a1300b26e56bcc8be9,0.31278028778928557,1,0
cwe399,0.05,cwe399:adv:57:a6bff97d3aa52d2e,a6bff97d3aa52d2edae8faae7d21722821fc7920c71cc6ece97410b74968a3b3,0.11304928323875961,1,0
cwe399,0.05,cwe399:adv:58:585f8608bda8be16,585f8608bda8be16522c5aebe3e7a422e2ad7007dff19cc069b3a50bcd4a49d1,0.18090375666046662,1,0
cwe399,0.05,cwe399:adv:59:d481fbc1093a5455,d481fbc1093a5455483857f45bd01e2044db9e254891f2f9103bc7bf0fb7bc70,0.40120919539629546,1,0
cwe399,0.05,cwe399:adv:60:874fd504d340cb7e,874fd504d340cb7e657847c28a88773b1f63fc4cd26bfeacd6e145298a37ec4e,0.3158851331924892,1,0
cwe399,0.05,cwe399:adv:61:6895432da3ab9d9a,6895432da3ab9d9a5771ca6bafc39dc3a0cfa37f5ddf60f824d90702136708eb,0.2988552908989247,1,0
cwe399,0.05,cwe399:adv:62:67f64a457fd2dae1,67f64a457fd2dae18213985269ff02ee25de0154bb77d95ead3be4fbeab8deb7,0.8592970343284034,0,0
cwe399,0.05,cwe399:adv:63:108a88b83f3beeff,108a88b83f3beeff3d5bf92947d9ce7b8da0e7b2156f570b6b97fa8fed603151,0.012065632556824562,1,0
cwe399,0.05,cwe399:adv:64:9d05889e536b38a9,9d05889e536b38a97c7cc54593288ef870f5df6a3ab6be8ee58c7cfd157fc689,0.11782116888882634,1,0
cwe399,0.05,cwe399:adv:65:13984cfe1c70692a,13984cfe1c70692a3a341547046a40064034046dcedc440a0fa23211f8ab6090,0.8258729629608944,0,0
cwe399,0.05,cwe399:adv:66:a77ffa1cc3336dd0,a77ffa1cc3336dd061b1d657947c5bdb8df7a9f00802c3b5a859aa22ade89b6d,0.21125515407287174,1,0
cwe399,0.05,cwe399:adv:67:ab28c6cedf1837c5,ab28c6cedf1837c5e1a85388222672dd4a673e2b7df51222a671977a428af932,0.8334463192978098,0,0
cwe399,0.05,cwe399:adv:68:80803f73fc88bd6a,80803f73fc88bd6a7b3ea4768e5da9c7b2d8c4c434977d1305b8685b14fb8809,0.2791141730657569,1,0
cwe399,0.05,cwe399:adv:69:583a2284f2e284bb,583a2284f2e284bbd71d990fc5cc3c6cf7ba7f9949850380ba522e13fbde4f3f,0.22233334258746626,1,0
cwe399,0.05,cwe399:adv:70:f2246180922e1205,f2246180922e120590c6d3923e394d521da3e39dd37f536e0fc6d1124af940b9,0.5655254979906382,0,0
cwe399,0.05,cwe399:adv:71:5dbf3a931350c24f,5dbf3a931350c24fc463b2d568f95be9e0456d5e2f13f4f478a67745f76feaac,0.18550445325598586,1,0
cwe399,0.05,cwe399:adv:72:dcae8bf3f9927ee9,dcae8bf3f9927ee9b5d05f0ebcc082a860b202745b1aa118280b86102089547c,0.2094849159636359,1,0
cwe399,0.05,cwe399:adv:73:81cbb3256a67e48c,81cbb3256a67e48c3fc9e1b82f0a456925898ac07e561ac86fd13da9c1924478,0.5624673839859772,0,0
cwe399,0.05,cwe399:adv:74:bbf7f36732d82feb,bbf7f36732d82feb33bff0937bc2c1ce5a9a639ab0c83c9d4fcbed7d5c6c052e,0.4299071652926548,1,0
cwe399,0.05,cwe399:adv:75:859837a4cee07139,859837a4cee07139b04806572c4178e9f13809491fe7809fb200683eef8b6c93,0.11670370469214907,1,0
cwe399,0.05,cwe399:adv:76:f69d7b438df5067c,f69d7b438df5067cc4acf7fae0fb08b52dea40b0791c9b476ecb5d3287cf38ce,0.5044591819795186,0,0
cwe399,0.05,cwe399:adv:77:2043c3d018a5f32d,2043c3d018a5f32d3c2ed4905e7ca567901e6888d7193edd8f2ee57b191a9d97,0.14864487890788058,1,0
cwe399,0.05,cwe399:adv:78:78de37f1d7a54944,78de37f1d7a54944ed6c8a0cab95274d1e9358bf78e1a4b5baf2ae9649c7a875,0.1522872761042764,1,0
cwe399,0.05,cwe399:adv:79:4b85bc67cd57ecab,4b85bc67cd57ecab910b4582c228e57bb100bd31e5bb022200bcc1cfb1f13087,0.2094849159636359,1,0
cwe399,0.05,cwe399:adv:80:94ca9698847c14a9,94ca9698847c14a9e811f3e2cf1a2c593d0781143e413f1e3583c884ecb6c06b,0.14559101906507962,1,0
cwe399,0.05,cwe399:adv:81:7450413b7893e687,7450413b7893e687835d966057c026157e1cc982f8637632a0b2e909b72596ac,0.22233334258746626,1,0
cwe399,0.05,cwe399:adv:82:9a8afd7f2ebd0d15,9a8afd7f2ebd0d15ef37ce988fbff53e04a03a890fab71361be7de3a1e8f7758,0.010578958673957159,1,0
cwe399,0.05,cwe399:adv:83:29aa217cc4ee2c49,29aa217cc4ee2c4903e839c5f183d5634ee2304ab41e91c0222375038966e7c6,0.8450595553920902,0,0
cwe399,0.05,cwe399:adv:84:58f578cde8030657,58f578cde80306572ef65084de99b38b939dbbe4af1890f33f1321807d8f3fda,0.15817799195452592,1,0
cwe399,0.05,cwe399:adv:85:2c5d896b3033fc51,2c5d896b3033fc511aaa5d1003c16bfcd99e58902f837b06e53ce5acb30571ef,0.40120919539629546,1,0
cwe399,0.05,cwe399:adv:86:8263e1178a36ed9e,8263e1178a36ed9e536965688339b5d7826d0d8f60be48b51f427c39c7ebf5a4,0.11304928323875961,1,0
cwe399,0.05,cwe399:adv:87:21c8e6280486d23f,21c8e6280486d23f5d41e3f13238c8b722e725788afd3a2711b221c7e7ba6d60,0.11969348477792838,1,0
cwe399,0.05,cwe399:adv:88:e3e64f629e49a65c,e3e64f629e49a65c8057ae6e09748ebc398f307fc3eaacc6047d4f6a110c1428,0.44399481119485074,1,0
cwe399,0.05,cwe399:adv:89:572b6271de913a7a,572b6271de913a7a7d2e16405a63fbbdc502365101baa1de14c9f82f093b7997,0.22233334258746626,1,0
cwe399,0.05,cwe399:adv:90:5c1b1d6f350b5627,5c1b1d6f350b5627d8f110f6df077ecc04504a4e7f47bc5c50a4c8e318bab381,0.16991491693707386,1,0
cwe399,0.05,cwe399:adv:91:569ab93244a96671,569ab93244a966717cfeed5521df555adcd3d985343c7913505a1afd953af0db,0.38756140899120817,1,0
cwe399,0.05,cwe399:adv:92:37fba94415cb71d7,37fba94415cb71d7c7cb3b4073bf9321b3425e6669709e43675e1b1ea68df0d2,0.1461291863377175,1,0
cwe399,0.05,cwe399:adv:93:159e82ee0c83bab7,159e82ee0c83bab7d5988fda48d45149d583755faabfab3d27200d41cf574e72,0.6083774831626966,0,0
cwe399,0.05,cwe399:adv:94:78aa181f521e5238,78aa181f521e5238ab1e7909cc5531e1f490fa82bc325f6a2112186f3f495366,0.13657753602323416,1,0
cwe399,0.05,cwe399:adv:95:999cfeff5378450e,999cfeff5378450ee29ce30a04269c644de3d30293dc6043ce62182bd8f8cacc,0.2094849159636359,1,0
cwe399,0.05,cwe399:adv:96:5a6591f5d6a3089b,5a6591f5d6a3089b3c7e3355849dd86f88dc2e581a47c4edd3841c949364bed8,0.7984877135825479,0,0
cwe399,0.05,cwe399:adv:97:0f85a072bc483dcb,0f85a072bc483dcb8b4a79b188c722c68912c349790c79dd3614c04466e38d72,0.010578958673957159,1,0
cwe399,0.05,cwe399:adv:98:1637a8ff03c67712,1637a8ff03c67712a66111f70256fb94acbc4a3ceea7731b729eb55af565e9f0,0.5663445677821438,0,0
cwe399,0.05,cwe399:adv:99:f24752c6ff8f333a,f24752c6ff8f333a76a554a2219dc2cea65bd16943269eb2bbbee2dc5ec453ce,0.013240034092056248,1,0
cwe399,0.05,cwe399:adv:100:df57ca9793a3f23b,df57ca9793a3f23b4d20d21fc98d644c7c1330cb062672b36d0c3fb26fcf449c,0.3785782512633648,1,0
cwe399,0.05,cwe399:adv:101:4d233e98c44608b9,4d233e98c44608b9a564b5fa9125e2edbd1decf0cffd8e5f91d074af6d1f2023,0.010578958673957159,1,0
cwe399,0.05,cwe399:adv:102:09c222240bc6ff15,09c222240bc6ff15f836b3fa6b42bed713bff9fbb3a144334bd84fb342077de1,0.09605994137451339,1,0
cwe399,0.05,cwe399:adv:103:223c64da46f19d86,223c64da46f19d86fa05ba15ef143e34e64ca888d1c88775f8bed40e828954c8,0.840041288336523,0,0
cwe399,0.05,cwe399:adv:104:26111c4f499cd9ee,26111c4f499cd9eee1aa923ab0bcfe01c0b56970b9b93afc777b76fff5eae7ca,0.20276372515337412,1,0
cwe399,0.05,cwe399:adv:105:fa3abd9c4c2c5113,fa3abd9c4c2c5113e08beb5774eeef93ada576d065d49d8d23b4b120e655799e,0.012065632556824562,1,0
cwe399,0.05,cwe399:adv:106:6c7cb55391cb132c,6c7cb55391cb132c99eb89f9fa328f84dbc9d3ed6c5300b4540134510573b70d,0.21068858242512112,1,0
cwe399,0.05,cwe399:adv:107:1283798a20bcdbf7,1283798a20bcdbf740ad69f4bc5026b13caff9432d92347d2d28d642b76e3b3c,0.5542660687894199,0,0
cwe399,0.05,cwe399:adv:108:ed491397a8a653a7,ed491397a8a653a76a961b889bc4b27193986d37ab62c6a5e3ee751c8d660da5,0.21125515407287174,1,0
cwe399,0.05,cwe399:adv:109:4ccc40c52c765d87,4ccc40c52c765d8754139372add41f012d92ee90afd6a14c7e7d95d465a36372,0.6150998717999449,0,0
cwe399,0.05,cwe399:adv:110:ea2356957f6d561c,ea2356957f6d561cbf7526f6860967b0ec63b31d9e05090b679ef4fa623985f5,0.7895576673295387,0,0
cwe399,0.05,cwe399:adv:111:140b565448cf5465,140b565448cf5465f3daf71a18ff8812cca56b1092c9fc57d13d85cb3936b017,0.21234248003845646,1,0
cwe399,0.05,cwe399:adv:112:e5de6f35e86611ac,e5de6f35e86611ac098a589404a4f8a71be3baa7532f8725a4bbc542f35ed49b,0.8143723615282361,0,0
cwe399,0.05,cwe399:adv:113:8121da5fe4a332cc,8121da5fe4a332cc6e99dffa5256bdc08236410e6eb4941e4c586cde581e8f27,0.010578958673957159,1,0
cwe399,0.05,cwe399:adv:114:44c657bb0e4e79d8,44c657bb0e4e79d8b1d6ccab9542c073a199c1ca4545865b492320e5b9e3bb0d,0.8745176184945567,0,0
cwe399,0.05,cwe399:adv:115:15f05216852fb6ef,15f05216852fb6ef0ee48f204b2a742e0bb26f676b205ea3bd6ef0e870f44eea,0.8177438200649506,0,0
cwe399,0.05,cwe399:adv:116:56df294b39df0d90,56df294b39df0d904a3a4d7c509994c326779ae0b6f923a28a17cbc0063d2209,0.11782116888882634,1,0
cwe399,0.05,cwe399:adv:117:0f00945c30e46aea,0f00945c30e46aeaab6ec153dbe1d5fe87d5c5bec73c4234d88784f379b6f710,0.3431410229196078,1,0
cwe399,0.05,cwe399:adv:118:888054942a6fed13,888054942a6fed1328af8669d508f31401dc329a8e0cd8a3c02111439901c682,0.8326796409053362,0,0
cwe399,0.05,cwe399:adv:119:b22e6307e51d3243,b22e6307e51d324382bb4a554697de55c53e584127bd0b3aa6de8af8b074210b,0.012065632556824562,1,0
cwe399,0.05,cwe399:adv:120:5fb7da4f43a33a36,5fb7da4f43a33a36ace1ba380e1b31c0993c3db0bc9d1af3bed762835f78c3a8,0.30505594314251805,1,0
cwe399,0.05,cwe399:adv:121:c5cfdc2f53eb6c2a,c5cfdc2f53eb6c2a62162c6ebb0b1e0a7c951201b99a149f2978437fa715d675,0.2580919858930523,1,0
cwe399,0.05,cwe399:adv:122:757538319c5dba30,757538319c5dba3026dc1a203f1a56c27386d1d6c7b25940600a3ae63a471b61,0.11969348477792838,1,0
cwe399,0.05,cwe399:adv:123:0f8892b2176e1fdb,0f8892b2176e1fdbca3d977e4c05700487957ada8fc04d7f1e6bc6948e653999,0.8061135143992224,0,0
cwe399,0.05,cwe399:adv:124:997fd88f5ede8df1,997fd88f5ede8df1d19c1c6dcf034753301f67995f894c760e790b4a950ecb5c,0.14481356897896341,1,0
cwe399,0.05,cwe399:adv:125:0a8b658b6589752f,0a8b658b6589752f5677e714f1a8af34c66c87c3ed67f075bf485c538db2830e,0.010578958673957159,1,0
cwe399,0.05,cwe399:adv:126:c2603be7fad073dc,c2603be7fad073dce01ef98a7bd6d7b3d5772beda9ad1c94aae6a4fae0b4edf3,0.5718545365857961,0,0
cwe399,0.05,cwe399:adv:127:8e74be30fe47a6af,8e74be30fe47a6af3a0ad25ea1cd206d4cd3ff430471129d0c704b7ad31400fb,0.56267619996534,0,0
cwe399,0.05,cwe399:adv:128:311ab74387b6e9a7,311ab74387b6e9a7a90b6fc1d003d84bfc614dc30ffb2836491f2088f0a22472,0.7752949927513721,0,0
cwe399,0.05,cwe399:adv:129:29e8b1525dcb49f8,29e8b1525dcb49f8952ea0252242227a76a6d4a37f16a14ec450ae27618fe74e,0.6265580604202263,0,0
cwe399,0.05,cwe399:adv:130:835e8322ab163d21,835e8322ab163d21cac805dc623c0a32b6fb795dc1100995049ce16ed3e1e010,0.013240034092056248,1,0
cwe399,0.05,cwe399:adv:131:1759b3c00e88842e,1759b3c00e88842e262ce08fbe8b2e618eeb489b2151d3ac096114f925ef058c,0.010578958673957159,1,0
cwe399,0.05,cwe399:adv:132:24323bd4b49373a7,24323bd4b49373a72a00cb7ea2efd585d0d15e3fac2b9536e9a612e0d630cd03,0.37490421452448447,1,0
cwe399,0.05,cwe399:adv:133:592b2834fdf4df5e,592b2834fdf4df5ed93c2698e94c6c1bd9f46a54f7df126fc75f66bec4b31b9e,0.012065632556824562,1,0
cwe399,0.05,cwe399:adv:134:821bba566219ebb4,821bba566219ebb4ac50a97023c3ae5c0d259b0beee8a12846396073f4970ad9,0.18090375666046662,1,0
cwe399,0.05,cwe399:adv:135:125e2e202b49184d,125e2e202b49184dc2d1624bc003885715055febb3dd916401fc388f1afc05bd,0.8267146889142052,0,0
cwe399,0.05,cwe399:adv:136:12882908c5e527b4,12882908c5e527b41e21c6ebf227fac8d8a41b10e4b8a65cd086a489d91d4647,0.010578958673957159,1,0
cwe399,0.05,cwe399:adv:137:6e0b4b2e4fb793f8,6e0b4b2e4fb793f84b6867cf022c873df7f7c35005e0ddc7bb9dba3cc5016299,0.18090375666046662,1,0
cwe399,0.05,cwe399:adv:138:bc6f5ae2789fe9f3,bc6f5ae2789fe9f36f380e215f567bfd2f4c3a3e33e312f50bd060aada7d65ab,0.845837944142723,0,0
cwe399,0.05,cwe399:adv:139:8ff245d9f6381022,8ff245d9f6381022f5786b502a21f1a70887d510ca1b7dbf0a58c3320d782bf7,0.010578958673957159,1,0
cwe399,0.05,cwe399:adv:140:211867a60f7caf11,211867a60f7caf11e3085bc7f26a675681896042196779fdb74c7fc125e1f429,0.6081771133259335,0,0
cwe399,0.05,cwe399:adv:141:bd719e4d5e4bf975,bd719e4d5e4bf975b5dca55f32b6bc43578792642dcf51e607d278f951ea02f7,0.22233334258746626,1,0
cwe399,0.05,cwe399:adv:142:7130de2185ada6fc,7130de2185ada6fc33bce1089924ebebc60b3488b5d26af9e3d076d89c583c7b,0.23842626282068602,1,0
cwe399,0.05,cwe399:adv:143:f0a7b7bd2166cefe,f0a7b7bd2166cefe90232c424c18b64e57d307a50fd9594b1a4a7ab96482d164,0.826396947815055,0,0
cwe399,0.05,cwe399:adv:144:23bf7d431fe4a9a2,23bf7d431fe4a9a2bc11dd3754e642b83468d5ae815975d4e84da349cfcf045d,0.8579631286406392,0,0
cwe399,0.05,cwe399:adv:145:b512021531a2eb6c,b512021531a2eb6c90dac291251ae08a25e760aea345848da824ded4cff04e7e,0.18090375666046662,1,0
cwe399,0.05,cwe399:adv:146:96b9d03906c547b7,96b9d03906c547b791b8138c16842e97d7b3761123dd43825cc8a5c303d0caa4,0.19674766005067343,1,0
cwe399,0.05,cwe399:adv:147:2ab0130be0d7205b,2ab0130be0d7205b8c38befd6cf2f84f93e2e10deb655a3f650d701db9a0505e,0.29057564982859413,1,0
cwe399,0.05,cwe399:adv:148:2b1bb26768396aa6,2b1bb26768396aa6ce872049e9d6c23f563b9ab7d01136c98bda20e08879f4ec,0.23842626282068602,1,0
cwe399,0.05,cwe399:adv:149:eb39419d0afbebd8,eb39419d0afbebd8bad7a1462f7f54d047a5b2a19157a4642acb76f9b451095c,0.21125515407287174,1,0
cwe399,0.05,cwe399:adv:150:27beb91aba846e7e,27beb91aba846e7e1433277d50e7e82a865d55b72e472e44de3948dcb59e86c3,0.39935612040905666,1,0
cwe399,0.05,cwe399:adv:151:6dcf5c00e6ee7e04,6dcf5c00e6ee7e040010e726eb81b823da1c158e1f35d656cfaa9e5382cf14a8,0.814723034198394,0,0
cwe399,0.05,cwe399:adv:152:8999c7cefa4f6cb1,8999c7cefa4f6cb1ba346d22f6a99308c70e9d62cf6cf4a72b2dbb4bd35503e2,0.010578958673957159,1,0
cwe399,0.05,cwe399:adv:153:9a403ede17dcc6ec,9a403ede17dcc6ecd19f9737d84d2db07abec70766824710e538b96d51faf713,0.13218190612052386,1,0
cwe399,0.05,cwe399:adv:154:56422179c58e2dee,56422179c58e2dee746376c2b19fd63825f506a4419672f4b0c8fb53f92a2e43,0.8466090741974125,0,0
cwe399,0.05,cwe399:adv:155:645b1f6a4c7da45c,645b1f6a4c7da45c245ebccb953d93a811677ba7b0c4c052a35d67211ee3c65e,0.7790094431990447,0,0
cwe399,0.05,cwe399:adv:156:97408a95a2279724,97408a95a227972441ca3a718db938ce565f584e41bbf3bbdfc84dfaf93fa92b,0.012065632556824562,1,0
cwe399,0.05,cwe399:adv:157:6ffdc0e2f0e6f99c,6ffdc0e2f0e6f99c688ccbbb23ea05ae2abd6297ebcd8ccc82b8d1020d55aeaa,0.11969348477792838,1,0
cwe399,0.05,cwe399:adv:158:69fe4848eb938a37,69fe4848eb938a3758041c886428ef629bdb49c4ed1b9146f84c690709eb7447,0.012065632556824562,1,0
cwe399,0.05,cwe399:adv:159:48e3a6742e682ac9,48e3a6742e682ac972c5f79f38d05f59b72c998711e0db5b9ff14ae8e5a0d289,0.6150998717999449,0,0
cwe399,0.05,cwe399:adv:160:a77478cc063a19f6,a77478cc063a19f66d9549cb336de24f4c6a1c819983b4788267c78fd5ff7e58,0.5911295149031801,0,0
cwe399,0.05,cwe399:adv:161:3139165dc0e7fd3a,3139165dc0e7fd3a8daddf6e93137b7f4c522c5c7ba2130943e2c45de51299a3,0.31278028778928557,1,0
cwe399,0.05,cwe399:adv:162:ce4dfacc4ae1a815,ce4dfacc4ae1a815488e7bcc321f9ed7c2c357571897b30f7c5ae32ea3b5f437,0.8600794605457128,0,0
cwe399,0.05,cwe399:adv:163:5b62369678dce46f,5b62369678dce46f9f9a893a0850966b8b560ed86e8ed89e35f3ee93e9c44c31,0.7669076033102131,0,0
cwe399,0.05,cwe399:adv:164:eb40e2baf10a70d1,eb40e2baf10a70d118c5302fa5990b7fee1f6b9da003c75c27e8489fd96c73f5,0.3308859485587778,1,0
cwe399,0.05,cwe399:adv:165:69004c0c671c22a2,69004c0c671c22a20fd2bd0043c2104663db1c41633fe65f00c5ffaf0512f50b,0.14559101906507962,1,0
cwe399,0.05,cwe399:adv:166:ce3601d7d80043f6,ce3601d7d80043f6d883f1b59476cb561eaadc40a432f034f57e92423fd54579,0.11999767540308888,1,0
cwe399,0.05,cwe399:adv:167:fa68ed6160a88828,fa68ed6160a88828ca2fb03eeba53ab8f05175308ff9a947cb434ac1f07c2231,0.7387572556740116,0,0
cwe399,0.05,cwe399:adv:168:2c31d86b22eb86f9,2c31d86b22eb86f914bfa6fb37765e30e0ffebd20dc8ecc560ef7cfc3f7b0c6f,0.3921465479639239,1,0
cwe399,0.05,cwe399:adv:169:4e91113832dc4aa4,4e91113832dc4aa471b29b00d08c01ee6786044ecbecfaca2e0969fd2d12b064,0.16312425022762747,1,0
cwe399,0.05,cwe399:adv:170:d79151d0e1938c63,d79151d0e1938c63dde6ea0c1028bbf6dd25f73fbfd5b2cebabbd4afc325090b,0.5815063965354499,0,0
cwe399,0.05,cwe399:adv:171:07c329bfbde29d43,07c329bfbde29d43ddc0611976370e67d26750d39946770cc9b4906186411153,0.6150998717999449,0,0
cwe399,0.05,cwe399:adv:172:379566236f4bd30d,379566236f4bd30d3b214e5d2fb79ce4deaf918b74573a68911929004802c7c9,0.012065632556824562,1,0
cwe399,0.05,cwe399:adv:173:84c7b6c0f0d1587e,84c7b6c0f0d1587e45a7e7368aeb18417a531e3f1c89c55401921eb14556be08,0.12405711294760238,1,0
cwe399,0.05,cwe399:adv:174:55c1dbbd07dbef2a,55c1dbbd07dbef2a6e2297a5197d6ae0cb2d2987ab68bb9c1ff3bd9373508d75,0.22233334258746626,1,0
cwe399,0.05,cwe399:adv:175:a7f8c23f5ade063b,a7f8c23f5ade063b1652ec8f21d30a5213ee75541e38c4f288c97b567e87595e,0.5781396311177498,0,0
cwe399,0.05,cwe399:adv:176:514de3322726622c,514de3322726622c7964cfdf54670e9729e3cf92ae508231d4c9c983dfab4630,0.5533830538705863,0,0
cwe399,0.05,cwe399:adv:177:687b6bd239915e70,687b6bd239915e7048e2c3ea6fa9b7097bebc38109396643466f887441bfb51b,0.010578958673957159,1,0
cwe399,0.05,cwe399:adv:178:5192d19a4cc97878,5192d19a4cc978785eb237bb504a452429215ef287f855f30292a97f73c129f4,0.18090375666046662,1,0
cwe399,0.05,cwe399:adv:179:85d18d600633dd77,85d18d600633dd77bebec1ca5732d3ece2192aca92fd58cc460f64d48f7f87ea,0.22233334258746626,1,0
cwe399,0.05,cwe399:adv:180:945049a7a2626d24,945049a7a2626d2474ad0331022b167c2808986fa4bbbafe343d8a5276be7f05,0.47712541223167937,1,1
cwe399,0.05,cwe399:adv:181:1263f9c2d95b9db1,1263f9c2d95b9db18149aa0cfa94fb10ee57ec8058ea69ebf7e06cbfc920476e,0.3023308766899161,1,0
cwe399,0.05,cwe399:adv:182:b7edcd4f08c40854,b7edcd4f08c40854630aa7285433e768394a32908ec3caf2b3fa77c483de6c9e,0.012065632556824562,1,0
cwe399,0.05,cwe399:adv:183:65da473842e0de04,65da473842e0de04fdb300234e0e223a4797b8f435e6291e8cdb3f9af8bf8d6f,0.2094849159636359,1,0
cwe399,0.05,cwe399:adv:184:26981e2f1a89cbd1,26981e2f1a89cbd19a566939303a4805f37b338d243a3a4326b3f2931b9c8776,0.23842626282068602,1,0
cwe399,0.05,cwe399:adv:185:307e9aeed3c30e11,307e9aeed3c30e11285f235e0ab362dae26beaee7f208cddaf0369593f00e71d,0.3512507944924097,1,0
cwe399,0.05,cwe399:adv:186:b8c820e603e3cd15,b8c820e603e3cd15493e4f667bee816f9b11ba658291a476d1e0fad2ec1d48fe,0.010578958673957159,1,0
cwe399,0.05,cwe399:adv:187:a4db3fba82f3191a,a4db3fba82f3191a9f49e0486fc353afa2157d1edd9042260d6ab40e8a206d2d,0.7427758663527898,0,0
cwe399,0.05,cwe399:adv:188:386326dd6814f868,386326dd6814f868e21eae7434bec3ea8cdec178d6ad601a84f1c2422d940616,0.11204121730760497,1,0
cwe399,0.05,cwe399:adv:189:b9d3f99d48314d3a,b9d3f99d48314d3a6d7300dee554ee2543e7d6bb04e24d53a3c7c072a4d29279,0.16312425022762747,1,0
cwe399,0.05,cwe399:adv:190:74f16ea601a348f7,74f16ea601a348f7017ce77cc902cd60cc73e93db5a9d8a7ba9f4d6e25f18327,0.7883877285539606,0,0
cwe399,0.05,cwe399:adv:191:f8c9048d24a490d9,f8c9048d24a490d95cb4a4c8bd06fb4666b9dc5d6e76022c2a60abf257c5bbd8,0.6161464141864635,0,0
cwe399,0.05,cwe399:adv:192:45255474bb85aaeb,45255474bb85aaebeb1224ed393b4c988e027f44eb69e7b9c7147d517a4685bc,0.23842626282068602,1,0
cwe399,0.05,cwe399:adv:193:5e83433f355ec3cf,5e83433f355ec3cf7a8453e903cd8cf5890141f095726bd983e7a58ec63f0009,0.18090375666046662,1,0
cwe399,0.05,cwe399:adv:194:3f617d7070af58b4,3f617d7070af58b49aa2d06bc414841a0d2beb5bca47de809e75b41bcbc48c57,0.012065632556824562,1,0
cwe399,0.05,cwe399:adv:195:06ec648195c04a8f,06ec648195c04a8f1aa2ec4e43698dfae5d373b9f897262007294cb96f2e18fa,0.19107440939719084,1,0
cwe399,0.05,cwe399:adv:196:cab45e171baedb02,cab45e171baedb028fb2144d4b7e23e30c0654e7768c688c98c19b449e546139,0.2094849159636359,1,0
cwe399,0.05,cwe399:adv:197:353be453b5c9e0ec,353be453b5c9e0ec3ef8bb9f2f96f5a2835c3d31011a462520d5f25dc9b016bf,0.7680004501594343,0,0
cwe399,0.05,cwe399:adv:198:67ccf31b8f678788,67ccf31b8f678788825731dc508f194a29c16adb06a2dc4f1b60bd4674965788,0.010578958673957159,1,0
cwe399,0.05,cwe399:adv:199:b89ccadab8a0161f,b89ccadab8a0161fd082ece174777decfda1b434638bf12f7cdea295cacb4a35,0.626685628458424,0,0
cwe399,0.1,cwe399:adv:0:825261a64474a426,825261a64474a426c9afde06e780024dc8dd1b531cd1ceec46b3d991f4bf226e,0.010578958673957159,1,0
cwe399,0.1,cwe399:adv:1:4cd72e746ae52ec5,4cd72e746ae52ec586915880ab26a3aabd7131506be2999d0de29caed3d39425,0.5667065609973081,0,0
cwe399,0.1,cwe399:adv:2:5a79dc112b114d95,5a79dc112b114d9556c97ac35ff98b1e10bd9a6a0dd1a39bf0fb15600cc09304,0.29057564982859413,1,0
cwe399,0.1,cwe399:adv:3:f00c5a2bf8339c94,f00c5a2bf8339c9468f72db40e6e3ceafe91f1fe0c3491190c95e6fda311fd53,0.012065632556824562,1,0
cwe399,0.1,cwe399:adv:4:4dd10a4c9bc2e9c8,4dd10a4c9bc2e9c88e2ca46bcda3b4a1972b1fddd63a058a8c92f5efda869da7,0.31278028778928557,1,0
cwe399,0.1,cwe399:adv:5:55e2e21c62061468,55e2e21c6206146844c79a7e4bf6d3e7f3860c95d4e38c74e006ba0b040cd078,0.7460456686918306,0,0
cwe399,0.1,cwe399:adv:6:19cff4b0ca3b08a2,19cff4b0ca3b08a210867814a90e0521504d9d443953fad40f34514ec92288aa,0.16312425022762747,1,0
cwe399,0.1,cwe399:adv:7:b0528b44e33792e1,b0528b44e33792e11dd2a619b5e78a5dcfcb8cdff5afb68b7df8dbcce96a11a9,0.010578958673957159,1,0
cwe399,0.1,cwe399:adv:8:857456b374e9e9f5,857456b374e9e9f51a64de8313b44146292a658fd023907f7b8e9cb8aa7fc5da,0.39761806183348436,1,1
cwe399,0.1,cwe399:adv:9:6f30b478652fab2c,6f30b478652fab2c1f3043ae4714adcec8b361e5eef0c57d36d88e938463ba4a,0.3785782512633648,1,0
cwe399,0.1,cwe399:adv:10:b2948872b2a430fd,b2948872b2a430fd8cf93a0f97cdf9bb561c899bf67fc6b48d5f499a1e52883c,0.010578958673957159,1,0
cwe399,0.1,cwe399:adv:11:8e2ec18cf93f9c73,8e2ec18cf93f9c73feb37176bfd68e46d3aba1d47c2969d60d8279b931bb1692,0.4153762863208792,1,1
cwe399,0.1,cwe399:adv:12:fe7c963dab7d2045,fe7c963dab7d20459b06d2cf53a0fc7b34d5e88b9a786c66e3f1fe25484994d9,0.3431410229196078,1,0
cwe399,0.1,cwe399:adv:13:ad3662befcb0a44c,ad3662befcb0a44c5e104b783b29b5c9bc1306e35d6ffc00c0ec22a3075066fe,0.39935612040905666,1,1
cwe399,0.1,cwe399:adv:14:5c10b7729e49a659,5c10b7729e49a659a1ea6513569e62906a369024f3e619b160cad76b342b9f6f,0.14559101906507962,1,0
cwe399,0.1,cwe399:adv:15:0d352ef9c2aa37dc,0d352ef9c2aa37dc288fff273215f377ad262c95ae1ededd4075ed63b5023d40,0.2521332604096958,1,0
cwe399,0.1,cwe399:adv:16:f454b321b2f4ce4d,f454b321b2f4ce4daebf8e451b536626397b0b5dec7850d6b1a41f0947f17af6,0.18090375666046662,1,0
cwe399,0.1,cwe399:adv:17:d1819db886a6f955,d1819db886a6f9559b7350d88ee5842cc713c0837a1da0a43671fddc0c56654a,0.6413241905419536,0,0
cwe399,0.1,cwe399:adv:18:d1e0bdee6afc5e10,d1e0bdee6afc5e101a2389e7e7c49928d6f22daeb83847e20c4a616bc0ac1321,0.012065632556824562,1,0
cwe399,0.1,cwe399:adv:19:8e857bbcd8705a36,8e857bbcd8705a36306e2c4274712ec6535c71158dd36f32c957c66b8337f9d9,0.23842626282068602,1,0
cwe399,0.1,cwe399:adv:20:b6c025b99e630904,b6c025b99e630904d1e7189ee0d65733410b5162a9df7697318baaadb85ae8f4,0.010578958673957159,1,0
cwe399,0.1,cwe399:adv:21:26cfc40bca7ad469,26cfc40bca7ad4699f61bfb851a851cbf471cd4dc0415f60e4524704eb306bc7,0.4157846022168851,1,1
cwe399,0.1,cwe399:adv:22:5c58904922def654,5c58904922def654b9741c9ef95ad8b9006708465ce6cb87cef59e1f25e904d6,0.35900655130407105,1,0
cwe399,0.1,cwe399:adv:23:993c920033e60f98,993c920033e60f98ecbaf90ca80f086ab65a96a5b48828d8fccaa181c9b307bb,0.22233334258746626,1,0
cwe399,0.1,cwe399:adv:24:cc0aadd2791283ce,cc0aadd2791283ce2343949f29f1a0169def71836fde5a532886f676e46864f1,0.8255316788234176,0,0
cwe399,0.1,cwe399:adv:25:af1dc7b3564d73cf,af1dc7b3564d73cf0d5d03f4e0a39765fe9159ef63f18fbdca1f019d66718f85,0.010578958673957159,1,0
cwe399,0.1,cwe399:adv:26:a37de0aaffee9fbf,a37de0aaffee9fbf9239038ab2bbcbb46ce9f4a4cb03803b9d8a6c46a5a88206,0.7926503557285404,0,0
cwe399,0.1,cwe399:adv:27:a701f9b1a31d5888,a701f9b1a31d5888ad11cf1f38a85f567c1dd1d1deb2aa5e425bd67766b6aa86,0.6019855648002168,0,0
cwe399,0.1,cwe399:adv:28:5d9a7dc9bd522472,5d9a7dc9bd522472dcad79a7e4f5004071d5389fd438b9b243622c3c2eb82842,0.010578958673957159,1,0
cwe399,0.1,cwe399:adv:29:2ba3b9f3b259a1ec,2ba3b9f3b259a1ec7ce318ab716a2f43de82edd9939214e784c43c263f3d0269,0.7914705536173651,0,0
cwe399,0.1,cwe399:adv:30:9acc28392eae2369,9acc28392eae2369a26872d1a69be0c5bd65d7a6ee6f2821cdaf91efce50d882,0.8449786292589611,0,0
cwe399,0.1,cwe399:adv:31:f568e5c676b96f38,f568e5c676b96f386dcb8262ff65917e17231aae2db65359fa932dc277ad59da,0.22233334258746626,1,0
cwe399,0.1,cwe399:adv:32:7afb7b89d52e4370,7afb7b89d52e4370fbd79e4c783f1cbc2d57d0c9f421c6cfd449224738e21423,0.8136120711284693,0,0
cwe399,0.1,cwe399:adv:33:eaf1ea2786561fe4,eaf1ea2786561fe47dd89583b883e3f7ae8610e3635aca8cd69ccde903e438dd,0.18090375666046662,1,0
cwe399,0.1,cwe399:adv:34:984ab4a7f86f3998,984ab4a7f86f39983112f9575e6f481ffb695354aa62a1c4173f7dfc807938a8,0.1517930004132925,1,0
cwe399,0.1,cwe399:adv:35:5cc50275ea65bf62,5cc50275ea65bf624fc72bfb97478aa496b7e676f9993835eb392e5703d897c1,0.2993642113878651,1,0
cwe399,0.1,cwe399:adv:36:07484a1b220905ac,07484a1b220905acc3d486da9ab823b8de13ac8e511ad183267c4ec07e4c33ba,0.8011473011620396,0,0
cwe399,0.1,cwe399:adv:37:2e71be0ea331506f,2e71be0ea331506fa692f696b4a5b4b3986ef980fa22c4852cd1be0e87e1d591,0.18550445325598586,1,0
cwe399,0.1,cwe399:adv:38:435775cc9b332968,435775cc9b33296845109bad81d66f7456dd7e0dace0db920126fffc76b17263,0.2094849159636359,1,0
cwe399,0.1,cwe399:adv:39:04928c410524e2b7,04928c410524e2b746d7bb330ae413400b2bcee8a87b79bddc399c7478c023da,0.6429708771576909,0,0
cwe399,0.1,cwe399:adv:40:28181416e901eedc,28181416e901eedc91e48ffe3ac3d030f07e1b88ddc860e90abb5de24baaccb5,0.8610531816386606,0,0
cwe399,0.1,cwe399:adv:41:f653a56097702a54,f653a56097702a542d9bdc4d69016ffb7f434d0ac0dbfd3c819b178ed6924855,0.18090375666046662,1,0
cwe399,0.1,cwe399:adv:42:cdc7838e41a57a25,cdc7838e41a57a2575b0c29b95f004bc2c9983b2ae773d286f41c1f352824b34,0.84505974875899,0,0
cwe399,0.1,cwe399:adv:43:30a50507d1673cf0,30a50507d1673cf027798c63f4e72b3224705010083ead602e799bedc6fccfa1,0.013240034092056248,1,0
cwe399,0.1,cwe399:adv:44:30c52ca5f87dd7f3,30c52ca5f87dd7f3e78acc99efa83e6346e4236074b335892aa25d9d1f4a46be,0.18090375666046662,1,0
cwe399,0.1,cwe399:adv:45:68cc71d4616de0ac,68cc71d4616de0ac0acce256a2c7ad35609a99328b8d67c9fc6e128fde134f4b,0.18090375666046662,1,0
cwe399,0.1,cwe399:adv:46:b063a3519ed18fe0,b063a3519ed18fe0d8f470bc375377ebc7ff24185007900d770503b2dfd39d6b,0.2094849159636359,1,0
cwe399,0.1,cwe399:adv:47:4e3011b7ab6a35fe,4e3011b7ab6a35fed300ad6f98737707fb8f6f5b024f77b37b88ddfbf1411af0,0.11304928323875961,1,0
cwe399,0.1,cwe399:adv:48:ac3973eacecbc296,ac3973eacecbc2968b1ef01b4d86320a53ce7cdfe767bc66364ec904744adaa0,0.8011560960473727,0,0
cwe399,0.1,cwe399:adv:49:b0b31dd7bdb974e7,b0b31dd7bdb974e7ae00596b6e2fac68b894b6417109ba451b9f7dff372590c8,0.5718545365857961,0,0
cwe399,0.1,cwe399:adv:50:2f7296dc2e073673,2f7296dc2e07367377d147e2f600d6b8f01fc34a36ffc7831afea0e5b47045b6,0.18090375666046662,1,0
cwe399,0.1,cwe399:adv:51:d3b79280fd30b53f,d3b79280fd30b53f824d7a1290c2fdd5848a0438de83e62ba9ada0d495e001d9,0.3039421096328208,1,0
cwe399,0.1,cwe399:adv:52:367812cbb57e29dc,367812cbb57e29dcd8c1b4e9c0b7dbd3f0c5b840e53747a4aeb22156993c7638,0.39935612040905666,1,1
cwe399,0.1,cwe399:adv:53:cb1d217084264afb,cb1d217084264afb1d72d44546a1a95f961ba315836de17431a9f85b729c73f0,0.15817799195452592,1,0
cwe399,0.1,cwe399:adv:54:8b53802430ef2008,8b53802430ef2008728b6d38f140c34073c09977b3caa30bee6bcbb84d34803c,0.4010674308289733,1,1
cwe399,0.1,cwe399:adv:55:5d94ffea7827032d,5d94ffea7827032de14856359c271eb4156aaaa98861d92034faa05f6dccc933,0.22233334258746626,1,0
cwe399,0.1,cwe399:adv:56:f094976f427a6d4a,f094976f427a6d4a4beb250a9f0458158e0215b932efd0a1300b26e56bcc8be9,0.31278028778928557,1,0
cwe399,0.1,cwe399:adv:57:a6bff97d3aa52d2e,a6bff97d3aa52d2edae8faae7d21722821fc7920c71cc6ece97410b74968a3b3,0.11304928323875961,1,0
cwe399,0.1,cwe399:adv:58:585f8608bda8be16,585f8608bda8be16522c5aebe3e7a422e2ad7007dff19cc069b3a50bcd4a49d1,0.18090375666046662,1,0
cwe399,0.1,cwe399:adv:59:d481fbc1093a5455,d481fbc1093a5455483857f45bd01e2044db9e254891f2f9103bc7bf0fb7bc70,0.40120919539629546,1,1
cwe399,0.1,cwe399:adv:60:874fd504d340cb7e,874fd504d340cb7e657847c28a88773b1f63fc4cd26bfeacd6e145298a37ec4e,0.3158851331924892,1,0
cwe399,0.1,cwe399:adv:61:6895432da3ab9d9a,6895432da3ab9d9a5771ca6bafc39dc3a0cfa37f5ddf60f824d90702136708eb,0.2988552908989247,1,0
cwe399,0.1,cwe399:adv:62:67f64a457fd2dae1,67f64a457fd2dae18213985269ff02ee25de0154bb77d95ead3be4fbeab8deb7,0.8592970343284034,0,0
cwe399,0.1,cwe399:adv:63:108a88b83f3beeff,108a88b83f3beeff3d5bf92947d9ce7b8da0e7b2156f570b6b97fa8fed603151,0.012065632556824562,1,0
cwe399,0.1,cwe399:adv:64:9d05889e536b38a9,9d05889e536b38a97c7cc54593288ef870f5df6a3ab6be8ee58c7cfd157fc689,0.11782116888882634,1,0
cwe399,0.1,cwe399:adv:65:13984cfe1c70692a,13984cfe1c70692a3a341547046a40064034046dcedc440a0fa23211f8ab6090,0.8258729629608944,0,0
cwe399,0.1,cwe399:adv:66:a77ffa1cc3336dd0,a77ffa1cc3336dd061b1d657947c5bdb8df7a9f00802c3b5a859aa22ade89b6d,0.21125515407287174,1,0
cwe399,0.1,cwe399:adv:67:ab28c6cedf1837c5,ab28c6cedf1837c5e1a85388222672dd4a673e2b7df51222a671977a428af932,0.8334463192978098,0,0
cwe399,0.1,cwe399:adv:68:80803f73fc88bd6a,80803f73fc88bd6a7b3ea4768e5da9c7b2d8c4c434977d1305b8685b14fb8809,0.2791141730657569,1,0
cwe399,0.1,cwe399:adv:69:583a2284f2e284bb,583a2284f2e284bbd71d990fc5cc3c6cf7ba7f9949850380ba522e13fbde4f3f,0.22233334258746626,1,0
cwe399,0.1,cwe399:adv:70:f2246180922e1205,f2246180922e120590c6d3923e394d521da3e39dd37f536e0fc6d1124af940b9,0.5655254979906382,0,0
cwe399,0.1,cwe399:adv:71:5dbf3a931350c24f,5dbf3a931350c24fc463b2d568f95be9e0456d5e2f13f4f478a67745f76feaac,0.18550445325598586,1,0
cwe399,0.1,cwe399:adv:72:dcae8bf3f9927ee9,dcae8bf3f9927ee9b5d05f0ebcc082a860b202745b1aa118280b86102089547c,0.2094849159636359,1,0
cwe399,0.1,cwe399:adv:73:81cbb3256a67e48c,81cbb3256a67e48c3fc9e1b82f0a456925898ac07e561ac86fd13da9c1924478,0.5624673839859772,0,0
cwe399,0.1,cwe399:adv:74:bbf7f36732d82feb,bbf7f36732d82feb33bff0937bc2c1ce5a9a639ab0c83c9d4fcbed7d5c6c052e,0.4299071652926548,1,1
cwe399,0.1,cwe399:adv:75:859837a4cee07139,859837a4cee07139b04806572c4178e9f13809491fe7809fb200683eef8b6c93,0.11670370469214907,1,0
cwe399,0.1,cwe399:adv:76:f69d7b438df5067c,f69d7b438df5067cc4acf7fae0fb08b52dea40b0791c9b476ecb5d3287cf38ce,0.5044591819795186,0,0
cwe399,0.1,cwe399:adv:77:2043c3d018a5f32d,2043c3d018a5f32d3c2ed4905e7ca567901e6888d7193edd8f2ee57b191a9d97,0.14864487890788058,1,0
cwe399,0.1,cwe399:adv:78:78de37f1d7a54944,78de37f1d7a54944ed6c8a0cab95274d1e9358bf78e1a4b5baf2ae9649c7a875,0.1522872761042764,1,0
cwe399,0.1,cwe399:adv:79:4b85bc67cd57ecab,4b85bc67cd57ecab910b4582c228e57bb100bd31e5bb022200bcc1cfb1f13087,0.2094849159636359,1,0
cwe399,0.1,cwe399:adv:80:94ca9698847c14a9,94ca9698847c14a9e811f3e2cf1a2c593d0781143e413f1e3583c884ecb6c06b,0.14559101906507962,1,0
cwe399,0.1,cwe399:adv:81:7450413b7893e687,7450413b7893e687835d966057c026157e1cc982f8637632a0b2e909b72596ac,0.22233334258746626,1,0
cwe399,0.1,cwe399:adv:82:9a8afd7f2ebd0d15,9a8afd7f2ebd0d15ef37ce988fbff53e04a03a890fab71361be7de3a1e8f7758,0.010578958673957159,1,0
cwe399,0.1,cwe399:adv:83:29aa217cc4ee2c49,29aa217cc4ee2c4903e839c5f183d5634ee2304ab41e91c0222375038966e7c6,0.8450595553920902,0,0
cwe399,0.1,cwe399:adv:84:58f578cde8030657,58f578cde80306572ef65084de99b38b939dbbe4af1890f33f1321807d8f3fda,0.15817799195452592,1,0
cwe399,0.1,cwe399:adv:85:2c5d896b3033fc51,2c5d896b3033fc511aaa5d1003c16bfcd99e58902f837b06e53ce5acb30571ef,0.40120919539629546,1,1
cwe399,0.1,cwe399:adv:86:8263e1178a36ed9e,8263e1178a36ed9e536965688339b5d7826d0d8f60be48b51f427c39c7ebf5a4,0.11304928323875961,1,0
cwe399,0.1,cwe399:adv:87:21c8e6280486d23f,21c8e6280486d23f5d41e3f13238c8b722e725788afd3a2711b221c7e7ba6d60,0.11969348477792838,1,0
cwe399,0.1,cwe399:adv:88:e3e64f629e49a65c,e3e64f629e49a65c8057ae6e09748ebc398f307fc3eaacc6047d4f6a110c1428,0.44399481119485074,1,1
cwe399,0.1,cwe399:adv:89:572b6271de913a7a,572b6271de913a7a7d2e16405a63fbbdc502365101baa1de14c9f82f093b7997,0.22233334258746626,1,0
cwe399,0.1,cwe399:adv:90:5c1b1d6f350b5627,5c1b1d6f350b5627d8f110f6df077ecc04504a4e7f47bc5c50a4c8e318bab381,0.16991491693707386,1,0
cwe399,0.1,cwe399:adv:91:569ab93244a96671,569ab93244a966717cfeed5521df555adcd3d985343c7913505a1afd953af0db,0.38756140899120817,1,0
cwe399,0.1,cwe399:adv:92:37fba94415cb71d7,37fba94415cb71d7c7cb3b4073bf9321b3425e6669709e43675e1b1ea68df0d2,0.1461291863377175,1,0
cwe399,0.1,cwe399:adv:93:159e82ee0c83bab7,159e82ee0c83bab7d5988fda48d45149d583755faabfab3d27200d41cf574e72,0.6083774831626966,0,0
cwe399,0.1,cwe399:adv:94:78aa181f521e5238,78aa181f521e5238ab1e7909cc5531e1f490fa82bc325f6a2112186f3f495366,0.13657753602323416,1,0
cwe399,0.1,cwe399:adv:95:999cfeff5378450e,999cfeff5378450ee29ce30a04269c644de3d30293dc6043ce62182bd8f8cacc,0.2094849159636359,1,0
cwe399,0.1,cwe399:adv:96:5a6591f5d6a3089b,5a6591f5d6a3089b3c7e3355849dd86f88dc2e581a47c4edd3841c949364bed8,0.7984877135825479,0,0
cwe399,0.1,cwe399:adv:97:0f85a072bc483dcb,0f85a072bc483dcb8b4a79b188c722c68912c349790c79dd3614c04466e38d72,0.010578958673957159,1,0
cwe399,0.1,cwe399:adv:98:1637a8ff03c67712,1637a8ff03c67712a66111f70256fb94acbc4a3ceea7731b729eb55af565e9f0,0.5663445677821438,0,0
cwe399,0.1,cwe399:adv:99:f24752c6ff8f333a,f24752c6ff8f333a76a554a2219dc2cea65bd16943269eb2bbbee2dc5ec453ce,0.013240034092056248,1,0
cwe399,0.1,cwe399:adv:100:df57ca9793a3f23b,df57ca9793a3f23b4d20d21fc98d644c7c1330cb062672b36d0c3fb26fcf449c,0.3785782512633648,1,0
cwe399,0.1,cwe399:adv:101:4d233e98c44608b9,4d233e98c44608b9a564b5fa9125e2edbd1decf0cffd8e5f91d074af6d1f2023,0.010578958673957159,1,0
cwe399,0.1,cwe399:adv:102:09c222240bc6ff15,09c222240bc6ff15f836b3fa6b42bed713bff9fbb3a144334bd84fb342077de1,0.09605994137451339,1,0
cwe399,0.1,cwe399:adv:103:223c64da46f19d86,223c64da46f19d86fa05ba15ef143e34e64ca888d1c88775f8bed40e828954c8,0.840041288336523,0,0
cwe399,0.1,cwe399:adv:104:26111c4f499cd9ee,26111c4f499cd9eee1aa923ab0bcfe01c0b56970b9b93afc777b76fff5eae7ca,0.20276372515337412,1,0
cwe399,0.1,cwe399:adv:105:fa3abd9c4c2c5113,fa3abd9c4c2c5113e08beb5774eeef93ada576d065d49d8d23b4b120e655799e,0.012065632556824562,1,0
cwe399,0.1,cwe399:adv:106:6c7cb55391cb132c,6c7cb55391cb132c99eb89f9fa328f84dbc9d3ed6c5300b4540134510573b70d,0.21068858242512112,1,0
cwe399,0.1,cwe399:adv:107:1283798a20bcdbf7,1283798a20bcdbf740ad69f4bc5026b13caff9432d92347d2d28d642b76e3b3c,0.5542660687894199,0,0
cwe399,0.1,cwe399:adv:108:ed491397a8a653a7,ed491397a8a653a76a961b889bc4b27193986d37ab62c6a5e3ee751c8d660da5,0.21125515407287174,1,0
cwe399,0.1,cwe399:adv:109:4ccc40c52c765d87,4ccc40c52c765d8754139372add41f012d92ee90afd6a14c7e7d95d465a36372,0.6150998717999449,0,0
cwe399,0.1,cwe399:adv:110:ea2356957f6d561c,ea2356957f6d561cbf7526f6860967b0ec63b31d9e05090b679ef4fa623985f5,0.7895576673295387,0,0
cwe399,0.1,cwe399:adv:111:140b565448cf5465,140b565448cf5465f3daf71a18ff8812cca56b1092c9fc57d13d85cb3936b017,0.21234248003845646,1,0
cwe399,0.1,cwe399:adv:112:e5de6f35e86611ac,e5de6f35e86611ac098a589404a4f8a71be3baa7532f8725a4bbc542f35ed49b,0.8143723615282361,0,0
cwe399,0.1,cwe399:adv:113:8121da5fe4a332cc,8121da5fe4a332cc6e99dffa5256bdc08236410e6eb4941e4c586cde581e8f27,0.010578958673957159,1,0
cwe399,0.1,cwe399:adv:114:44c657bb0e4e79d8,44c657bb0e4e79d8b1d6ccab9542c073a199c1ca4545865b492320e5b9e3bb0d,0.8745176184945567,0,0
cwe399,0.1,cwe399:adv:115:15f05216852fb6ef,15f05216852fb6ef0ee48f204b2a742e0bb26f676b205ea3bd6ef0e870f44eea,0.8177438200649506,0,0
cwe399,0.1,cwe399:adv:116:56df294b39df0d90,56df294b39df0d904a3a4d7c509994c326779ae0b6f923a28a17cbc0063d2209,0.11782116888882634,1,0
cwe399,0.1,cwe399:adv:117:0f00945c30e46aea,0f00945c30e46aeaab6ec153dbe1d5fe87d5c5bec73c4234d88784f379b6f710,0.3431410229196078,1,0
cwe399,0.1,cwe399:adv:118:888054942a6fed13,888054942a6fed1328af8669d508f31401dc329a8e0cd8a3c02111439901c682,0.8326796409053362,0,0
cwe399,0.1,cwe399:adv:119:b22e6307e51d3243,b22e6307e51d324382bb4a554697de55c53e584127bd0b3aa6de8af8b074210b,0.012065632556824562,1,0
cwe399,0.1,cwe399:adv:120:5fb7da4f43a33a36,5fb7da4f43a33a36ace1ba380e1b31c0993c3db0bc9d1af3bed762835f78c3a8,0.30505594314251805,1,0
cwe399,0.1,cwe399:adv:121:c5cfdc2f53eb6c2a,c5cfdc2f53eb6c2a62162c6ebb0b1e0a7c951201b99a149f2978437fa715d675,0.2580919858930523,1,0
cwe399,0.1,cwe399:adv:122:757538319c5dba30,757538319c5dba3026dc1a203f1a56c27386d1d6c7b25940600a3ae63a471b61,0.11969348477792838,1,0
cwe399,0.1,cwe399:adv:123:0f8892b2176e1fdb,0f8892b2176e1fdbca3d977e4c05700487957ada8fc04d7f1e6bc6948e653999,0.8061135143992224,0,0
cwe399,0.1,cwe399:adv:124:997fd88f5ede8df1,997fd88f5ede8df1d19c1c6dcf034753301f67995f894c760e790b4a950ecb5c,0.14481356897896341,1,0
cwe399,0.1,cwe399:adv:125:0a8b658b6589752f,0a8b658b6589752f5677e714f1a8af34c66c87c3ed67f075bf485c538db2830e,0.010578958673957159,1,0
cwe399,0.1,cwe399:adv:126:c2603be7fad073dc,c2603be7fad073dce01ef98a7bd6d7b3d5772beda9ad1c94aae6a4fae0b4edf3,0.5718545365857961,0,0
cwe399,0.1,cwe399:adv:127:8e74be30fe47a6af,8e74be30fe47a6af3a0ad25ea1cd206d4cd3ff430471129d0c704b7ad31400fb,0.56267619996534,0,0
cwe399,0.1,cwe399:adv:128:311ab74387b6e9a7,311ab74387b6e9a7a90b6fc1d003d84bfc614dc30ffb2836491f2088f0a22472,0.7752949927513721,0,0
cwe399,0.1,cwe399:adv:129:29e8b1525dcb49f8,29e8b1525dcb49f8952ea0252242227a76a6d4a37f16a14ec450ae27618fe74e,0.6265580604202263,0,0
cwe399,0.1,cwe399:adv:130:835e8322ab163d21,835e8322ab163d21cac805dc623c0a32b6fb795dc1100995049ce16ed3e1e010,0.013240034092056248,1,0
cwe399,0.1,cwe399:adv:131:1759b3c00e88842e,1759b3c00e88842e262ce08fbe8b2e618eeb489b2151d3ac096114f925ef058c,0.010578958673957159,1,0
cwe399,0.1,cwe399:adv:132:24323bd4b49373a7,24323bd4b49373a72a00cb7ea2efd585d0d15e3fac2b9536e9a612e0d630cd03,0.37490421452448447,1,0
cwe399,0.1,cwe399:adv:133:592b2834fdf4df5e,592b2834fdf4df5ed93c2698e94c6c1bd9f46a54f7df126fc75f66bec4b31b9e,0.012065632556824562,1,0
cwe399,0.1,cwe399:adv:134:821bba566219ebb4,821bba566219ebb4ac50a97023c3ae5c0d259b0beee8a12846396073f4970ad9,0.18090375666046662,1,0
cwe399,0.1,cwe399:adv:135:125e2e202b49184d,125e2e202b49184dc2d1624bc003885715055febb3dd916401fc388f1afc05bd,0.8267146889142052,0,0
cwe399,0.1,cwe399:adv:136:12882908c5e527b4,12882908c5e527b41e21c6ebf227fac8d8a41b10e4b8a65cd086a489d91d4647,0.010578958673957159,1,0
cwe399,0.1,cwe399:adv:137:6e0b4b2e4fb793f8,6e0b4b2e4fb793f84b6867cf022c873df7f7c35005e0ddc7bb9dba3cc5016299,0.18090375666046662,1,0
cwe399,0.1,cwe399:adv:138:bc6f5ae2789fe9f3,bc6f5ae2789fe9f36f380e215f567bfd2f4c3a3e33e312f50bd060aada7d65ab,0.845837944142723,0,0
cwe399,0.1,cwe399:adv:139:8ff245d9f6381022,8ff245d9f6381022f5786b502a21f1a70887d510ca1b7dbf0a58c3320d782bf7,0.010578958673957159,1,0
cwe399,0.1,cwe399:adv:140:211867a60f7caf11,211867a60f7caf11e3085bc7f26a675681896042196779fdb74c7fc125e1f429,0.6081771133259335,0,0
cwe399,0.1,cwe399:adv:141:bd719e4d5e4bf975,bd719e4d5e4bf975b5dca55f32b6bc43578792642dcf51e607d278f951ea02f7,0.22233334258746626,1,0
cwe399,0.1,cwe399:adv:142:7130de2185ada6fc,7130de2185ada6fc33bce1089924ebebc60b3488b5d26af9e3d076d89c583c7b,0.23842626282068602,1,0
cwe399,0.1,cwe399:adv:143:f0a7b7bd2166cefe,f0a7b7bd2166cefe90232c424c18b64e57d307a50fd9594b1a4a7ab96482d164,0.826396947815055,0,0
cwe399,0.1,cwe399:adv:144:23bf7d431fe4a9a2,23bf7d431fe4a9a2bc11dd3754e642b83468d5ae815975d4e84da349cfcf045d,0.8579631286406392,0,0
cwe399,0.1,cwe399:adv:145:b512021531a2eb6c,b512021531a2eb6c90dac291251ae08a25e760aea345848da824ded4cff04e7e,0.18090375666046662,1,0
cwe399,0.1,cwe399:adv:146:96b9d03906c547b7,96b9d03906c547b791b8138c16842e97d7b3761123dd43825cc8a5c303d0caa4,0.19674766005067343,1,0
cwe399,0.1,cwe399:adv:147:2ab0130be0d7205b,2ab0130be0d7205b8c38befd6cf2f84f93e2e10deb655a3f650d701db9a0505e,0.29057564982859413,1,0
cwe399,0.1,cwe399:adv:148:2b1bb26768396aa6,2b1bb26768396aa6ce872049e9d6c23f563b9ab7d01136c98bda20e08879f4ec,0.23842626282068602,1,0
cwe399,0.1,cwe399:adv:149:eb39419d0afbebd8,eb39419d0afbebd8bad7a1462f7f54d047a5b2a19157a4642acb76f9b451095c,0.21125515407287174,1,0
cwe399,0.1,cwe399:adv:150:27beb91aba846e7e,27beb91aba846e7e1433277d50e7e82a865d55b72e472e44de3948dcb59e86c3,0.39935612040905666,1,1
cwe399,0.1,cwe399:adv:151:6dcf5c00e6ee7e04,6dcf5c00e6ee7e040010e726eb81b823da1c158e1f35d656cfaa9e5382cf14a8,0.814723034198394,0,0
cwe399,0.1,cwe399:adv:152:8999c7cefa4f6cb1,8999c7cefa4f6cb1ba346d22f6a99308c70e9d62cf6cf4a72b2dbb4bd35503e2,0.010578958673957159,1,0
cwe399,0.1,cwe399:adv:153:9a403ede17dcc6ec,9a403ede17dcc6ecd19f9737d84d2db07abec70766824710e538b96d51faf713,0.13218190612052386,1,0
cwe399,0.1,cwe399:adv:154:56422179c58e2dee,56422179c58e2dee746376c2b19fd63825f506a4419672f4b0c8fb53f92a2e43,0.8466090741974125,0,0
cwe399,0.1,cwe399:adv:155:645b1f6a4c7da45c,645b1f6a4c7da45c245ebccb953d93a811677ba7b0c4c052a35d67211ee3c65e,0.7790094431990447,0,0
cwe399,0.1,cwe399:adv:156:97408a95a2279724,97408a95a227972441ca3a718db938ce565f584e41bbf3bbdfc84dfaf93fa92b,0.012065632556824562,1,0
cwe399,0.1,cwe399:adv:157:6ffdc0e2f0e6f99c,6ffdc0e2f0e6f99c688ccbbb23ea05ae2abd6297ebcd8ccc82b8d1020d55aeaa,0.11969348477792838,1,0
cwe399,0.1,cwe399:adv:158:69fe4848eb938a37,69fe4848eb938a3758041c886428ef629bdb49c4ed1b9146f84c690709eb7447,0.012065632556824562,1,0
cwe399,0.1,cwe399:adv:159:48e3a6742e682ac9,48e3a6742e682ac972c5f79f38d05f59b72c998711e0db5b9ff14ae8e5a0d289,0.6150998717999449,0,0
cwe399,0.1,cwe399:adv:160:a77478cc063a19f6,a77478cc063a19f66d9549cb336de24f4c6a1c819983b4788267c78fd5ff7e58,0.5911295149031801,0,0
cwe399,0.1,cwe399:adv:161:3139165dc0e7fd3a,3139165dc0e7fd3a8daddf6e93137b7f4c522c5c7ba2130943e2c45de51299a3,0.31278028778928557,1,0
cwe399,0.1,cwe399:adv:162:ce4dfacc4ae1a815,ce4dfacc4ae1a815488e7bcc321f9ed7c2c357571897b30f7c5ae32ea3b5f437,0.8600794605457128,0,0
cwe399,0.1,cwe399:adv:163:5b62369678dce46f,5b62369678dce46f9f9a893a0850966b8b560ed86e8ed89e35f3ee93e9c44c31,0.7669076033102131,0,0
cwe399,0.1,cwe399:adv:164:eb40e2baf10a70d1,eb40e2baf10a70d118c5302fa5990b7fee1f6b9da003c75c27e8489fd96c73f5,0.3308859485587778,1,0
cwe399,0.1,cwe399:adv:165:69004c0c671c22a2,69004c0c671c22a20fd2bd0043c2104663db1c41633fe65f00c5ffaf0512f50b,0.14559101906507962,1,0
cwe399,0.1,cwe399:adv:166:ce3601d7d80043f6,ce3601d7d80043f6d883f1b59476cb561eaadc40a432f034f57e92423fd54579,0.11999767540308888,1,0
cwe399,0.1,cwe399:adv:167:fa68ed6160a88828,fa68ed6160a88828ca2fb03eeba53ab8f05175308ff9a947cb434ac1f07c2231,0.7387572556740116,0,0
cwe399,0.1,cwe399:adv:168:2c31d86b22eb86f9,2c31d86b22eb86f914bfa6fb37765e30e0ffebd20dc8ecc560ef7cfc3f7b0c6f,0.3921465479639239,1,1
cwe399,0.1,cwe399:adv:169:4e91113832dc4aa4,4e91113832dc4aa471b29b00d08c01ee6786044ecbecfaca2e0969fd2d12b064,0.16312425022762747,1,0
cwe399,0.1,cwe399:adv:170:d79151d0e1938c63,d79151d0e1938c63dde6ea0c1028bbf6dd25f73fbfd5b2cebabbd4afc325090b,0.5815063965354499,0,0
cwe399,0.1,cwe399:adv:171:07c329bfbde29d43,07c329bfbde29d43ddc0611976370e67d26750d39946770cc9b4906186411153,0.6150998717999449,0,0
cwe399,0.1,cwe399:adv:172:379566236f4bd30d,379566236f4bd30d3b214e5d2fb79ce4deaf918b74573a68911929004802c7c9,0.012065632556824562,1,0
cwe399,0.1,cwe399:adv:173:84c7b6c0f0d1587e,84c7b6c0f0d1587e45a7e7368aeb18417a531e3f1c89c55401921eb14556be08,0.12405711294760238,1,0
cwe399,0.1,cwe399:adv:174:55c1dbbd07dbef2a,55c1dbbd07dbef2a6e2297a5197d6ae0cb2d2987ab68bb9c1ff3bd9373508d75,0.22233334258746626,1,0
cwe399,0.1,cwe399:adv:175:a7f8c23f5ade063b,a7f8c23f5ade063b1652ec8f21d30a5213ee75541e38c4f288c97b567e87595e,0.5781396311177498,0,0
cwe399,0.1,cwe399:adv:176:514de3322726622c,514de3322726622c7964cfdf54670e9729e3cf92ae508231d4c9c983dfab4630,0.5533830538705863,0,0
cwe399,0.1,cwe399:adv:177:687b6bd239915e70,687b6bd239915e7048e2c3ea6fa9b7097bebc38109396643466f887441bfb51b,0.010578958673957159,1,0
cwe399,0.1,cwe399:adv:178:5192d19a4cc97878,5192d19a4cc978785eb237bb504a452429215ef287f855f30292a97f73c129f4,0.18090375666046662,1,0
cwe399,0.1,cwe399:adv:179:85d18d600633dd77,85d18d600633dd77bebec1ca5732d3ece2192aca92fd58cc460f64d48f7f87ea,0.22233334258746626,1,0
cwe399,0.1,cwe399:adv:180:945049a7a2626d24,945049a7a2626d2474ad0331022b167c2808986fa4bbbafe343d8a5276be7f05,0.47712541223167937,1,1
cwe399,0.1,cwe399:adv:181:1263f9c2d95b9db1,1263f9c2d95b9db18149aa0cfa94fb10ee57ec8058ea69ebf7e06cbfc920476e,0.3023308766899161,1,0
cwe399,0.1,cwe399:adv:182:b7edcd4f08c40854,b7edcd4f08c40854630aa7285433e768394a32908ec3caf2b3fa77c483de6c9e,0.012065632556824562,1,0
cwe399,0.1,cwe399:adv:183:65da473842e0de04,65da473842e0de04fdb300234e0e223a4797b8f435e6291e8cdb3f9af8bf8d6f,0.2094849159636359,1,0
cwe399,0.1,cwe399:adv:184:26981e2f1a89cbd1,26981e2f1a89cbd19a566939303a4805f37b338d243a3a4326b3f2931b9c8776,0.23842626282068602,1,0
cwe399,0.1,cwe399:adv:185:307e9aeed3c30e11,307e9aeed3c30e11285f235e0ab362dae26beaee7f208cddaf0369593f00e71d,0.3512507944924097,1,0
cwe399,0.1,cwe399:adv:186:b8c820e603e3cd15,b8c820e603e3cd15493e4f667bee816f9b11ba658291a476d1e0fad2ec1d48fe,0.010578958673957159,1,0
cwe399,0.1,cwe399:adv:187:a4db3fba82f3191a,a4db3fba82f3191a9f49e0486fc353afa2157d1edd9042260d6ab40e8a206d2d,0.7427758663527898,0,0
cwe399,0.1,cwe399:adv:188:386326dd6814f868,386326dd6814f868e21eae7434bec3ea8cdec178d6ad601a84f1c2422d940616,0.11204121730760497,1,0
cwe399,0.1,cwe399:adv:189:b9d3f99d48314d3a,b9d3f99d48314d3a6d7300dee554ee2543e7d6bb04e24d53a3c7c072a4d29279,0.16312425022762747,1,0
cwe399,0.1,cwe399:adv:190:74f16ea601a348f7,74f16ea601a348f7017ce77cc902cd60cc73e93db5a9d8a7ba9f4d6e25f18327,0.7883877285539606,0,0
cwe399,0.1,cwe399:adv:191:f8c9048d24a490d9,f8c9048d24a490d95cb4a4c8bd06fb4666b9dc5d6e76022c2a60abf257c5bbd8,0.6161464141864635,0,0
cwe399,0.1,cwe399:adv:192:45255474bb85aaeb,45255474bb85aaebeb1224ed393b4c988e027f44eb69e7b9c7147d517a4685bc,0.23842626282068602,1,0
cwe399,0.1,cwe399:adv:193:5e83433f355ec3cf,5e83433f355ec3cf7a8453e903cd8cf5890141f095726bd983e7a58ec63f0009,0.18090375666046662,1,0
cwe399,0.1,cwe399:adv:194:3f617d7070af58b4,3f617d7070af58b49aa2d06bc414841a0d2beb5bca47de809e75b41bcbc48c57,0.012065632556824562,1,0
cwe399,0.1,cwe399:adv:195:06ec648195c04a8f,06ec648195c04a8f1aa2ec4e43698dfae5d373b9f897262007294cb96f2e18fa,0.19107440939719084,1,0
cwe399,0.1,cwe399:adv:196:cab45e171baedb02,cab45e171baedb028fb2144d4b7e23e30c0654e7768c688c98c19b449e546139,0.2094849159636359,1,0
cwe399,0.1,cwe399:adv:197:353be453b5c9e0ec,353be453b5c9e0ec3ef8bb9f2f96f5a2835c3d31011a462520d5f25dc9b016bf,0.7680004501594343,0,0
cwe399,0.1,cwe399:adv:198:67ccf31b8f678788,67ccf31b8f678788825731dc508f194a29c16adb06a2dc4f1b60bd4674965788,0.010578958673957159,1,0
cwe399,0.1,cwe399:adv:199:b89ccadab8a0161f,b89ccadab8a0161fd082ece174777decfda1b434638bf12f7cdea295cacb4a35,0.626685628458424,0,0
cwe399,0.15,cwe399:adv:0:825261a64474a426,825261a64474a426c9afde06e780024dc8dd1b531cd1ceec46b3d991f4bf226e,0.010578958673957159,1,0
cwe399,0.15,cwe399:adv:1:4cd72e746ae52ec5,4cd72e746ae52ec586915880ab26a3aabd7131506be2999d0de29caed3d39425,0.5667065609973081,0,0
cwe399,0.15,cwe399:adv:2:5a79dc112b114d95,5a79dc112b114d9556c97ac35ff98b1e10bd9a6a0dd1a39bf0fb15600cc09304,0.29057564982859413,1,0
cwe399,0.15,cwe399:adv:3:f00c5a2bf8339c94,f00c5a2bf8339c9468f72db40e6e3ceafe91f1fe0c3491190c95e6fda311fd53,0.012065632556824562,1,0
cwe399,0.15,cwe399:adv:4:4dd10a4c9bc2e9c8,4dd10a4c9bc2e9c88e2ca46bcda3b4a1972b1fddd63a058a8c92f5efda869da7,0.31278028778928557,1,0
cwe399,0.15,cwe399:adv:5:55e2e21c62061468,55e2e21c6206146844c79a7e4bf6d3e7f3860c95d4e38c74e006ba0b040cd078,0.7460456686918306,0,0
cwe399,0.15,cwe399:adv:6:19cff4b0ca3b08a2,19cff4b0ca3b08a210867814a90e0521504d9d443953fad40f34514ec92288aa,0.16312425022762747,1,0
cwe399,0.15,cwe399:adv:7:b0528b44e33792e1,b0528b44e33792e11dd2a619b5e78a5dcfcb8cdff5afb68b7df8dbcce96a11a9,0.010578958673957159,1,0
cwe399,0.15,cwe399:adv:8:857456b374e9e9f5,857456b374e9e9f51a64de8313b44146292a658fd023907f7b8e9cb8aa7fc5da,0.39761806183348436,1,1
cwe399,0.15,cwe399:adv:9:6f30b478652fab2c,6f30b478652fab2c1f3043ae4714adcec8b361e5eef0c57d36d88e938463ba4a,0.3785782512633648,1,1
cwe399,0.15,cwe399:adv:10:b2948872b2a430fd,b2948872b2a430fd8cf93a0f97cdf9bb561c899bf67fc6b48d5f499a1e52883c,0.010578958673957159,1,0
cwe399,0.15,cwe399:adv:11:8e2ec18cf93f9c73,8e2ec18cf93f9c73feb37176bfd68e46d3aba1d47c2969d60d8279b931bb1692,0.4153762863208792,1,1
cwe399,0.15,cwe399:adv:12:fe7c963dab7d2045,fe7c963dab7d20459b06d2cf53a0fc7b34d5e88b9a786c66e3f1fe25484994d9,0.3431410229196078,1,0
cwe399,0.15,cwe399:adv:13:ad3662befcb0a44c,ad3662befcb0a44c5e104b783b29b5c9bc1306e35d6ffc00c0ec22a3075066fe,0.39935612040905666,1,1
cwe399,0.15,cwe399:adv:14:5c10b7729e49a659,5c10b7729e49a659a1ea6513569e62906a369024f3e619b160cad76b342b9f6f,0.14559101906507962,1,0
cwe399,0.15,cwe399:adv:15:0d352ef9c2aa37dc,0d352ef9c2aa37dc288fff273215f377ad262c95ae1ededd4075ed63b5023d40,0.2521332604096958,1,0
cwe399,0.15,cwe399:adv:16:f454b321b2f4ce4d,f454b321b2f4ce4daebf8e451b536626397b0b5dec7850d6b1a41f0947f17af6,0.18090375666046662,1,0
cwe399,0.15,cwe399:adv:17:d1819db886a6f955,d1819db886a6f9559b7350d88ee5842cc713c0837a1da0a43671fddc0c56654a,0.6413241905419536,0,0
cwe399,0.15,cwe399:adv:18:d1e0bdee6afc5e10,d1e0bdee6afc5e101a2389e7e7c49928d6f22daeb83847e20c4a616bc0ac1321,0.012065632556824562,1,0
cwe399,0.15,cwe399:adv:19:8e857bbcd8705a36,8e857bbcd8705a36306e2c4274712ec6535c71158dd36f32c957c66b8337f9d9,0.23842626282068602,1,0
cwe399,0.15,cwe399:adv:20:b6c025b99e630904,b6c025b99e630904d1e7189ee0d65733410b5162a9df7697318baaadb85ae8f4,0.010578958673957159,1,0
cwe399,0.15,cwe399:adv:21:26cfc40bca7ad469,26cfc40bca7ad4699f61bfb851a851cbf471cd4dc0415f60e4524704eb306bc7,0.4157846022168851,1,1
cwe399,0.15,cwe399:adv:22:5c58904922def654,5c58904922def654b9741c9ef95ad8b9006708465ce6cb87cef59e1f25e904d6,0.35900655130407105,1,0
cwe399,0.15,cwe399:adv:23:993c920033e60f98,993c920033e60f98ecbaf90ca80f086ab65a96a5b48828d8fccaa181c9b307bb,0.22233334258746626,1,0
cwe399,0.15,cwe399:adv:24:cc0aadd2791283ce,cc0aadd2791283ce2343949f29f1a0169def71836fde5a532886f676e46864f1,0.8255316788234176,0,0
cwe399,0.15,cwe399:adv:25:af1dc7b3564d73cf,af1dc7b3564d73cf0d5d03f4e0a39765fe9159ef63f18fbdca1f019d66718f85,0.010578958673957159,1,0
cwe399,0.15,cwe399:adv:26:a37de0aaffee9fbf,a37de0aaffee9fbf9239038ab2bbcbb46ce9f4a4cb03803b9d8a6c46a5a88206,0.7926503557285404,0,0
cwe399,0.15,cwe399:adv:27:a701f9b1a31d5888,a701f9b1a31d5888ad11cf1f38a85f567c1dd1d1deb2aa5e425bd67766b6aa86,0.6019855648002168,0,0
cwe399,0.15,cwe399:adv:28:5d9a7dc9bd522472,5d9a7dc9bd522472dcad79a7e4f5004071d5389fd438b9b243622c3c2eb82842,0.010578958673957159,1,0
cwe399,0.15,cwe399:adv:29:2ba3b9f3b259a1ec,2ba3b9f3b259a1ec7ce318ab716a2f43de82edd9939214e784c43c263f3d0269,0.7914705536173651,0,0
cwe399,0.15,cwe399:adv:30:9acc28392eae2369,9acc28392eae2369a26872d1a69be0c5bd65d7a6ee6f2821cdaf91efce50d882,0.8449786292589611,0,0
cwe399,0.15,cwe399:adv:31:f568e5c676b96f38,f568e5c676b96f386dcb8262ff65917e17231aae2db65359fa932dc277ad59da,0.22233334258746626,1,0
cwe399,0.15,cwe399:adv:32:7afb7b89d52e4370,7afb7b89d52e4370fbd79e4c783f1cbc2d57d0c9f421c6cfd449224738e21423,0.8136120711284693,0,0
cwe399,0.15,cwe399:adv:33:eaf1ea2786561fe4,eaf1ea2786561fe47dd89583b883e3f7ae8610e3635aca8cd69ccde903e438dd,0.18090375666046662,1,0
cwe399,0.15,cwe399:adv:34:984ab4a7f86f3998,984ab4a7f86f39983112f9575e6f481ffb695354aa62a1c4173f7dfc807938a8,0.1517930004132925,1,0
cwe399,0.15,cwe399:adv:35:5cc50275ea65bf62,5cc50275ea65bf624fc72bfb97478aa496b7e676f9993835eb392e5703d897c1,0.2993642113878651,1,0
cwe399,0.15,cwe399:adv:36:07484a1b220905ac,07484a1b220905acc3d486da9ab823b8de13ac8e511ad183267c4ec07e4c33ba,0.8011473011620396,0,0
cwe399,0.15,cwe399:adv:37:2e71be0ea331506f,2e71be0ea331506fa692f696b4a5b4b3986ef980fa22c4852cd1be0e87e1d591,0.18550445325598586,1,0
cwe399,0.15,cwe399:adv:38:435775cc9b332968,435775cc9b33296845109bad81d66f7456dd7e0dace0db920126fffc76b17263,0.2094849159636359,1,0
cwe399,0.15,cwe399:adv:39:04928c410524e2b7,04928c410524e2b746d7bb330ae413400b2bcee8a87b79bddc399c7478c023da,0.6429708771576909,0,0
cwe399,0.15,cwe399:adv:40:28181416e901eedc,28181416e901eedc91e48ffe3ac3d030f07e1b88ddc860e90abb5de24baaccb5,0.8610531816386606,0,0
cwe399,0.15,cwe399:adv:41:f653a56097702a54,f653a56097702a542d9bdc4d69016ffb7f434d0ac0dbfd3c819b178ed6924855,0.18090375666046662,1,0
cwe399,0.15,cwe399:adv:42:cdc7838e41a57a25,cdc7838e41a57a2575b0c29b95f004bc2c9983b2ae773d286f41c1f352824b34,0.84505974875899,0,0
cwe399,0.15,cwe399:adv:43:30a50507d1673cf0,30a50507d1673cf027798c63f4e72b3224705010083ead602e799bedc6fccfa1,0.013240034092056248,1,0
cwe399,0.15,cwe399:adv:44:30c52ca5f87dd7f3,30c52ca5f87dd7f3e78acc99efa83e6346e4236074b335892aa25d9d1f4a46be,0.18090375666046662,1,0
cwe399,0.15,cwe399:adv:45:68cc71d4616de0ac,68cc71d4616de0ac0acce256a2c7ad35609a99328b8d67c9fc6e128fde134f4b,0.18090375666046662,1,0
cwe399,0.15,cwe399:adv:46:b063a3519ed18fe0,b063a3519ed18fe0d8f470bc375377ebc7ff24185007900d770503b2dfd39d6b,0.2094849159636359,1,0
cwe399,0.15,cwe399:adv:47:4e3011b7ab6a35fe,4e3011b7ab6a35fed300ad6f98737707fb8f6f5b024f77b37b88ddfbf1411af0,0.11304928323875961,1,0
cwe399,0.15,cwe399:adv:48:ac3973eacecbc296,ac3973eacecbc2968b1ef01b4d86320a53ce7cdfe767bc66364ec904744adaa0,0.8011560960473727,0,0
cwe399,0.15,cwe399:adv:49:b0b31dd7bdb974e7,b0b31dd7bdb974e7ae00596b6e2fac68b894b6417109ba451b9f7dff372590c8,0.5718545365857961,0,0
cwe399,0.15,cwe399:adv:50:2f7296dc2e073673,2f7296dc2e07367377d147e2f600d6b8f01fc34a36ffc7831afea0e5b47045b6,0.18090375666046662,1,0
cwe399,0.15,cwe399:adv:51:d3b79280fd30b53f,d3b79280fd30b53f824d7a1290c2fdd5848a0438de83e62ba9ada0d495e001d9,0.3039421096328208,1,0
cwe399,0.15,cwe399:adv:52:367812cbb57e29dc,367812cbb57e29dcd8c1b4e9c0b7dbd3f0c5b840e53747a4aeb22156993c7638,0.39935612040905666,1,1
cwe399,0.15,cwe399:adv:53:cb1d217084264afb,cb1d217084264afb1d72d44546a1a95f961ba315836de17431a9f85b729c73f0,0.15817799195452592,1,0
cwe399,0.15,cwe399:adv:54:8b53802430ef2008,8b53802430ef2008728b6d38f140c34073c09977b3caa30bee6bcbb84d34803c,0.4010674308289733,1,1
cwe399,0.15,cwe399:adv:55:5d94ffea7827032d,5d94ffea7827032de14856359c271eb4156aaaa98861d92034faa05f6dccc933,0.22233334258746626,1,0
cwe399,0.15,cwe399:adv:56:f094976f427a6d4a,f094976f427a6d4a4beb250a9f0458158e0215b932efd0a1300b26e56bcc8be9,0.31278028778928557,1,0
cwe399,0.15,cwe399:adv:57:a6bff97d3aa52d2e,a6bff97d3aa52d2edae8faae7d21722821fc7920c71cc6ece97410b74968a3b3,0.11304928323875961,1,0
cwe399,0.15,cwe399:adv:58:585f8608bda8be16,585f8608bda8be16522c5aebe3e7a422e2ad7007dff19cc069b3a50bcd4a49d1,0.18090375666046662,1,0
cwe399,0.15,cwe399:adv:59:d481fbc1093a5455,d481fbc1093a5455483857f45bd01e2044db9e254891f2f9103bc7bf0fb7bc70,0.40120919539629546,1,1
cwe399,0.15,cwe399:adv:60:874fd504d340cb7e,874fd504d340cb7e657847c28a88773b1f63fc4cd26bfeacd6e145298a37ec4e,0.3158851331924892,1,0
cwe399,0.15,cwe399:adv:61:6895432da3ab9d9a,6895432da3ab9d9a5771ca6bafc39dc3a0cfa37f5ddf60f824d90702136708eb,0.2988552908989247,1,0
cwe399,0.15,cwe399:adv:62:67f64a457fd2dae1,67f64a457fd2dae18213985269ff02ee25de0154bb77d95ead3be4fbeab8deb7,0.8592970343284034,0,0
cwe399,0.15,cwe399:adv:63:108a88b83f3beeff,108a88b83f3beeff3d5bf92947d9ce7b8da0e7b2156f570b6b97fa8fed603151,0.012065632556824562,1,0
cwe399,0.15,cwe399:adv:64:9d05889e536b38a9,9d05889e536b38a97c7cc54593288ef870f5df6a3ab6be8ee58c7cfd157fc689,0.11782116888882634,1,0
cwe399,0.15,cwe399:adv:65:13984cfe1c70692a,13984cfe1c70692a3a341547046a40064034046dcedc440a0fa23211f8ab6090,0.8258729629608944,0,0
cwe399,0.15,cwe399:adv:66:a77ffa1cc3336dd0,a77ffa1cc3336dd061b1d657947c5bdb8df7a9f00802c3b5a859aa22ade89b6d,0.21125515407287174,1,0
cwe399,0.15,cwe399:adv:67:ab28c6cedf1837c5,ab28c6cedf1837c5e1a85388222672dd4a673e2b7df51222a671977a428af932,0.8334463192978098,0,0
cwe399,0.15,cwe399:adv:68:80803f73fc88bd6a,80803f73fc88bd6a7b3ea4768e5da9c7b2d8c4c434977d1305b8685b14fb8809,0.2791141730657569,1,0
cwe399,0.15,cwe399:adv:69:583a2284f2e284bb,583a2284f2e284bbd71d990fc5cc3c6cf7ba7f9949850380ba522e13fbde4f3f,0.22233334258746626,1,0
cwe399,0.15,cwe399:adv:70:f2246180922e1205,f2246180922e120590c6d3923e394d521da3e39dd37f536e0fc6d1124af940b9,0.5655254979906382,0,0
cwe399,0.15,cwe399:adv:71:5dbf3a931350c24f,5dbf3a931350c24fc463b2d568f95be9e0456d5e2f13f4f478a67745f76feaac,0.18550445325598586,1,0
cwe399,0.15,cwe399:adv:72:dcae8bf3f9927ee9,dcae8bf3f9927ee9b5d05f0ebcc082a860b202745b1aa118280b86102089547c,0.2094849159636359,1,0
cwe399,0.15,cwe399:adv:73:81cbb3256a67e48c,81cbb3256a67e48c3fc9e1b82f0a456925898ac07e561ac86fd13da9c1924478,0.5624673839859772,0,0
cwe399,0.15,cwe399:adv:74:bbf7f36732d82feb,bbf7f36732d82feb33bff0937bc2c1ce5a9a639ab0c83c9d4fcbed7d5c6c052e,0.4299071652926548,1,1
cwe399,0.15,cwe399:adv:75:859837a4cee07139,859837a4cee07139b04806572c4178e9f13809491fe7809fb200683eef8b6c93,0.11670370469214907,1,0
cwe399,0.15,cwe399:adv:76:f69d7b438df5067c,f69d7b438df5067cc4acf7fae0fb08b52dea40b0791c9b476ecb5d3287cf38ce,0.5044591819795186,0,0
cwe399,0.15,cwe399:adv:77:2043c3d018a5f32d,2043c3d018a5f32d3c2ed4905e7ca567901e6888d7193edd8f2ee57b191a9d97,0.14864487890788058,1,0
cwe399,0.15,cwe399:adv:78:78de37f1d7a54944,78de37f1d7a54944ed6c8a0cab95274d1e9358bf78e1a4b5baf2ae9649c7a875,0.1522872761042764,1,0
cwe399,0.15,cwe399:adv:79:4b85bc67cd57ecab,4b85bc67cd57ecab910b4582c228e57bb100bd31e5bb022200bcc1cfb1f13087,0.2094849159636359,1,0
cwe399,0.15,cwe399:adv:80:94ca9698847c14a9,94ca9698847c14a9e811f3e2cf1a2c593d0781143e413f1e3583c884ecb6c06b,0.14559101906507962,1,0
cwe399,0.15,cwe399:adv:81:7450413b7893e687,7450413b7893e687835d966057c026157e1cc982f8637632a0b2e909b72596ac,0.22233334258746626,1,0
cwe399,0.15,cwe399:adv:82:9a8afd7f2ebd0d15,9a8afd7f2ebd0d15ef37ce988fbff53e04a03a890fab71361be7de3a1e8f7758,0.010578958673957159,1,0
cwe399,0.15,cwe399:adv:83:29aa217cc4ee2c49,29aa217cc4ee2c4903e839c5f183d5634ee2304ab41e91c0222375038966e7c6,0.8450595553920902,0,0
cwe399,0.15,cwe399:adv:84:58f578cde8030657,58f578cde80306572ef65084de99b38b939dbbe4af1890f33f1321807d8f3fda,0.15817799195452592,1,0
cwe399,0.15,cwe399:adv:85:2c5d896b3033fc51,2c5d896b3033fc511aaa5d1003c16bfcd99e58902f837b06e53ce5acb30571ef,0.40120919539629546,1,1
cwe399,0.15,cwe399:adv:86:8263e1178a36ed9e,8263e1178a36ed9e536965688339b5d7826d0d8f60be48b51f427c39c7ebf5a4,0.11304928323875961,1,0
cwe399,0.15,cwe399:adv:87:21c8e6280486d23f,21c8e6280486d23f5d41e3f13238c8b722e725788afd3a2711b221c7e7ba6d60,0.11969348477792838,1,0
cwe399,0.15,cwe399:adv:88:e3e64f629e49a65c,e3e64f629e49a65c8057ae6e09748ebc398f307fc3eaacc6047d4f6a110c1428,0.44399481119485074,1,1
cwe399,0.15,cwe399:adv:89:572b6271de913a7a,572b6271de913a7a7d2e16405a63fbbdc502365101baa1de14c9f82f093b7997,0.22233334258746626,1,0
cwe399,0.15,cwe399:adv:90:5c1b1d6f350b5627,5c1b1d6f350b5627d8f110f6df077ecc04504a4e7f47bc5c50a4c8e318bab381,0.16991491693707386,1,0
cwe399,0.15,cwe399:adv:91:569ab93244a96671,569ab93244a966717cfeed5521df555adcd3d985343c7913505a1afd953af0db,0.38756140899120817,1,1
cwe399,0.15,cwe399:adv:92:37fba94415cb71d7,37fba94415cb71d7c7cb3b4073bf9321b3425e6669709e43675e1b1ea68df0d2,0.1461291863377175,1,0
cwe399,0.15,cwe399:adv:93:159e82ee0c83bab7,159e82ee0c83bab7d5988fda48d45149d583755faabfab3d27200d41cf574e72,0.6083774831626966,0,0
cwe399,0.15,cwe399:adv:94:78aa181f521e5238,78aa181f521e5238ab1e7909cc5531e1f490fa82bc325f6a2112186f3f495366,0.13657753602323416,1,0
cwe399,0.15,cwe399:adv:95:999cfeff5378450e,999cfeff5378450ee29ce30a04269c644de3d30293dc6043ce62182bd8f8cacc,0.2094849159636359,1,0
cwe399,0.15,cwe399:adv:96:5a6591f5d6a3089b,5a6591f5d6a3089b3c7e3355849dd86f88dc2e581a47c4edd3841c949364bed8,0.7984877135825479,0,0
cwe399,0.15,cwe399:adv:97:0f85a072bc483dcb,0f85a072bc483dcb8b4a79b188c722c68912c349790c79dd3614c04466e38d72,0.010578958673957159,1,0
cwe399,0.15,cwe399:adv:98:1637a8ff03c67712,1637a8ff03c67712a66111f70256fb94acbc4a3ceea7731b729eb55af565e9f0,0.5663445677821438,0,0
cwe399,0.15,cwe399:adv:99:f24752c6ff8f333a,f24752c6ff8f333a76a554a2219dc2cea65bd16943269eb2bbbee2dc5ec453ce,0.013240034092056248,1,0
cwe399,0.15,cwe399:adv:100:df57ca9793a3f23b,df57ca9793a3f23b4d20d21fc98d644c7c1330cb062672b36d0c3fb26fcf449c,0.3785782512633648,1,1
cwe399,0.15,cwe399:adv:101:4d233e98c44608b9,4d233e98c44608b9a564b5fa9125e2edbd1decf0cffd8e5f91d074af6d1f2023,0.010578958673957159,1,0
cwe399,0.15,cwe399:adv:102:09c222240bc6ff15,09c222240bc6ff15f836b3fa6b42bed713bff9fbb3a144334bd84fb342077de1,0.09605994137451339,1,0
cwe399,0.15,cwe399:adv:103:223c64da46f19d86,223c64da46f19d86fa05ba15ef143e34e64ca888d1c88775f8bed40e828954c8,0.840041288336523,0,0
cwe399,0.15,cwe399:adv:104:26111c4f499cd9ee,26111c4f499cd9eee1aa923ab0bcfe01c0b56970b9b93afc777b76fff5eae7ca,0.20276372515337412,1,0
cwe399,0.15,cwe399:adv:105:fa3abd9c4c2c5113,fa3abd9c4c2c5113e08beb5774eeef93ada576d065d49d8d23b4b120e655799e,0.012065632556824562,1,0
cwe399,0.15,cwe399:adv:106:6c7cb55391cb132c,6c7cb55391cb132c99eb89f9fa328f84dbc9d3ed6c5300b4540134510573b70d,0.21068858242512112,1,0
cwe399,0.15,cwe399:adv:107:1283798a20bcdbf7,1283798a20bcdbf740ad69f4bc5026b13caff9432d92347d2d28d642b76e3b3c,0.5542660687894199,0,0
cwe399,0.15,cwe399:adv:108:ed491397a8a653a7,ed491397a8a653a76a961b889bc4b27193986d37ab62c6a5e3ee751c8d660da5,0.21125515407287174,1,0
cwe399,0.15,cwe399:adv:109:4ccc40c52c765d87,4ccc40c52c765d8754139372add41f012d92ee90afd6a14c7e7d95d465a36372,0.6150998717999449,0,0
cwe399,0.15,cwe399:adv:110:ea2356957f6d561c,ea2356957f6d561cbf7526f6860967b0ec63b31d9e05090b679ef4fa623985f5,0.7895576673295387,0,0
cwe399,0.15,cwe399:adv:111:140b565448cf5465,140b565448cf5465f3daf71a18ff8812cca56b1092c9fc57d13d85cb3936b017,0.21234248003845646,1,0
cwe399,0.15,cwe399:adv:112:e5de6f35e86611ac,e5de6f35e86611ac098a589404a4f8a71be3baa7532f8725a4bbc542f35ed49b,0.8143723615282361,0,0
cwe399,0.15,cwe399:adv:113:8121da5fe4a332cc,8121da5fe4a332cc6e99dffa5256bdc08236410e6eb4941e4c586cde581e8f27,0.010578958673957159,1,0
cwe399,0.15,cwe399:adv:114:44c657bb0e4e79d8,44c657bb0e4e79d8b1d6ccab9542c073a199c1ca4545865b492320e5b9e3bb0d,0.8745176184945567,0,0
cwe399,0.15,cwe399:adv:115:15f05216852fb6ef,15f05216852fb6ef0ee48f204b2a742e0bb26f676b205ea3bd6ef0e870f44eea,0.8177438200649506,0,0
cwe399,0.15,cwe399:adv:116:56df294b39df0d90,56df294b39df0d904a3a4d7c509994c326779ae0b6f923a28a17cbc0063d2209,0.11782116888882634,1,0
cwe399,0.15,cwe399:adv:117:0f00945c30e46aea,0f00945c30e46aeaab6ec153dbe1d5fe87d5c5bec73c4234d88784f379b6f710,0.3431410229196078,1,0
cwe399,0.15,cwe399:adv:118:888054942a6fed13,888054942a6fed1328af8669d508f31401dc329a8e0cd8a3c02111439901c682,0.8326796409053362,0,0
cwe399,0.15,cwe399:adv:119:b22e6307e51d3243,b22e6307e51d324382bb4a554697de55c53e584127bd0b3aa6de8af8b074210b,0.012065632556824562,1,0
cwe399,0.15,cwe399:adv:120:5fb7da4f43a33a36,5fb7da4f43a33a36ace1ba380e1b31c0993c3db0bc9d1af3bed762835f78c3a8,0.30505594314251805,1,0
cwe399,0.15,cwe399:adv:121:c5cfdc2f53eb6c2a,c5cfdc2f53eb6c2a62162c6ebb0b1e0a7c951201b99a149f2978437fa715d675,0.2580919858930523,1,0
cwe399,0.15,cwe399:adv:122:757538319c5dba30,757538319c5dba3026dc1a203f1a56c27386d1d6c7b25940600a3ae63a471b61,0.11969348477792838,1,0
cwe399,0.15,cwe399:adv:123:0f8892b2176e1fdb,0f8892b2176e1fdbca3d977e4c05700487957ada8fc04d7f1e6bc6948e653999,0.8061135143992224,0,0
cwe399,0.15,cwe399:adv:124:997fd88f5ede8df1,997fd88f5ede8df1d19c1c6dcf034753301f67995f894c760e790b4a950ecb5c,0.14481356897896341,1,0
cwe399,0.15,cwe399:adv:125:0a8b658b6589752f,0a8b658b6589752f5677e714f1a8af34c66c87c3ed67f075bf485c538db2830e,0.010578958673957159,1,0
cwe399,0.15,cwe399:adv:126:c2603be7fad073dc,c2603be7fad073dce01ef98a7bd6d7b3d5772beda9ad1c94aae6a4fae0b4edf3,0.5718545365857961,0,0
cwe399,0.15,cwe399:adv:127:8e74be30fe47a6af,8e74be30fe47a6af3a0ad25ea1cd206d4cd3ff430471129d0c704b7ad31400fb,0.56267619996534,0,0
cwe399,0.15,cwe399:adv:128:311ab74387b6e9a7,311ab74387b6e9a7a90b6fc1d003d84bfc614dc30ffb2836491f2088f0a22472,0.7752949927513721,0,0
cwe399,0.15,cwe399:adv:129:29e8b1525dcb49f8,29e8b1525dcb49f8952ea0252242227a76a6d4a37f16a14ec450ae27618fe74e,0.6265580604202263,0,0
cwe399,0.15,cwe399:adv:130:835e8322ab163d21,835e8322ab163d21cac805dc623c0a32b6fb795dc1100995049ce16ed3e1e010,0.013240034092056248,1,0
cwe399,0.15,cwe399:adv:131:1759b3c00e88842e,1759b3c00e88842e262ce08fbe8b2e618eeb489b2151d3ac096114f925ef058c,0.010578958673957159,1,0
cwe399,0.15,cwe399:adv:132:24323bd4b49373a7,24323bd4b49373a72a00cb7ea2efd585d0d15e3fac2b9536e9a612e0d630cd03,0.37490421452448447,1,1
cwe399,0.15,cwe399:adv:133:592b2834fdf4df5e,592b2834fdf4df5ed93c2698e94c6c1bd9f46a54f7df126fc75f66bec4b31b9e,0.012065632556824562,1,0
cwe399,0.15,cwe399:adv:134:821bba566219ebb4,821bba566219ebb4ac50a97023c3ae5c0d259b0beee8a12846396073f4970ad9,0.18090375666046662,1,0
cwe399,0.15,cwe399:adv:135:125e2e202b49184d,125e2e202b49184dc2d1624bc003885715055febb3dd916401fc388f1afc05bd,0.8267146889142052,0,0
cwe399,0.15,cwe399:adv:136:12882908c5e527b4,12882908c5e527b41e21c6ebf227fac8d8a41b10e4b8a65cd086a489d91d4647,0.010578958673957159,1,0
cwe399,0.15,cwe399:adv:137:6e0b4b2e4fb793f8,6e0b4b2e4fb793f84b6867cf022c873df7f7c35005e0ddc7bb9dba3cc5016299,0.18090375666046662,1,0
cwe399,0.15,cwe399:adv:138:bc6f5ae2789fe9f3,bc6f5ae2789fe9f36f380e215f567bfd2f4c3a3e33e312f50bd060aada7d65ab,0.845837944142723,0,0
cwe399,0.15,cwe399:adv:139:8ff245d9f6381022,8ff245d9f6381022f5786b502a21f1a70887d510ca1b7dbf0a58c3320d782bf7,0.010578958673957159,1,0
cwe399,0.15,cwe399:adv:140:211867a60f7caf11,211867a60f7caf11e3085bc7f26a675681896042196779fdb74c7fc125e1f429,0.6081771133259335,0,0
cwe399,0.15,cwe399:adv:141:bd719e4d5e4bf975,bd719e4d5e4bf975b5dca55f32b6bc43578792642dcf51e607d278f951ea02f7,0.22233334258746626,1,0
cwe399,0.15,cwe399:adv:142:7130de2185ada6fc,7130de2185ada6fc33bce1089924ebebc60b3488b5d26af9e3d076d89c583c7b,0.23842626282068602,1,0
cwe399,0.15,cwe399:adv:143:f0a7b7bd2166cefe,f0a7b7bd2166cefe90232c424c18b64e57d307a50fd9594b1a4a7ab96482d164,0.826396947815055,0,0
cwe399,0.15,cwe399:adv:144:23bf7d431fe4a9a2,23bf7d431fe4a9a2bc11dd3754e642b83468d5ae815975d4e84da349cfcf045d,0.8579631286406392,0,0
cwe399,0.15,cwe399:adv:145:b512021531a2eb6c,b512021531a2eb6c90dac291251ae08a25e760aea345848da824ded4cff04e7e,0.18090375666046662,1,0
cwe399,0.15,cwe399:adv:146:96b9d03906c547b7,96b9d03906c547b791b8138c16842e97d7b3761123dd43825cc8a5c303d0caa4,0.19674766005067343,1,0
cwe399,0.15,cwe399:adv:147:2ab0130be0d7205b,2ab0130be0d7205b8c38befd6cf2f84f93e2e10deb655a3f650d701db9a0505e,0.29057564982859413,1,0
cwe399,0.15,cwe399:adv:148:2b1bb26768396aa6,2b1bb26768396aa6ce872049e9d6c23f563b9ab7d01136c98bda20e08879f4ec,0.23842626282068602,1,0
cwe399,0.15,cwe399:adv:149:eb39419d0afbebd8,eb39419d0afbebd8bad7a1462f7f54d047a5b2a19157a4642acb76f9b451095c,0.21125515407287174,1,0
cwe399,0.15,cwe399:adv:150:27beb91aba846e7e,27beb91aba846e7e1433277d50e7e82a865d55b72e472e44de3948dcb59e86c3,0.39935612040905666,1,1
cwe399,0.15,cwe399:adv:151:6dcf5c00e6ee7e04,6dcf5c00e6ee7e040010e726eb81b823da1c158e1f35d656cfaa9e5382cf14a8,0.814723034198394,0,0
cwe399,0.15,cwe399:adv:152:8999c7cefa4f6cb1,8999c7cefa4f6cb1ba346d22f6a99308c70e9d62cf6cf4a72b2dbb4bd35503e2,0.010578958673957159,1,0
cwe399,0.15,cwe399:adv:153:9a403ede17dcc6ec,9a403ede17dcc6ecd19f9737d84d2db07abec70766824710e538b96d51faf713,0.13218190612052386,1,0
cwe399,0.15,cwe399:adv:154:56422179c58e2dee,56422179c58e2dee746376c2b19fd63825f506a4419672f4b0c8fb53f92a2e43,0.8466090741974125,0,0
cwe399,0.15,cwe399:adv:155:645b1f6a4c7da45c,645b1f6a4c7da45c245ebccb953d93a811677ba7b0c4c052a35d67211ee3c65e,0.7790094431990447,0,0
cwe399,0.15,cwe399:adv:156:97408a95a2279724,97408a95a227972441ca3a718db938ce565f584e41bbf3bbdfc84dfaf93fa92b,0.012065632556824562,1,0
cwe399,0.15,cwe399:adv:157:6ffdc0e2f0e6f99c,6ffdc0e2f0e6f99c688ccbbb23ea05ae2abd6297ebcd8ccc82b8d1020d55aeaa,0.11969348477792838,1,0
cwe399,0.15,cwe399:adv:158:69fe4848eb938a37,69fe4848eb938a3758041c886428ef629bdb49c4ed1b9146f84c690709eb7447,0.012065632556824562,1,0
cwe399,0.15,cwe399:adv:159:48e3a6742e682ac9,48e3a6742e682ac972c5f79f38d05f59b72c998711e0db5b9ff14ae8e5a0d289,0.6150998717999449,0,0
cwe399,0.15,cwe399:adv:160:a77478cc063a19f6,a77478cc063a19f66d9549cb336de24f4c6a1c819983b4788267c78fd5ff7e58,0.5911295149031801,0,0
cwe399,0.15,cwe399:adv:161:3139165dc0e7fd3a,3139165dc0e7fd3a8daddf6e93137b7f4c522c5c7ba2130943e2c45de51299a3,0.31278028778928557,1,0
cwe399,0.15,cwe399:adv:162:ce4dfacc4ae1a815,ce4dfacc4ae1a815488e7bcc321f9ed7c2c357571897b30f7c5ae32ea3b5f437,0.8600794605457128,0,0
cwe399,0.15,cwe399:adv:163:5b62369678dce46f,5b62369678dce46f9f9a893a0850966b8b560ed86e8ed89e35f3ee93e9c44c31,0.7669076033102131,0,0
cwe399,0.15,cwe399:adv:164:eb40e2baf10a70d1,eb40e2baf10a70d118c5302fa5990b7fee1f6b9da003c75c27e8489fd96c73f5,0.3308859485587778,1,0
cwe399,0.15,cwe399:adv:165:69004c0c671c22a2,69004c0c671c22a20fd2bd0043c2104663db1c41633fe65f00c5ffaf0512f50b,0.14559101906507962,1,0
cwe399,0.15,cwe399:adv:166:ce3601d7d80043f6,ce3601d7d80043f6d883f1b59476cb561eaadc40a432f034f57e92423fd54579,0.11999767540308888,1,0
cwe399,0.15,cwe399:adv:167:fa68ed6160a88828,fa68ed6160a88828ca2fb03eeba53ab8f05175308ff9a947cb434ac1f07c2231,0.7387572556740116,0,0
cwe399,0.15,cwe399:adv:168:2c31d86b22eb86f9,2c31d86b22eb86f914bfa6fb37765e30e0ffebd20dc8ecc560ef7cfc3f7b0c6f,0.3921465479639239,1,1
cwe399,0.15,cwe399:adv:169:4e91113832dc4aa4,4e91113832dc4aa471b29b00d08c01ee6786044ecbecfaca2e0969fd2d12b064,0.16312425022762747,1,0
cwe399,0.15,cwe399:adv:170:d79151d0e1938c63,d79151d0e1938c63dde6ea0c1028bbf6dd25f73fbfd5b2cebabbd4afc325090b,0.5815063965354499,0,0
cwe399,0.15,cwe399:adv:171:07c329bfbde29d43,07c329bfbde29d43ddc0611976370e67d26750d39946770cc9b4906186411153,0.6150998717999449,0,0
cwe399,0.15,cwe399:adv:172:379566236f4bd30d,379566236f4bd30d3b214e5d2fb79ce4deaf918b74573a68911929004802c7c9,0.012065632556824562,1,0
cwe399,0.15,cwe399:adv:173:84c7b6c0f0d1587e,84c7b6c0f0d1587e45a7e7368aeb18417a531e3f1c89c55401921eb14556be08,0.12405711294760238,1,0
cwe399,0.15,cwe399:adv:174:55c1dbbd07dbef2a,55c1dbbd07dbef2a6e2297a5197d6ae0cb2d2987ab68bb9c1ff3bd9373508d75,0.22233334258746626,1,0
cwe399,0.15,cwe399:adv:175:a7f8c23f5ade063b,a7f8c23f5ade063b1652ec8f21d30a5213ee75541e38c4f288c97b567e87595e,0.5781396311177498,0,0
cwe399,0.15,cwe399:adv:176:514de3322726622c,514de3322726622c7964cfdf54670e9729e3cf92ae508231d4c9c983dfab4630,0.5533830538705863,0,0
cwe399,0.15,cwe399:adv:177:687b6bd239915e70,687b6bd239915e7048e2c3ea6fa9b7097bebc38109396643466f887441bfb51b,0.010578958673957159,1,0
cwe399,0.15,cwe399:adv:178:5192d19a4cc97878,5192d19a4cc978785eb237bb504a452429215ef287f855f30292a97f73c129f4,0.18090375666046662,1,0
cwe399,0.15,cwe399:adv:179:85d18d600633dd77,85d18d600633dd77bebec1ca5732d3ece2192aca92fd58cc460f64d48f7f87ea,0.22233334258746626,1,0
cwe399,0.15,cwe399:adv:180:945049a7a2626d24,945049a7a2626d2474ad0331022b167c2808986fa4bbbafe343d8a5276be7f05,0.47712541223167937,1,1
cwe399,0.15,cwe399:adv:181:1263f9c2d95b9db1,1263f9c2d95b9db18149aa0cfa94fb10ee57ec8058ea69ebf7e06cbfc920476e,0.3023308766899161,1,0
cwe399,0.15,cwe399:adv:182:b7edcd4f08c40854,b7edcd4f08c40854630aa7285433e768394a32908ec3caf2b3fa77c483de6c9e,0.012065632556824562,1,0
cwe399,0.15,cwe399:adv:183:65da473842e0de04,65da473842e0de04fdb300234e0e223a4797b8f435e6291e8cdb3f9af8bf8d6f,0.2094849159636359,1,0
cwe399,0.15,cwe399:adv:184:26981e2f1a89cbd1,26981e2f1a89cbd19a566939303a4805f37b338d243a3a4326b3f2931b9c8776,0.23842626282068602,1,0
cwe399,0.15,cwe399:adv:185:307e9aeed3c30e11,307e9aeed3c30e11285f235e0ab362dae26beaee7f208cddaf0369593f00e71d,0.3512507944924097,1,0
cwe399,0.15,cwe399:adv:186:b8c820e603e3cd15,b8c820e603e3cd15493e4f667bee816f9b11ba658291a476d1e0fad2ec1d48fe,0.010578958673957159,1,0
cwe399,0.15,cwe399:adv:187:a4db3fba82f3191a,a4db3fba82f3191a9f49e0486fc353afa2157d1edd9042260d6ab40e8a206d2d,0.7427758663527898,0,0
cwe399,0.15,cwe399:adv:188:386326dd6814f868,386326dd6814f868e21eae7434bec3ea8cdec178d6ad601a84f1c2422d940616,0.11204121730760497,1,0
cwe399,0.15,cwe399:adv:189:b9d3f99d48314d3a,b9d3f99d48314d3a6d7300dee554ee2543e7d6bb04e24d53a3c7c072a4d29279,0.16312425022762747,1,0
cwe399,0.15,cwe399:adv:190:74f16ea601a348f7,74f16ea601a348f7017ce77cc902cd60cc73e93db5a9d8a7ba9f4d6e25f18327,0.7883877285539606,0,0
cwe399,0.15,cwe399:adv:191:f8c9048d24a490d9,f8c9048d24a490d95cb4a4c8bd06fb4666b9dc5d6e76022c2a60abf257c5bbd8,0.6161464141864635,0,0
cwe399,0.15,cwe399:adv:192:45255474bb85aaeb,45255474bb85aaebeb1224ed393b4c988e027f44eb69e7b9c7147d517a4685bc,0.23842626282068602,1,0
cwe399,0.15,cwe399:adv:193:5e83433f355ec3cf,5e83433f355ec3cf7a8453e903cd8cf5890141f095726bd983e7a58ec63f0009,0.18090375666046662,1,0
cwe399,0.15,cwe399:adv:194:3f617d7070af58b4,3f617d7070af58b49aa2d06bc414841a0d2beb5bca47de809e75b41bcbc48c57,0.012065632556824562,1,0
cwe399,0.15,cwe399:adv:195:06ec648195c04a8f,06ec648195c04a8f1aa2ec4e43698dfae5d373b9f897262007294cb96f2e18fa,0.19107440939719084,1,0
cwe399,0.15,cwe399:adv:196:cab45e171baedb02,cab45e171baedb028fb2144d4b7e23e30c0654e7768c688c98c19b449e546139,0.2094849159636359,1,0
cwe399,0.15,cwe399:adv:197:353be453b5c9e0ec,353be453b5c9e0ec3ef8bb9f2f96f5a2835c3d31011a462520d5f25dc9b016bf,0.7680004501594343,0,0
cwe399,0.15,cwe399:adv:198:67ccf31b8f678788,67ccf31b8f678788825731dc508f194a29c16adb06a2dc4f1b60bd4674965788,0.010578958673957159,1,0
cwe399,0.15,cwe399:adv:199:b89ccadab8a0161f,b89ccadab8a0161fd082ece174777decfda1b434638bf12f7cdea295cacb4a35,0.626685628458424,0,0
